time,place,mag,depth,lon,lat,type,alert,tsunami,status,id,hour,month,day_of_week,tsl,hazard_label,target,zone,norm_mag,norm_depth,risk_score
2024-09-18 20:29:30.447,southeast of the Loyalty Islands,4.5,9.895,171.5682,-22.7381,earthquake,,0,reviewed,",us6000ntb9,",20,9,2,5.3269705555555555,MEDIUM,1,0,0.45,0.9858642857142857,6.207592857142857
2022-07-12 03:03:18.275,"141 km SSW of Gataivai, Samoa",4.8,10.0,-172.6803,-15.0184,earthquake,,0,reviewed,",us6000i1qq,",3,7,1,0.1859288888888889,MEDIUM,1,1,0.48,0.9857142857142858,6.357142857142857
2021-08-15 15:48:24.274,"128 km NNE of Calama, Chile",4.5,105.21,-68.667,-21.3178,earthquake,,0,reviewed,",us6000f6m7,",15,8,6,0.7386091666666666,MEDIUM,1,0,0.45,0.8497,5.799099999999999
2015-07-29 23:41:40.420,"128 km ENE of Rainbow Beach, Australia",5.5,9.0,154.2281,-25.3727,earthquake,green,0,reviewed,",us10002w8v,gcmt20150729234140,iscgem611836317,",23,7,2,1.6790583333333333,MEDIUM,1,0,0.55,0.9871428571428571,6.711428571428572
2023-08-31 10:29:28.866,"19 km NE of Naisano Dua, Indonesia",5.4,47.151,123.9031,-9.4768,earthquake,green,0,reviewed,",us7000ksbc,usauto7000ksbc,pt23243000,",10,8,3,0.8547216666666667,MEDIUM,1,0,0.54,0.9326414285714286,6.497924285714286
2016-11-28 12:54:42.090,"6 km NW of Buenavista, Philippines",4.6,116.43,126.1181,9.1559,earthquake,,0,reviewed,",us10007f5z,",12,11,0,1.0775666666666666,MEDIUM,1,0,0.45999999999999996,0.8336714285714286,5.8010142857142855
2024-10-02 21:05:40.918,off the east coast of the North Island of New Zealand,4.6,35.0,179.783,-35.0252,earthquake,,0,reviewed,",us6000nw66,",21,10,2,0.3613447222222222,MEDIUM,1,0,0.45999999999999996,0.95,6.149999999999999
2017-09-08 10:21:04.730,"47 km E of Sarangani, Philippines",4.6,102.53,125.8959,5.3955,earthquake,,0,reviewed,",us2000ai08,",10,9,4,0.03664722222222223,MEDIUM,1,0,0.45999999999999996,0.8535285714285714,5.8605857142857145
2020-11-09 22:48:49.196,"141 km S of Fukuech?, Japan",4.6,10.0,128.7016,31.4271,earthquake,,0,reviewed,",us7000ce9z,",22,11,0,3.3647850000000004,MEDIUM,1,0,0.45999999999999996,0.9857142857142858,6.257142857142856
2018-01-13 16:30:15.100,"68 km SSW of Palaióchora, Greece",4.7,33.49,23.3599,34.6724,earthquake,,0,reviewed,",us2000cjat,",16,1,5,2.1863888888888887,MEDIUM,1,0,0.47000000000000003,0.9521571428571428,6.206471428571429
2022-02-19 23:18:19.912,"69 km WNW of Panguna, Papua New Guinea",4.9,111.83,154.8931,-6.1029,earthquake,,0,reviewed,",us7000gmb5,",23,2,5,6.524191388888889,MEDIUM,1,0,0.49000000000000005,0.8402428571428572,5.970728571428571
2017-03-04 20:03:45.230,Fiji region,4.9,586.06,-178.458,-20.3638,earthquake,,0,reviewed,",us10008704,",20,3,5,2.4518055555555556,MEDIUM,1,1,0.49000000000000005,0.16277142857142868,3.938314285714286
2023-02-24 14:57:56.046,south of the Kermadec Islands,4.8,10.0,-178.4537,-33.2896,earthquake,,0,reviewed,",us6000jrbs,",14,2,4,0.312065,MEDIUM,1,1,0.48,0.9857142857142858,6.357142857142857
2020-05-15 11:18:12.392,"28 km SSE of Mina, Nevada",4.9,3.8,-117.9598,38.1596,earthquake,green,0,reviewed,",nn00725284,us70009gjc,",11,5,4,0.03548,MEDIUM,1,0,0.49000000000000005,0.9945714285714286,6.433714285714286
2018-02-25 11:18:59.720,"63 km ENE of Caucete, Argentina",4.5,53.41,-67.6403,-31.4773,earthquake,,0,reviewed,",us2000d7n7,",11,2,6,2.7167472222222226,MEDIUM,1,0,0.45,0.9237,6.021099999999999
2022-04-02 10:44:53.203,"84 km E of Cortes, Philippines",4.5,10.0,126.9586,9.3452,earthquake,,0,reviewed,",us7000h0dn,",10,4,5,0.9707236111111112,MEDIUM,1,0,0.45,0.9857142857142858,6.207142857142856
2021-02-17 15:25:15.672,"76 km WNW of Port-Vila, Vanuatu",4.7,10.0,167.6149,-17.5653,earthquake,,0,reviewed,",us6000dier,",15,2,2,0.3354594444444444,MEDIUM,1,0,0.47000000000000003,0.9857142857142858,6.307142857142857
2019-06-02 23:05:45.054,"133 km E of ‘Ohonua, Tonga",5.0,10.0,-173.6842,-21.1259,earthquake,,0,reviewed,",us70003xqc,",23,6,6,0.32060416666666663,MEDIUM,1,1,0.5,0.9857142857142858,6.457142857142857
2024-02-07 16:15:13.762,"135 km SE of Gizo, Solomon Islands",4.7,10.0,157.7607,-8.9222,earthquake,,0,reviewed,",us7000lyqy,",16,2,2,0.4564219444444444,MEDIUM,1,0,0.47000000000000003,0.9857142857142858,6.307142857142857
2022-05-27 15:47:28.682,"60 km NNW of Yigo Village, Guam",4.5,186.56,144.7011,14.0518,earthquake,,0,reviewed,",us7000hd4e,",15,5,4,4.7834063888888885,MEDIUM,1,0,0.45,0.7334857142857143,5.450457142857142
2024-04-16 10:37:12.924,"144 km ESE of Ust’-Kamchatsk Staryy, Russia",4.8,20.332,164.6916,55.8402,earthquake,,0,reviewed,",us7000mcdb,usauto7000mcdb,",10,4,1,2.6756463888888886,MEDIUM,1,0,0.48,0.9709542857142857,6.312862857142857
2024-10-01 15:43:46.466,"105 km ENE of Port-Olry, Vanuatu",4.6,16.791,168.015,-14.7753,earthquake,,0,reviewed,",us7000nhhs,",15,10,1,0.24077277777777778,MEDIUM,1,0,0.45999999999999996,0.9760128571428571,6.22803857142857
2022-06-21 08:29:20.876,"111 km NE of Hihifo, Tonga",4.8,28.69,-172.9599,-15.353,earthquake,,0,reviewed,",us7000hiyl,",8,6,1,0.32285277777777777,MEDIUM,1,1,0.48,0.9590142857142857,6.277042857142857
2017-08-26 08:33:57.520,Fiji region,4.6,576.57,-177.8967,-19.7996,earthquake,,0,reviewed,",us2000ac11,",8,8,5,0.3516638888888889,MEDIUM,1,1,0.45999999999999996,0.1763285714285714,3.8289857142857144
2021-03-03 15:32:36.773,south of the Fiji Islands,4.9,10.0,-177.2164,-23.6741,earthquake,,0,reviewed,",us7000df5w,",15,3,2,0.8101527777777778,MEDIUM,1,1,0.49000000000000005,0.9857142857142858,6.407142857142857
2017-11-11 02:12:03.910,"83 km E of Tadine, New Caledonia",4.8,10.0,168.6867,-21.5316,earthquake,,0,reviewed,",us2000blvv,",2,11,5,0.9324388888888889,MEDIUM,1,0,0.48,0.9857142857142858,6.357142857142857
2016-12-09 18:11:59.200,"100 km WSW of Kirakira, Solomon Islands",5.0,30.1,161.0525,-10.7601,earthquake,,0,reviewed,",us20007zla,",18,12,4,0.2688305555555556,MEDIUM,1,0,0.5,0.957,6.370999999999999
2024-04-16 16:06:15.536,"17 km ESE of Union, Philippines",5.0,51.666,126.2537,9.6873,earthquake,,0,reviewed,",us7000mcg7,",16,4,1,1.1222247222222221,MEDIUM,1,0,0.5,0.9261914285714286,6.278574285714286
2023-04-24 13:38:38.230,near the coast of Venezuela,4.6,89.96,-62.2962,10.6549,earthquake,,0,reviewed,",us6000k6rv,",13,4,0,0.23887944444444445,MEDIUM,1,0,0.45999999999999996,0.8714857142857143,5.914457142857143
2021-08-18 05:55:47.130,South Sandwich Islands region,4.7,35.0,-25.0985,-58.8148,earthquake,,0,reviewed,",us7000f4ws,",5,8,2,0.9619641666666666,MEDIUM,1,0,0.47000000000000003,0.95,6.2
2022-11-29 15:59:00.763,Reykjanes Ridge,4.8,10.0,-35.4353,53.8202,earthquake,,0,reviewed,",us6000j6dc,",15,11,1,0.005376944444444445,MEDIUM,1,0,0.48,0.9857142857142858,6.357142857142857
2015-02-24 04:29:58.000,"12 km N of Jordán, Colombia",4.7,152.5,-73.117,6.842,earthquake,,0,reviewed,",usc000tsl9,",4,2,1,1.282172222222222,MEDIUM,1,0,0.47000000000000003,0.7821428571428571,5.696428571428571
2022-02-15 03:55:49.037,"Pagan region, Northern Mariana Islands",4.5,188.28,145.6846,18.3544,earthquake,,0,reviewed,",us7000gkz7,",3,2,1,1.2924322222222222,MEDIUM,1,0,0.45,0.7310285714285714,5.443085714285713
2016-04-25 04:45:46.910,"75 km NW of Port-Olry, Vanuatu",4.5,32.89,166.6639,-14.4825,earthquake,,0,reviewed,",us10005dv4,",4,4,0,5.100494444444444,MEDIUM,1,0,0.45,0.9530142857142857,6.109042857142857
2015-06-03 18:56:39.160,"58 km ESE of Sulangan, Philippines",4.5,60.91,126.3096,10.718,earthquake,,0,reviewed,",us20002pe7,",18,6,2,3.314525,MEDIUM,1,0,0.45,0.9129857142857143,5.988957142857143
2016-04-26 23:54:26.110,"143 km NNW of Neiafu, Tonga",4.6,103.21,-174.262,-17.3859,earthquake,,0,reviewed,",us10005bt6,",23,4,1,1.246522222222222,MEDIUM,1,1,0.45999999999999996,0.8525571428571429,5.857671428571428
2023-10-19 05:23:17.850,"65 km WSW of Jiquilillo, Nicaragua",4.6,57.847,-87.9901,12.473,earthquake,,0,reviewed,",us6000lgie,",5,10,3,1.5226202777777778,MEDIUM,1,0,0.45999999999999996,0.9173614285714285,6.052084285714285
2024-05-28 13:54:07.332,"16 km WSW of Madang, Papua New Guinea",4.8,89.829,145.6532,-5.2963,earthquake,,0,reviewed,",us6000n1h9,",13,5,1,0.005201111111111111,MEDIUM,1,0,0.48,0.8716728571428571,6.015018571428571
2016-10-14 17:47:32.850,"Kermadec Islands, New Zealand",4.7,10.0,-177.6696,-29.9533,earthquake,,0,reviewed,",us20007flk,",17,10,4,1.8639777777777777,MEDIUM,1,1,0.47000000000000003,0.9857142857142858,6.307142857142857
2019-11-21 17:36:57.013,"130 km SSW of Baturaja, Indonesia",4.8,69.84,103.6705,-5.2035,earthquake,,0,reviewed,",us70006b5m,",17,11,3,5.740495833333333,MEDIUM,1,0,0.48,0.9002285714285714,6.100685714285713
2022-08-28 21:04:47.397,"72 km NW of Finschhafen, Papua New Guinea",4.8,73.835,147.4351,-6.0464,earthquake,,0,reviewed,",us7000i36q,",21,8,6,2.2792508333333332,MEDIUM,1,0,0.48,0.8945214285714286,6.083564285714286
2016-05-09 14:19:38.160,Fiji region,4.7,600.09,-178.8659,-21.0717,earthquake,,0,reviewed,",us10005g1r,",14,5,0,4.462069444444444,MEDIUM,1,1,0.47000000000000003,0.14272857142857143,3.7781857142857147
2019-01-07 16:35:26.260,"12 km SSW of Kamogawa, Japan",4.6,46.82,140.0285,35.0039,earthquake,,0,reviewed,",us2000j14f,",16,1,0,1.5215472222222222,MEDIUM,1,0,0.45999999999999996,0.9331142857142857,6.099342857142856
2021-08-02 08:49:30.097,"33 km N of Al Hoceïma, Morocco",4.5,10.0,-3.9634,35.553,earthquake,,0,reviewed,",us6000f3vb,",8,8,0,3.4473475,MEDIUM,1,0,0.45,0.9857142857142858,6.207142857142856
2022-11-14 01:06:05.037,"141 km ENE of Tobelo, Indonesia",4.6,10.019,129.1942,2.2023,earthquake,,0,reviewed,",us7000iqns,",1,11,0,2.623324722222222,MEDIUM,1,0,0.45999999999999996,0.9856871428571429,6.257061428571427
2023-04-27 22:39:01.912,"41 km SW of Mashhad, Iran",4.9,10.0,59.3364,35.9918,earthquake,,0,reviewed,",us7000jwf5,",22,4,3,0.5021111111111111,MEDIUM,1,0,0.49000000000000005,0.9857142857142858,6.407142857142857
2023-12-02 21:24:19.675,"48 km ENE of Hinatuan, Philippines",4.5,42.548,126.7643,8.4672,earthquake,,0,reviewed,",us7000lh0q,",21,12,5,0.05518777777777777,MEDIUM,1,0,0.45,0.9392171428571429,6.067651428571428
2018-05-25 17:41:54.090,"130 km SE of Port Blair, India",4.7,140.2,93.6517,10.8902,earthquake,,0,reviewed,",us1000ec8d,",17,5,4,0.5565222222222223,MEDIUM,1,0,0.47000000000000003,0.7997142857142857,5.749142857142857
2018-06-01 13:31:15.600,"5 km NE of Jabonga, Philippines",4.5,40.56,125.5524,9.375,earthquake,,0,reviewed,",us1000egk7,",13,6,4,2.7243472222222223,MEDIUM,1,0,0.45,0.9420571428571428,6.076171428571429
2019-09-05 11:52:06.491,northern Mid-Atlantic Ridge,5.5,10.0,-31.916,52.5864,earthquake,green,0,reviewed,",us70005c9r,",11,9,3,0.6027936111111111,MEDIUM,1,0,0.55,0.9857142857142858,6.707142857142857
2017-11-17 13:40:41.310,"28 km SSE of Guayaquil, Ecuador",5.4,78.05,-79.8202,-2.4428,earthquake,,0,reviewed,",us2000bqc4,",13,11,4,0.21723888888888887,MEDIUM,1,0,0.54,0.8885,6.365499999999999
2022-07-24 18:11:42.512,"40 km W of Kimbe, Papua New Guinea",4.6,134.717,149.7718,-5.5525,earthquake,,0,reviewed,",us7000ht5l,",18,7,6,3.049046944444444,MEDIUM,1,0,0.45999999999999996,0.8075471428571428,5.7226414285714275
2024-10-07 09:36:58.446,"23 km WSW of Isangel, Vanuatu",5.4,144.989,169.0635,-19.6019,earthquake,green,0,reviewed,",usauto6000nx1e,us6000nx1e,",9,10,0,3.303343611111111,MEDIUM,1,0,0.54,0.7928728571428572,6.078618571428571
2023-02-26 23:33:19.943,"Pagan region, Northern Mariana Islands",4.6,227.028,145.5217,18.7579,earthquake,,0,reviewed,",us6000jrt6,",23,2,6,1.8516752777777779,MEDIUM,1,0,0.45999999999999996,0.6756742857142857,5.327022857142857
2022-01-13 18:38:28.765,"147 km NNE of Lospalos, Timor Leste",4.6,10.0,127.545,-7.3084,earthquake,,0,reviewed,",us7000gbq6,",18,1,3,0.31447166666666665,MEDIUM,1,0,0.45999999999999996,0.9857142857142858,6.257142857142856
2024-08-16 03:00:51.499,"225 km SSW of Kawalu, Indonesia",4.9,10.0,107.7318,-9.3647,earthquake,,0,reviewed,",us7000n7c7,",3,8,4,0.8210713888888889,MEDIUM,1,0,0.49000000000000005,0.9857142857142858,6.407142857142857
2021-01-15 22:48:55.129,"7 km SSE of Hukay, Philippines",4.6,158.64,120.7376,13.7845,earthquake,,0,reviewed,",us7000d0ib,",22,1,4,1.2663163888888889,MEDIUM,1,0,0.45999999999999996,0.7733714285714286,5.620114285714285
2024-08-13 19:16:55.730,"40 km E of Ambunti, Papua New Guinea",4.8,84.186,143.18,-4.2563,earthquake,,0,reviewed,",us6000njwl,",19,8,1,1.6603591666666666,MEDIUM,1,0,0.48,0.8797342857142857,6.039202857142857
2024-04-27 05:07:08.359,"84 km W of Gorontalo, Indonesia",4.6,111.821,122.3026,0.5368,earthquake,,0,reviewed,",us6000mu7q,",5,4,5,0.40254833333333334,MEDIUM,1,0,0.45999999999999996,0.8402557142857143,5.820767142857143
2024-06-01 09:29:15.324,"123 km E of Labasa, Fiji",4.9,10.0,-179.4816,-16.3189,earthquake,,0,reviewed,",usauto7000mpfv,us7000mpfv,",9,6,5,0.5768558333333333,MEDIUM,1,1,0.49000000000000005,0.9857142857142858,6.407142857142857
2019-02-02 09:03:09.840,"175 km WSW of Sungai Penuh, Indonesia",5.2,10.0,100.0068,-2.8248,earthquake,green,0,reviewed,",us2000jcbm,",9,2,5,2.018777777777778,MEDIUM,1,0,0.52,0.9857142857142858,6.557142857142857
2015-09-17 22:39:20.370,"75 km SW of Ovalle, Chile",5.2,23.23,-71.8056,-31.031,earthquake,green,0,reviewed,",us20003l02,gcmt20150917223920,iscgem607744042,",22,9,3,0.5212666666666667,MEDIUM,1,0,0.52,0.9668142857142857,6.500442857142858
2016-12-11 13:45:18.580,"286 km E of Iwaki, Japan",4.8,10.0,144.0493,36.5953,earthquake,,0,reviewed,",us20007zz0,",13,12,6,0.9760055555555556,MEDIUM,1,0,0.48,0.9857142857142858,6.357142857142857
2019-01-08 18:53:36.460,"90 km NW of Neiafu, Tonga",4.9,10.0,-174.6083,-18.087,earthquake,,0,reviewed,",us2000j8cj,",18,1,1,1.4342555555555554,MEDIUM,1,1,0.49000000000000005,0.9857142857142858,6.407142857142857
2017-04-27 19:40:24.580,western Indian-Antarctic Ridge,4.7,9.44,120.0591,-50.1794,earthquake,,0,reviewed,",us10008ldu,",19,4,3,0.8942138888888889,MEDIUM,1,0,0.47000000000000003,0.9865142857142857,6.309542857142857
2020-06-25 05:20:59.627,"27 km NW of Stanley, Idaho",4.6,7.54,-115.1814,44.3989,earthquake,green,0,reviewed,",us7000aanf,mb80442269,",5,6,3,6.019763611111111,MEDIUM,1,0,0.45999999999999996,0.9892285714285715,6.267685714285714
2022-11-28 02:47:42.335,Fiji region,4.5,537.459,-178.4798,-20.8759,earthquake,,0,reviewed,",us6000j6bg,",2,11,0,3.1146719444444444,MEDIUM,1,1,0.45,0.23220142857142867,3.946604285714286
2015-01-25 23:55:50.720,"132 km SSE of Isangel, Vanuatu",5.2,142.19,169.8943,-20.592,earthquake,,0,reviewed,",usc000tj11,",23,1,6,1.5969111111111112,MEDIUM,1,0,0.52,0.7968714285714286,5.990614285714285
2018-04-19 08:21:14.860,west of Macquarie Island,4.7,10.0,140.59,-53.0519,earthquake,,0,reviewed,",us1000drz6,",8,4,3,1.7744555555555555,MEDIUM,1,0,0.47000000000000003,0.9857142857142858,6.307142857142857
2022-01-23 01:12:34.661,"239 km SE of Sarangani, Philippines",4.9,33.2,126.7218,3.6478,earthquake,,0,reviewed,",us7000geaz,",1,1,6,0.4539436111111111,MEDIUM,1,0,0.49000000000000005,0.9525714285714286,6.307714285714285
2022-10-24 16:54:58.318,"Pagan region, Northern Mariana Islands",5.3,84.684,146.37,18.7416,earthquake,,0,reviewed,",us6000iw49,",16,10,0,0.8021280555555556,MEDIUM,1,0,0.53,0.8790228571428571,6.287068571428572
2016-05-06 04:07:16.340,"240 km E of Tadine, New Caledonia",4.5,10.0,170.1955,-21.6939,earthquake,,0,reviewed,",us10005h53,",4,5,4,2.052225,MEDIUM,1,0,0.45,0.9857142857142858,6.207142857142856
2018-08-12 14:58:53.503,"89 km SW of Kaktovik, Alaska",6.4,15.8,-145.291,69.5762,earthquake,green,1,reviewed,",ak20076877,at00pdcsa7,us1000g77a,ak018aap2cqu,iscgem612512937,",14,8,6,0.27899805555555557,HIGH,0,0,0.64,0.9774285714285714,7.132285714285715
2018-12-10 18:32:21.850,Southwest Indian Ridge,4.5,10.0,43.5061,-40.7773,earthquake,,0,reviewed,",us2000itmf,",18,12,0,0.2836666666666667,MEDIUM,1,0,0.45,0.9857142857142858,6.207142857142856
2019-07-01 00:37:36.037,"76 km E of Mutsu, Japan",5.2,44.45,142.125,41.2155,earthquake,,0,reviewed,",us700047tx,",0,7,0,25.575727500000003,MEDIUM,1,0,0.52,0.9365,6.4095
2023-12-21 17:25:55.853,"81 km E of Aras-asan, Philippines",4.6,10.0,127.0558,8.892,earthquake,,0,reviewed,",us7000lkpm,",17,12,3,0.36997861111111113,MEDIUM,1,0,0.45999999999999996,0.9857142857142858,6.257142857142856
2017-10-16 18:19:58.060,"293 km S of ‘Ohonua, Tonga",5.1,10.0,-175.4223,-23.9501,earthquake,,0,reviewed,",us1000asxc,",18,10,0,0.024375,MEDIUM,1,1,0.51,0.9857142857142858,6.507142857142857
2017-01-08 18:25:58.720,"3 km SSE of La Conquista, Nicaragua",4.6,115.58,-86.1759,11.7081,earthquake,,0,reviewed,",us10007s0v,",18,1,6,0.476375,MEDIUM,1,0,0.45999999999999996,0.8348857142857142,5.804657142857143
2015-11-23 05:16:24.090,"120 km SSE of San Pedro de Atacama, Chile",4.8,116.66,-67.7123,-23.8979,earthquake,,0,reviewed,",us100040g0,",5,11,0,1.0411555555555556,MEDIUM,1,0,0.48,0.8333428571428572,5.900028571428572
2020-11-22 11:27:26.446,"138 km NNW of Ambon, Indonesia",5.3,10.0,127.4963,-2.6552,earthquake,,0,reviewed,",us6000crg7,",11,11,6,0.2906708333333333,MEDIUM,1,0,0.53,0.9857142857142858,6.607142857142857
2018-09-06 16:23:03.560,"93 km E of Levuka, Fiji",5.1,625.76,-179.8137,-17.9182,earthquake,,0,reviewed,",us2000hgkk,",16,9,3,0.06434166666666667,MEDIUM,1,1,0.51,0.10605714285714285,3.8681714285714284
2022-02-28 16:33:00.421,southern Mid-Atlantic Ridge,4.5,10.0,-16.3253,-40.0003,earthquake,,0,reviewed,",us6000h23a,",16,2,0,0.9141675,MEDIUM,1,0,0.45,0.9857142857142858,6.207142857142856
2019-08-29 15:11:19.801,southern Mid-Atlantic Ridge,4.9,10.0,-11.8098,-20.118,earthquake,,0,reviewed,",us70005by6,",15,8,3,0.05587638888888889,MEDIUM,1,0,0.49000000000000005,0.9857142857142858,6.407142857142857
2023-12-10 11:52:50.012,"53 km SSW of Paracas, Peru",5.7,14.0,-76.4362,-14.3228,earthquake,green,0,reviewed,",us7000lhwv,usauto7000lhwv,at00s5g90a,",11,12,6,0.20436138888888888,MEDIUM,1,0,0.5700000000000001,0.98,6.789999999999999
2024-04-23 00:03:49.405,"31 km S of Hualien City, Taiwan",4.5,19.858,121.6313,23.6965,earthquake,,0,reviewed,",us6000mt3e,",0,4,1,0.710098888888889,MEDIUM,1,0,0.45,0.9716314285714286,6.164894285714285
2023-05-01 02:34:41.384,"80 km ESE of Katsuren-haebaru, Japan",4.6,10.0,128.5766,25.976,earthquake,,0,reviewed,",us6000k9rs,",2,5,0,0.06937472222222223,MEDIUM,1,0,0.45999999999999996,0.9857142857142858,6.257142857142856
2016-09-29 23:21:01.710,"151 km ESE of ?hara, Japan",5.1,10.0,141.792,34.523,earthquake,,0,reviewed,",us10006tze,",23,9,3,1.5312861111111111,MEDIUM,1,0,0.51,0.9857142857142858,6.507142857142857
2018-12-10 01:26:13.530,"79 km SE of Tondano, Indonesia",4.8,75.7,125.3622,0.7415,earthquake,,0,reviewed,",us1000i5h3,",1,12,0,2.3213500000000002,MEDIUM,1,0,0.48,0.8918571428571429,6.075571428571428
2022-09-14 02:58:15.153,"30 km NE of Coyuquilla Norte, Mexico",4.9,27.766,-100.8758,17.5421,earthquake,,0,reviewed,",us7000i7u6,",2,9,2,1.3734780555555555,MEDIUM,1,0,0.49000000000000005,0.9603342857142857,6.331002857142857
2019-05-22 19:41:05.600,South Sandwich Islands region,4.9,10.0,-23.355,-57.8819,earthquake,,0,reviewed,",us70003t9c,",19,5,2,1.516516111111111,MEDIUM,1,0,0.49000000000000005,0.9857142857142858,6.407142857142857
2018-04-14 18:13:59.870,Banda Sea,4.5,177.09,129.723,-6.6011,earthquake,,0,reviewed,",us1000dnmv,",18,4,5,0.18583055555555555,MEDIUM,1,0,0.45,0.7470142857142856,5.491042857142857
2020-02-25 00:49:41.426,"82 km SW of Calama, Chile",4.6,75.93,-69.4021,-23.0505,earthquake,,0,reviewed,",us70007w7n,",0,2,1,0.6026622222222222,MEDIUM,1,0,0.45999999999999996,0.8915285714285714,5.974585714285714
2017-07-06 16:46:38.730,"19 km W of Iwaki, Japan",4.5,2.58,140.6646,37.057,earthquake,,0,reviewed,",us10009965,",16,7,3,3.007397222222222,MEDIUM,1,0,0.45,0.9963142857142857,6.238942857142858
2020-02-13 06:50:44.793,"46 km NW of Isangel, Vanuatu",5.1,110.07,169.0155,-19.202,earthquake,,0,reviewed,",us70007p7m,",6,2,3,1.0018397222222222,MEDIUM,1,0,0.51,0.8427571428571429,6.078271428571428
2016-03-03 06:44:30.510,"southwest of Sumatra, Indonesia",4.5,10.0,94.3177,-4.5172,earthquake,,0,reviewed,",us10004w16,",6,3,3,0.21069722222222223,MEDIUM,1,0,0.45,0.9857142857142858,6.207142857142856
2023-01-10 19:42:02.909,"199 km SE of Perryville, Alaska",5.0,20.0,-156.8589,54.6782,earthquake,,1,reviewed,",ak023guxpjr,at00roac24,us7000j3gx,",19,1,1,0.17201055555555558,MEDIUM,1,0,0.5,0.9714285714285714,6.414285714285714
2021-03-08 07:05:28.062,South Shetland Islands,4.7,10.0,-56.4606,-61.9995,earthquake,,0,reviewed,",us7000dk7v,",7,3,0,0.9448122222222223,MEDIUM,1,0,0.47000000000000003,0.9857142857142858,6.307142857142857
2021-08-13 16:50:50.691,South Sandwich Islands region,4.6,38.5,-26.0345,-59.8038,earthquake,,0,reviewed,",us7000f34x,",16,8,4,0.39809666666666665,MEDIUM,1,0,0.45999999999999996,0.945,6.135
2023-02-13 07:57:48.596,"35 km E of Union, Philippines",4.8,35.0,126.4278,9.8043,earthquake,,0,reviewed,",us6000jnk1,",7,2,0,2.013292777777778,MEDIUM,1,0,0.48,0.95,6.249999999999999
2016-07-18 19:02:15.330,"4 km SSW of Puerto Madero, Mexico",4.9,70.73,-92.4357,14.6793,earthquake,,0,reviewed,",us20006fl8,",19,7,0,1.1104527777777777,MEDIUM,1,0,0.49000000000000005,0.8989571428571429,6.146871428571429
2016-10-04 00:21:35.940,"Maug Islands region, Northern Mariana Islands",4.5,62.79,145.1558,20.6908,earthquake,,0,reviewed,",us20007dpj,",0,10,1,1.7984083333333334,MEDIUM,1,0,0.45,0.9103,5.9809
2015-12-04 18:50:44.720,"75 km WNW of Paraparaumu, New Zealand",4.8,59.24,174.2598,-40.5494,earthquake,,0,reviewed,",us100043ef,",18,12,4,1.3587916666666666,MEDIUM,1,0,0.48,0.9153714285714286,6.146114285714285
2019-01-09 08:32:30.790,"3 km WNW of Santa Cruz, Philippines",4.6,56.26,121.2816,18.534,earthquake,,0,reviewed,",us2000j8sp,",8,1,2,0.15685833333333335,MEDIUM,1,0,0.45999999999999996,0.9196285714285715,6.058885714285714
2023-12-10 01:31:23.666,Reykjanes Ridge,5.2,11.357,-34.2904,56.6463,earthquake,,0,reviewed,",us7000lhui,",1,12,6,0.03689861111111111,MEDIUM,1,0,0.52,0.9837757142857143,6.551327142857143
2021-09-02 19:24:51.873,"138 km NE of Opotiki, New Zealand",4.5,43.23,178.3824,-37.1149,earthquake,,0,reviewed,",us7000f9ry,",19,9,3,0.9279394444444444,MEDIUM,1,0,0.45,0.9382428571428572,6.064728571428572
2016-10-30 11:21:11.280,"4 km ESE of Camerino, Italy",4.6,10.0,13.1153,43.1228,earthquake,,0,reviewed,",us1000732k,",11,10,6,2.7528583333333336,MEDIUM,1,0,0.45999999999999996,0.9857142857142858,6.257142857142856
2022-02-10 09:38:32.995,"71 km E of Hualien City, Taiwan",4.6,24.83,122.3034,23.9567,earthquake,,0,reviewed,",us7000gjm9,",9,2,3,3.0491025,MEDIUM,1,0,0.45999999999999996,0.9645285714285714,6.193585714285713
2021-08-14 10:14:53.518,South Sandwich Islands region,4.5,35.0,-27.0102,-56.0389,earthquake,,0,reviewed,",us7000f3sf,",10,8,5,0.24561833333333333,MEDIUM,1,0,0.45,0.95,6.1
2021-03-20 19:41:01.715,"178 km N of Saipan, Northern Mariana Islands",5.2,176.17,145.6869,16.8263,earthquake,,0,reviewed,",us7000dla9,usauto7000dla9,",19,3,5,0.0321725,MEDIUM,1,0,0.52,0.7483285714285715,5.8449857142857145
2016-12-08 17:58:53.650,"71 km SW of Kirakira, Solomon Islands",5.2,35.0,161.4088,-10.8589,earthquake,,0,reviewed,",us200081ar,",17,12,3,0.06931388888888888,MEDIUM,1,0,0.52,0.95,6.449999999999999
2017-04-18 17:08:43.050,Fiji region,4.6,634.93,-178.2939,-18.0922,earthquake,,0,reviewed,",us10008iqg,",17,4,1,3.1190305555555558,MEDIUM,1,1,0.45999999999999996,0.09295714285714296,3.5788714285714285
2023-12-02 20:30:43.814,"34 km E of Hinatuan, Philippines",4.7,67.266,126.6427,8.4058,earthquake,,0,reviewed,",us7000lh0j,",20,12,5,0.105515,MEDIUM,1,0,0.47000000000000003,0.9039057142857143,6.061717142857143
2022-02-03 17:01:15.013,"128 km WSW of Ternate, Indonesia",4.9,47.64,126.3326,0.3054,earthquake,,0,reviewed,",us7000ghmx,",17,2,3,0.22437277777777775,MEDIUM,1,0,0.49000000000000005,0.9319428571428572,6.2458285714285715
2020-03-19 09:36:18.398,"140 km W of Pangai, Tonga",4.6,175.24,-175.6876,-19.9226,earthquake,,0,reviewed,",us70008c24,",9,3,3,2.774957777777778,MEDIUM,1,1,0.45999999999999996,0.7496571428571428,5.548971428571427
2023-02-08 15:57:00.833,"144 km WNW of Panguna, Papua New Guinea",5.0,108.432,154.3324,-5.7108,earthquake,,0,reviewed,",us6000jmj4,",15,2,2,0.4057630555555556,MEDIUM,1,0,0.5,0.8450971428571429,6.035291428571429
2017-05-24 06:35:17.520,"126 km SE of Akutan, Alaska",5.1,10.0,-164.4538,53.3072,earthquake,,1,reviewed,",ak16119701,us10008usi,at00oqg2aw,ak0176m9646l,",6,5,2,5.252063888888889,MEDIUM,1,0,0.51,0.9857142857142858,6.507142857142857
2020-03-04 20:45:37.055,"210 km S of ‘Ohonua, Tonga",4.6,10.0,-174.9967,-23.2379,earthquake,,0,reviewed,",us60008ckf,",20,3,2,0.035444166666666665,MEDIUM,1,1,0.45999999999999996,0.9857142857142858,6.257142857142856
2019-09-04 01:01:32.884,"72 km ESE of Karpathos, Greece",4.6,14.36,27.8965,35.1737,earthquake,,0,reviewed,",us70005bq9,",1,9,2,5.71477388888889,MEDIUM,1,0,0.45999999999999996,0.9794857142857143,6.2384571428571425
2022-04-02 19:16:58.300,south of Tonga,4.7,10.0,-175.6764,-25.2043,earthquake,,0,reviewed,",us7000h0e5,",19,4,5,0.5326966666666667,MEDIUM,1,1,0.47000000000000003,0.9857142857142858,6.307142857142857
2021-03-06 07:26:00.552,Kermadec Islands region,4.6,10.0,-178.8388,-28.6511,earthquake,,0,reviewed,",us7000diq3,",7,3,5,0.03223444444444444,MEDIUM,1,1,0.45999999999999996,0.9857142857142858,6.257142857142856
2015-01-13 00:03:10.000,southern Mid-Atlantic Ridge,4.8,10.0,-12.6998,-24.9692,earthquake,,0,reviewed,",usc000tina,",0,1,1,0.19288333333333332,MEDIUM,1,0,0.48,0.9857142857142858,6.357142857142857
2022-03-21 00:36:34.746,South Sandwich Islands region,4.8,35.0,-25.1987,-57.7277,earthquake,,0,reviewed,",us7000gx95,",0,3,0,0.1110925,MEDIUM,1,0,0.48,0.95,6.249999999999999
2024-05-07 22:09:56.125,"51 km SSW of Lembar, Indonesia",4.7,103.998,115.8631,-9.1457,earthquake,,0,reviewed,",us6000mx38,",22,5,1,0.42793388888888884,MEDIUM,1,0,0.47000000000000003,0.8514314285714286,5.904294285714285
2017-08-16 15:53:28.600,"19 km W of Folégandros, Greece",4.8,101.5,24.7081,36.6036,earthquake,,0,reviewed,",us2000a8sr,",15,8,2,0.06586944444444444,MEDIUM,1,0,0.48,0.855,5.965
2019-04-13 01:18:48.014,"298 km SSE of Ambon, Indonesia",4.7,211.69,129.2484,-6.1722,earthquake,,0,reviewed,",us7000359g,",1,4,5,0.10587666666666667,MEDIUM,1,0,0.47000000000000003,0.6975857142857143,5.442757142857143
2017-04-29 11:15:48.898,"54 km SSE of Denali National Park, Alaska",4.9,11.9,-151.1656,63.1225,earthquake,,0,reviewed,",ak15831649,us10008m06,iscgem610589281,ak0175gzldxl,",11,4,5,0.3741411111111111,MEDIUM,1,0,0.49000000000000005,0.983,6.399
2019-12-25 08:58:03.061,"Izu Islands, Japan region",5.0,118.59,139.9304,31.4928,earthquake,,0,reviewed,",us70006qvr,",8,12,2,0.7446027777777778,MEDIUM,1,0,0.5,0.8305857142857143,5.991757142857143
2017-07-02 07:01:56.180,"Izu Islands, Japan region",4.7,10.0,142.6593,29.4984,earthquake,,0,reviewed,",us100095u7,",7,7,6,1.5696944444444443,MEDIUM,1,0,0.47000000000000003,0.9857142857142858,6.307142857142857
2023-04-26 14:11:01.585,"Volcano Islands, Japan region",4.5,35.0,144.8277,22.0541,earthquake,,0,reviewed,",us7000jxrh,",14,4,2,2.0766880555555556,MEDIUM,1,0,0.45,0.95,6.1
2020-01-22 20:47:04.248,"155 km W of Lata, Solomon Islands",4.5,10.0,164.3762,-10.7162,earthquake,,0,reviewed,",us60007lj1,",20,1,2,1.1170808333333333,MEDIUM,1,0,0.45,0.9857142857142858,6.207142857142856
2023-09-19 22:17:47.305,"Izu Islands, Japan region",5.2,10.0,142.008,30.9761,earthquake,,0,reviewed,",us7000kws9,",22,9,1,0.27831833333333333,MEDIUM,1,0,0.52,0.9857142857142858,6.557142857142857
2020-08-25 20:21:39.613,"151 km SSW of Kokopo, Papua New Guinea",4.7,10.0,151.9034,-5.6655,earthquake,,0,reviewed,",us7000bcws,",20,8,1,0.31234277777777775,MEDIUM,1,0,0.47000000000000003,0.9857142857142858,6.307142857142857
2020-09-27 12:58:02.284,"30 km SSE of Karyes, Greece",4.7,10.0,24.3967,40.005,earthquake,,0,reviewed,",us6000c1xq,",12,9,6,0.5948627777777777,MEDIUM,1,0,0.47000000000000003,0.9857142857142858,6.307142857142857
2018-12-20 17:01:55.150,"187 km SE of Ust’-Kamchatsk Staryy, Russia",7.3,16.56,164.6993,55.0999,earthquake,green,1,reviewed,",us2000ivfw,pt18354000,at00pk1on9,iscgem614459017,",17,12,3,0.001672222222222222,HIGH,0,0,0.73,0.9763428571428572,7.579028571428571
2021-01-15 07:36:25.889,Tristan da Cunha region,5.0,10.0,-14.7096,-34.6446,earthquake,,0,reviewed,",us7000d08v,",7,1,4,0.553715,MEDIUM,1,0,0.5,0.9857142857142858,6.457142857142857
2019-07-07 20:35:21.515,"112 km WSW of Ternate, Indonesia",4.5,35.0,126.3966,0.5876,earthquake,,0,reviewed,",us70004e9e,",20,7,6,0.03127,MEDIUM,1,0,0.45,0.95,6.1
2022-01-02 03:17:42.428,South Sandwich Islands region,5.0,35.0,-25.9704,-59.5901,earthquake,,0,reviewed,",us7000g8fr,",3,1,6,3.5007272222222223,MEDIUM,1,0,0.5,0.95,6.349999999999999
2018-03-12 06:13:49.900,southeast Indian Ridge,5.6,10.0,95.9296,-46.3559,earthquake,green,0,reviewed,",us1000d3ae,iscgem611784829,",6,3,0,0.25826666666666664,MEDIUM,1,0,0.5599999999999999,0.9857142857142858,6.757142857142856
2020-07-25 02:12:25.347,northern Mid-Atlantic Ridge,4.5,10.0,-41.6801,31.5918,earthquake,,0,reviewed,",us6000b6na,",2,7,5,0.5719816666666667,MEDIUM,1,0,0.45,0.9857142857142858,6.207142857142856
2021-08-13 17:09:34.221,South Sandwich Islands region,4.6,51.25,-26.0709,-57.2413,earthquake,,0,reviewed,",us7000f37t,",17,8,4,0.27549694444444445,MEDIUM,1,0,0.45999999999999996,0.9267857142857143,6.080357142857142
2018-01-07 19:01:00.490,"82km W of Petrolia, CA",4.52,29.45,-125.2446667,40.3986667,earthquake,green,1,reviewed,",us1000c1se,nc72950451,at00p278tl,",19,1,6,6.680108333333333,MEDIUM,1,0,0.45199999999999996,0.9579285714285715,6.133785714285715
2024-08-16 01:16:05.305,"107 km NE of Maumere, Indonesia",4.9,220.918,122.9566,-7.9939,earthquake,,0,reviewed,",us7000n7bp,",1,8,4,0.17950694444444446,MEDIUM,1,0,0.49000000000000005,0.6844028571428571,5.503208571428572
2024-12-25 04:25:00.483,Mid-Indian Ridge,4.5,10.0,78.1508,-39.1949,earthquake,,0,reviewed,",us6000pie1,",4,12,2,0.42594750000000003,MEDIUM,1,0,0.45,0.9857142857142858,6.207142857142856
2021-04-07 23:14:26.922,"68 km NNW of Las Ovejas, Argentina",4.6,137.48,-70.9399,-36.3942,earthquake,,0,reviewed,",us6000dzvk,",23,4,2,1.62647,MEDIUM,1,0,0.45999999999999996,0.8036,5.710799999999999
2015-10-12 21:37:31.690,"33 km WSW of Baharly, Turkmenistan",4.9,10.0,57.0609,38.356,earthquake,,0,reviewed,",us10003n4e,gcmt20151012213731,iscgem611836884,",21,10,0,2.1158555555555556,MEDIUM,1,0,0.49000000000000005,0.9857142857142858,6.407142857142857
2022-11-11 14:35:31.377,southern Mid-Atlantic Ridge,4.7,10.0,-13.1191,-15.5765,earthquake,,0,reviewed,",us7000iq5n,",14,11,4,0.06102138888888889,MEDIUM,1,0,0.47000000000000003,0.9857142857142858,6.307142857142857
2021-11-11 13:21:41.885,"63 km E of Selfoss, Iceland",5.0,10.0,-19.7119,63.9684,earthquake,,0,reviewed,",us7000ft83,",13,11,3,0.24939555555555554,MEDIUM,1,0,0.5,0.9857142857142858,6.457142857142857
2023-06-07 19:46:33.073,Kermadec Islands region,4.6,10.0,-175.703,-28.717,earthquake,,0,reviewed,",us7000k6zg,",19,6,2,2.119221666666667,MEDIUM,1,1,0.45999999999999996,0.9857142857142858,6.257142857142856
2022-08-19 16:35:59.336,"80 km SE of Ishinomaki, Japan",4.5,57.487,141.8272,37.8178,earthquake,,0,reviewed,",us6000ic6e,",16,8,4,1.5788983333333333,MEDIUM,1,0,0.45,0.9178757142857142,6.003627142857142
2016-11-14 04:05:45.690,"97 km S of Blenheim, New Zealand",4.5,13.01,173.8556,-42.3879,earthquake,,0,reviewed,",us100077jz,",4,11,0,0.42422777777777776,MEDIUM,1,0,0.45,0.9814142857142857,6.194242857142856
2017-04-08 19:55:32.780,"137 km SSW of Letlhakane, Botswana",4.7,14.43,25.0836,-22.5662,earthquake,,0,reviewed,",us10008fwy,",19,4,5,1.3502027777777776,MEDIUM,1,0,0.47000000000000003,0.9793857142857143,6.288157142857143
2023-04-23 12:19:28.471,"37 km ESE of Ambunti, Papua New Guinea",4.8,85.816,143.1097,-4.3903,earthquake,,0,reviewed,",us6000k6jj,",12,4,6,2.962760277777778,MEDIUM,1,0,0.48,0.8774057142857143,6.032217142857142
2021-10-12 01:55:01.092,"89 km SSW of Opunake, New Zealand",4.8,163.67,173.4833,-40.2063,earthquake,,0,reviewed,",us6000ftvr,",1,10,1,1.385282222222222,MEDIUM,1,0,0.48,0.7661857142857142,5.698557142857142
2017-10-20 19:29:39.400,"Pagan region, Northern Mariana Islands",4.5,171.83,145.7474,18.9075,earthquake,,0,reviewed,",us1000axkv,",19,10,4,0.5689472222222223,MEDIUM,1,0,0.45,0.7545285714285714,5.513585714285714
2018-02-25 20:50:43.240,"54 km SSE of Tari, Papua New Guinea",4.6,10.0,143.0549,-6.3218,earthquake,,0,reviewed,",us2000dcxn,",20,2,6,0.11907777777777778,MEDIUM,1,0,0.45999999999999996,0.9857142857142858,6.257142857142856
2015-04-08 03:27:02.020,Carlsberg Ridge,4.5,10.0,57.7045,9.593,earthquake,,0,reviewed,",us200024xp,",3,4,2,0.20709444444444444,MEDIUM,1,0,0.45,0.9857142857142858,6.207142857142856
2024-10-19 11:41:10.568,"18 km NW of Pazarcık, Turkey",4.5,10.0,37.1395,37.5967,earthquake,,0,reviewed,",us6000nzqk,",11,10,5,4.5446744444444445,MEDIUM,1,0,0.45,0.9857142857142858,6.207142857142856
2016-12-04 07:05:15.770,"187 km ENE of Miyako, Japan",4.9,18.98,143.9795,40.2718,earthquake,,0,reviewed,",us10007es4,",7,12,6,1.0989194444444446,MEDIUM,1,0,0.49000000000000005,0.9728857142857142,6.368657142857143
2022-04-10 23:41:21.654,northern Mid-Atlantic Ridge,5.3,10.0,-41.3908,31.0381,earthquake,,0,reviewed,",us7000h166,",23,4,6,1.1978988888888888,MEDIUM,1,0,0.53,0.9857142857142858,6.607142857142857
2017-07-31 02:18:12.430,Fiji region,4.5,519.89,-178.7042,-21.2659,earthquake,,0,reviewed,",us2000a2sy,",2,7,0,0.40508055555555555,MEDIUM,1,1,0.45,0.2573,4.0219000000000005
2023-10-20 18:34:28.817,"23 km E of Curahuara de Carangas, Bolivia",4.5,208.326,-68.217,-17.9029,earthquake,,0,reviewed,",us6000lgzs,",18,10,4,0.5476547222222222,MEDIUM,1,0,0.45,0.7023914285714286,5.357174285714286
2022-01-04 04:57:35.876,Fiji region,4.6,366.02,-176.897,-17.8058,earthquake,,0,reviewed,",us7000gbnm,",4,1,1,0.2093636111111111,MEDIUM,1,1,0.45999999999999996,0.4771142857142857,4.731342857142858
2020-09-06 03:44:23.556,"93 km NW of Port-Vila, Vanuatu",4.9,10.0,167.6584,-17.1708,earthquake,,0,reviewed,",us7000bisj,",3,9,6,0.2818025,MEDIUM,1,0,0.49000000000000005,0.9857142857142858,6.407142857142857
2016-05-29 12:12:38.640,South Sandwich Islands region,4.6,28.4,-25.7222,-56.2133,earthquake,,0,reviewed,",us2000601n,",12,5,6,5.189527777777777,MEDIUM,1,0,0.45999999999999996,0.9594285714285714,6.178285714285714
2022-06-12 04:28:37.584,"110 km NNW of Nuku‘alofa, Tonga",4.6,10.0,-175.7218,-20.2668,earthquake,,0,reviewed,",us7000hhv5,",4,6,6,1.053057222222222,MEDIUM,1,1,0.45999999999999996,0.9857142857142858,6.257142857142856
2016-06-11 00:24:01.310,south of the Fiji Islands,4.5,521.14,-179.7763,-23.663,earthquake,,0,reviewed,",us200064u6,",0,6,5,0.4896583333333333,MEDIUM,1,1,0.45,0.2555142857142857,4.016542857142857
2016-08-18 11:05:15.110,Prince Edward Islands region,4.5,10.0,41.8916,-42.87,earthquake,,0,reviewed,",us10006gcv,",11,8,3,0.26540277777777777,MEDIUM,1,0,0.45,0.9857142857142858,6.207142857142856
2022-02-13 04:31:19.688,"127 km NNE of Calama, Chile",4.5,125.42,-68.6551,-21.3336,earthquake,,0,reviewed,",us7000gkf2,",4,2,6,0.047145,MEDIUM,1,0,0.45,0.8208285714285715,5.712485714285714
2024-07-21 10:29:35.614,Pacific-Antarctic Ridge,5.2,10.0,-141.7636,-56.6031,earthquake,,0,reviewed,",us7000n0nl,",10,7,6,0.652505,MEDIUM,1,0,0.52,0.9857142857142858,6.557142857142857
2024-02-05 19:04:08.975,"Volcano Islands, Japan region",5.1,184.339,143.3742,22.2033,earthquake,,0,reviewed,",us7000lx5e,",19,2,0,0.40154,MEDIUM,1,0,0.51,0.7366585714285714,5.759975714285714
2016-06-10 03:45:11.320,"21 km SSW of Somotillo, Nicaragua",4.7,10.0,-86.9555,12.857,earthquake,,0,reviewed,",us200063db,",3,6,4,0.09457222222222221,MEDIUM,1,0,0.47000000000000003,0.9857142857142858,6.307142857142857
2021-08-11 07:01:05.834,"46 km NNW of Gazli, Uzbekistan",4.9,10.0,63.322,40.538,earthquake,,0,reviewed,",us6000f437,",7,8,2,1.7001680555555554,MEDIUM,1,0,0.49000000000000005,0.9857142857142858,6.407142857142857
2020-11-16 16:41:20.268,"59 km WNW of San Antonio de los Cobres, Argentina",4.5,197.12,-66.8157,-23.9391,earthquake,,0,reviewed,",us7000cfql,",16,11,0,0.4439477777777778,MEDIUM,1,0,0.45,0.7183999999999999,5.4052
2023-12-02 19:05:02.451,"52 km ESE of Marihatag, Philippines",4.8,57.132,126.7547,8.6903,earthquake,,0,reviewed,",us7000lh04,",19,12,5,0.02246388888888889,MEDIUM,1,0,0.48,0.9183828571428572,6.155148571428572
2017-07-25 07:13:34.320,south of the Kermadec Islands,4.9,45.35,-179.8219,-34.5105,earthquake,,0,reviewed,",us2000a0pe,",7,7,1,4.312125,MEDIUM,1,1,0.49000000000000005,0.9352142857142857,6.255642857142857
2021-01-09 15:12:30.639,south of the Fiji Islands,4.7,429.11,-179.5873,-25.111,earthquake,,0,reviewed,",us6000d71x,",15,1,5,0.19233638888888888,MEDIUM,1,1,0.47000000000000003,0.38698571428571427,4.510957142857142
2018-11-27 01:53:23.910,southern Mid-Atlantic Ridge,4.8,10.0,-13.6601,-17.4422,earthquake,,0,reviewed,",us1000hye6,",1,11,1,0.016033333333333333,MEDIUM,1,0,0.48,0.9857142857142858,6.357142857142857
2016-10-28 02:11:35.130,"122 km N of Gili Air, Indonesia",4.5,10.0,115.9379,-7.2551,earthquake,,0,reviewed,",us100073pr,",2,10,4,0.6683805555555555,MEDIUM,1,0,0.45,0.9857142857142858,6.207142857142856
2015-06-26 19:12:01.900,"248 km N of Saipan, Northern Mariana Islands",4.6,220.59,145.775,17.4617,earthquake,,0,reviewed,",us20002wl2,",19,6,4,0.698025,MEDIUM,1,0,0.45999999999999996,0.6848714285714286,5.354614285714286
2015-08-23 20:39:45.810,"149 km SW of Sibolga, Indonesia",4.6,29.2,97.8077,0.8091,earthquake,,0,reviewed,",us100034cv,",20,8,6,0.32605833333333334,MEDIUM,1,0,0.45999999999999996,0.9582857142857143,6.174857142857143
2018-12-22 08:03:15.570,Chagos Archipelago region,4.9,10.0,68.4955,-5.0857,earthquake,,0,reviewed,",us2000iw90,",8,12,5,0.007255555555555556,MEDIUM,1,0,0.49000000000000005,0.9857142857142858,6.407142857142857
2015-07-26 16:10:11.820,"41 km NNE of Ranau, Malaysia",4.6,14.96,116.8568,6.2782,earthquake,,0,reviewed,",us2000307u,",16,7,6,0.7869666666666666,MEDIUM,1,0,0.45999999999999996,0.9786285714285714,6.235885714285714
2023-11-08 15:05:47.118,"228 km WSW of Tual, Indonesia",4.5,10.0,130.7434,-6.1137,earthquake,,0,reviewed,",us7000laqq,",15,11,2,0.11345722222222222,MEDIUM,1,0,0.45,0.9857142857142858,6.207142857142856
2023-11-30 07:22:36.669,"47 km ESE of Ollagüe, Chile",4.7,151.619,-67.848,-21.4144,earthquake,,0,reviewed,",us7000leqc,",7,11,3,3.1765958333333337,MEDIUM,1,0,0.47000000000000003,0.7834014285714286,5.700204285714285
2018-03-08 13:06:13.460,"16 km NNW of Ranau, Malaysia",5.2,10.0,116.5853,6.0846,earthquake,,0,reviewed,",us1000d1fc,iscgem611775634,",13,3,3,1.6882416666666666,MEDIUM,1,0,0.52,0.9857142857142858,6.557142857142857
2016-01-26 15:36:54.680,central Mid-Atlantic Ridge,4.5,10.0,-28.7917,0.5192,earthquake,,0,reviewed,",us20004vl4,",15,1,1,0.6153611111111111,MEDIUM,1,0,0.45,0.9857142857142858,6.207142857142856
2017-09-29 04:33:12.870,"130 km SW of Manuel Ávila Camacho (Ponte Duro), Mexico",5.2,9.98,-94.2936,14.8536,earthquake,,0,reviewed,",us2000awd5,",4,9,4,0.5480083333333333,MEDIUM,1,0,0.52,0.9857428571428571,6.557228571428571
2019-01-06 07:31:52.760,southeast of Easter Island,4.9,10.0,-104.8611,-35.211,earthquake,,0,reviewed,",us2000j0rm,",7,1,6,0.030027777777777775,MEDIUM,1,0,0.49000000000000005,0.9857142857142858,6.407142857142857
2016-05-06 15:19:24.670,northern Mid-Atlantic Ridge,4.7,10.0,-27.9947,44.9552,earthquake,,0,reviewed,",us10005e99,",15,5,4,0.12869444444444444,MEDIUM,1,0,0.47000000000000003,0.9857142857142858,6.307142857142857
2016-09-05 22:28:39.150,"193 km NE of Opotiki, New Zealand",4.5,10.0,178.9865,-36.9174,earthquake,,0,reviewed,",us10006kpr,",22,9,0,1.9948805555555555,MEDIUM,1,0,0.45,0.9857142857142858,6.207142857142856
2023-03-21 16:47:23.626,"40 km SSE of Jurm, Afghanistan",6.5,192.0,70.943,36.523,earthquake,green,0,reviewed,",us7000jln7,usauto7000jln7,pt23080001,at00rrvqn0,",16,3,1,0.2597586111111111,HIGH,0,0,0.65,0.7257142857142858,6.427142857142857
2021-10-22 09:49:55.014,"142 km S of Kokopo, Papua New Guinea",4.5,10.0,152.0992,-5.6196,earthquake,,0,reviewed,",us7000fpfg,",9,10,4,2.366980555555555,MEDIUM,1,0,0.45,0.9857142857142858,6.207142857142856
2022-06-06 02:00:13.644,south of Tonga,4.5,10.0,-175.1223,-25.2289,earthquake,,0,reviewed,",us7000hf95,",2,6,0,0.5297527777777777,MEDIUM,1,1,0.45,0.9857142857142858,6.207142857142856
2021-10-30 01:13:47.134,South Sandwich Islands region,4.7,133.79,-27.0928,-57.0304,earthquake,,0,reviewed,",us7000fpz1,",1,10,5,1.9081494444444445,MEDIUM,1,0,0.47000000000000003,0.8088714285714286,5.7766142857142855
2019-10-11 17:23:03.201,"58 km W of San Antonio de los Cobres, Argentina",4.7,169.45,-66.8928,-24.2754,earthquake,,0,reviewed,",us70005thk,",17,10,4,2.3536216666666667,MEDIUM,1,0,0.47000000000000003,0.7579285714285715,5.623785714285714
2017-08-05 11:12:54.390,"21 km ENE of San Francisco, Philippines",4.5,63.89,125.3412,10.1246,earthquake,,0,reviewed,",us2000a53s,",11,8,5,1.1216583333333332,MEDIUM,1,0,0.45,0.9087285714285714,5.976185714285714
2021-03-20 11:49:19.637,"173 km S of Severo-Kuril’sk, Russia",4.9,36.66,156.1623,49.1192,earthquake,,0,reviewed,",us7000dl7q,",11,3,5,1.7206480555555554,MEDIUM,1,0,0.49000000000000005,0.9476285714285715,6.292885714285714
2020-11-15 02:41:39.005,"203 km WNW of Panguna, Papua New Guinea",4.7,69.74,153.9264,-5.3376,earthquake,,0,reviewed,",us7000cf50,",2,11,6,0.4860072222222222,MEDIUM,1,0,0.47000000000000003,0.9003714285714286,6.051114285714285
2016-11-15 06:30:30.520,"93 km S of Blenheim, New Zealand",5.3,10.0,173.9445,-42.356,earthquake,,0,reviewed,",us1000784w,iscgem615038472,",6,11,1,0.047669444444444445,MEDIUM,1,0,0.53,0.9857142857142858,6.607142857142857
2016-11-24 10:37:03.990,northern Mid-Atlantic Ridge,5.0,10.0,-40.926,31.5047,earthquake,,0,reviewed,",us10007c2d,",10,11,3,1.1420694444444444,MEDIUM,1,0,0.5,0.9857142857142858,6.457142857142857
2021-11-01 04:21:27.578,South Sandwich Islands region,4.5,10.0,-24.4097,-58.1163,earthquake,,0,reviewed,",us7000frqr,",4,11,0,0.6062655555555556,MEDIUM,1,0,0.45,0.9857142857142858,6.207142857142856
2021-12-08 10:50:25.308,off the coast of Oregon,5.1,10.0,-129.427,44.383,earthquake,,0,reviewed,",us6000gafl,usauto6000gafl,",10,12,2,0.3216733333333333,MEDIUM,1,0,0.51,0.9857142857142858,6.507142857142857
2015-07-24 21:30:07.260,"5 km N of Gujar Khan, Pakistan",4.6,39.11,73.3002,33.3021,earthquake,,0,reviewed,",us20002zza,",21,7,4,0.50365,MEDIUM,1,0,0.45999999999999996,0.9441285714285714,6.132385714285714
2021-01-21 10:09:35.716,Kuril Islands,4.5,70.94,154.1799,48.2547,earthquake,,0,reviewed,",us7000d1zu,",10,1,3,1.2376244444444446,MEDIUM,1,0,0.45,0.8986571428571428,5.945971428571428
2019-12-15 19:58:36.166,"279 km SSE of Katsuura, Japan",4.6,10.0,141.8154,32.9607,earthquake,,0,reviewed,",us60006rw9,",19,12,6,0.2613333333333333,MEDIUM,1,0,0.45999999999999996,0.9857142857142858,6.257142857142856
2018-04-15 00:10:44.050,"Volcano Islands, Japan region",5.2,8.69,143.0243,23.4624,earthquake,,0,reviewed,",us2000e0g5,",0,4,6,2.5494,MEDIUM,1,0,0.52,0.9875857142857143,6.562757142857142
2024-04-09 07:16:40.915,central East Pacific Rise,4.7,10.0,-112.0256,-13.2973,earthquake,,0,reviewed,",us7000mcwd,",7,4,1,2.041787222222222,MEDIUM,1,0,0.47000000000000003,0.9857142857142858,6.307142857142857
2015-08-19 11:04:26.700,"157 km NNE of Cruz Bay, U.S. Virgin Islands",4.8,89.0,-64.3927,19.6987,earthquake,,1,REVIEWED,",at00ntbtfi,pr15231003,us100033ct,",11,8,2,0.03725,MEDIUM,1,0,0.48,0.8728571428571429,6.018571428571428
2022-02-08 12:57:46.522,Fiji region,4.8,10.0,174.5274,-13.743,earthquake,,0,reviewed,",us7000gk2a,",12,2,1,0.9725586111111111,MEDIUM,1,0,0.48,0.9857142857142858,6.357142857142857
2023-02-15 16:47:31.540,Easter Island region,4.7,10.0,-112.1024,-29.2472,earthquake,,0,reviewed,",us6000jr0x,",16,2,2,0.5339847222222223,MEDIUM,1,0,0.47000000000000003,0.9857142857142858,6.307142857142857
2017-09-10 22:01:29.860,Reykjanes Ridge,4.5,10.0,-33.6695,57.2189,earthquake,,0,reviewed,",us2000aru3,",22,9,6,0.23190555555555556,MEDIUM,1,0,0.45,0.9857142857142858,6.207142857142856
2020-09-16 18:14:10.110,"44 km SW of Jiquilillo, Nicaragua",4.7,51.54,-87.7527,12.4691,earthquake,,0,reviewed,",us7000bp1y,",18,9,2,0.22358305555555555,MEDIUM,1,0,0.47000000000000003,0.9263714285714286,6.1291142857142855
2020-05-26 05:18:19.584,Kuril Islands,5.4,10.0,153.5199,46.5635,earthquake,green,0,reviewed,",us70009qeb,",5,5,1,1.5223325,MEDIUM,1,0,0.54,0.9857142857142858,6.657142857142857
2016-10-23 22:59:29.740,"29 km SSW of El Naranjo, Mexico",5.6,12.0,-104.5714,18.9017,earthquake,green,0,reviewed,",us20007ga1,gcmt20161023225936,iscgem609616668,",22,10,6,0.4510416666666667,MEDIUM,1,0,0.5599999999999999,0.9828571428571429,6.748571428571428
2021-06-02 17:08:40.602,"126 km NNE of Hirara, Japan",4.9,90.29,125.7883,25.8527,earthquake,,0,reviewed,",us7000e922,",17,6,2,0.9379341666666667,MEDIUM,1,0,0.49000000000000005,0.8710142857142857,6.063042857142857
2023-12-03 05:47:53.126,"62 km ENE of Hinatuan, Philippines",4.8,52.994,126.8521,8.5965,earthquake,,0,reviewed,",us7000lhez,",5,12,6,0.06944222222222222,MEDIUM,1,0,0.48,0.9242942857142857,6.172882857142858
2016-06-14 01:45:35.780,southern Mid-Atlantic Ridge,4.8,10.0,-11.6678,-20.4458,earthquake,,0,reviewed,",us200065nn,",1,6,1,1.2501583333333333,MEDIUM,1,0,0.48,0.9857142857142858,6.357142857142857
2022-09-26 10:06:53.480,Reykjanes Ridge,4.8,10.0,-35.2189,53.9766,earthquake,,0,reviewed,",us7000ib2f,",10,9,0,0.11587499999999999,MEDIUM,1,0,0.48,0.9857142857142858,6.357142857142857
2018-07-17 03:27:43.810,"56 km ESE of Shikotan, Russia",4.5,35.0,147.3487,43.576,earthquake,,0,reviewed,",us2000g6sw,",3,7,1,1.6543527777777778,MEDIUM,1,0,0.45,0.95,6.1
2022-07-02 08:32:59.501,"190 km NE of Neiafu, Tonga",4.7,10.0,-172.5547,-17.6044,earthquake,,0,reviewed,",us6000hzcs,",8,7,5,3.4339483333333334,MEDIUM,1,1,0.47000000000000003,0.9857142857142858,6.307142857142857
2015-05-25 20:13:34.830,Fiji region,4.6,34.07,173.6528,-16.227,earthquake,,0,reviewed,",us20002m1t,",20,5,0,2.4141416666666666,MEDIUM,1,0,0.45999999999999996,0.9513285714285714,6.153985714285714
2023-04-03 21:44:13.710,Owen Fracture Zone region,5.5,10.0,56.3258,14.3888,earthquake,green,0,reviewed,",usauto6000k1u1,us6000k1u1,",21,4,0,0.15787027777777776,MEDIUM,1,0,0.55,0.9857142857142858,6.707142857142857
2021-08-12 22:51:48.533,South Sandwich Islands region,4.7,10.0,-26.1362,-55.5825,earthquake,,0,reviewed,",us6000f8z4,",22,8,3,0.064005,MEDIUM,1,0,0.47000000000000003,0.9857142857142858,6.307142857142857
2019-03-23 11:34:01.596,"255 km N of Bamboo Flat, India",4.9,10.0,93.1001,13.9762,earthquake,,0,reviewed,",us1000jkna,",11,3,5,0.07623888888888888,MEDIUM,1,0,0.49000000000000005,0.9857142857142858,6.407142857142857
2019-10-23 04:43:34.085,"179 km SSW of Ishigaki, Japan",4.6,10.0,123.5562,22.8251,earthquake,,0,reviewed,",us70005xjh,",4,10,2,0.8805525,MEDIUM,1,0,0.45999999999999996,0.9857142857142858,6.257142857142856
2022-08-08 13:42:52.241,"81 km E of Isangel, Vanuatu",5.1,10.0,170.0428,-19.6841,earthquake,,0,reviewed,",us6000i92k,",13,8,0,2.139665,MEDIUM,1,0,0.51,0.9857142857142858,6.507142857142857
2023-07-27 00:28:58.324,"107 km ESE of Hihifo, Tonga",5.5,10.0,-172.8553,-16.2994,earthquake,green,0,reviewed,",pt23208000,us6000kvtk,",0,7,3,0.8468288888888889,MEDIUM,1,1,0.55,0.9857142857142858,6.707142857142857
2022-06-28 15:16:28.648,"84 km NE of Amahai, Indonesia",4.7,10.0,129.5096,-2.8609,earthquake,,0,reviewed,",us7000hkv0,",15,6,1,0.10833333333333334,MEDIUM,1,0,0.47000000000000003,0.9857142857142858,6.307142857142857
2023-02-23 11:24:28.067,"92 km WNW of Murghob, Tajikistan",4.7,10.0,72.9453,38.3919,earthquake,,0,reviewed,",us6000jr07,",11,2,3,1.0144572222222221,MEDIUM,1,0,0.47000000000000003,0.9857142857142858,6.307142857142857
2015-01-11 23:51:14.920,"137 km ENE of Laikit, Laikit II (Dimembe), Indonesia",4.6,61.28,126.0761,2.0515,earthquake,,0,reviewed,",usc000tibt,",23,1,6,0.3490861111111111,MEDIUM,1,0,0.45999999999999996,0.9124571428571429,6.037371428571428
2023-07-01 22:21:29.296,"105 km NNE of Neiafu, Tonga",5.0,46.349,-173.5802,-17.7783,earthquake,,0,reviewed,",us6000kpif,",22,7,5,2.3470808333333335,MEDIUM,1,1,0.5,0.9337871428571428,6.301361428571428
2019-10-15 19:42:30.540,"17km SSE of Tres Pinos, CA",4.71,10.1,-121.274,36.6455,earthquake,green,0,reviewed,",nc73292360,us70005ufk,",19,10,1,0.7616783333333333,MEDIUM,1,0,0.471,0.9855714285714285,6.3117142857142845
2018-03-17 19:17:19.100,"31 km SW of Mendi, Papua New Guinea",4.6,10.0,143.4485,-6.3415,earthquake,,0,reviewed,",us1000d82v,",19,3,5,0.9765694444444445,MEDIUM,1,0,0.45999999999999996,0.9857142857142858,6.257142857142856
2017-08-25 19:20:28.750,"11 km SE of Ishikawa, Japan",4.8,6.37,140.5222,37.0637,earthquake,,0,reviewed,",us2000abu6,",19,8,4,0.12353333333333334,MEDIUM,1,0,0.48,0.9909,6.372699999999999
2017-12-04 03:51:44.180,"202 km W of Port McNeill, Canada",4.8,10.0,-129.9469,50.595,earthquake,,0,reviewed,",us1000bks1,",3,12,0,0.6466611111111111,MEDIUM,1,0,0.48,0.9857142857142858,6.357142857142857
2017-12-06 13:37:40.820,"Kermadec Islands, New Zealand",4.5,10.0,-177.8989,-30.5062,earthquake,,0,reviewed,",us2000c3v9,",13,12,2,5.666797222222223,MEDIUM,1,1,0.45,0.9857142857142858,6.207142857142856
2021-02-16 01:38:07.850,"20 km W of Port-Vila, Vanuatu",4.9,10.0,168.1189,-17.7334,earthquake,,0,reviewed,",us6000dk4i,",1,2,1,0.10203833333333334,MEDIUM,1,0,0.49000000000000005,0.9857142857142858,6.407142857142857
2019-08-12 14:41:56.840,"8 km ENE of P?pa‘ikou, Hawaii",4.52,41.99,-155.0196667,19.8073333,earthquake,,0,reviewed,",pt19224001,hv71084577,us6000540u,",14,8,0,0.7340172222222222,MEDIUM,1,2,0.45199999999999996,0.9400142857142857,6.080042857142857
2021-03-08 00:30:31.765,Kermadec Islands region,4.6,10.0,-176.969,-29.7123,earthquake,,0,reviewed,",us7000dgzm,",0,3,0,0.11080083333333333,MEDIUM,1,1,0.45999999999999996,0.9857142857142858,6.257142857142856
2018-10-17 02:58:54.340,"69 km SE of Katsuren-haebaru, Japan",4.8,18.41,128.4265,25.947,earthquake,,0,reviewed,",us1000hg1k,",2,10,2,1.595986111111111,MEDIUM,1,0,0.48,0.9737,6.3210999999999995
2023-02-14 13:16:50.827,"0 km ESE of Lele?ti, Romania",5.6,10.0,23.2013,45.0998,earthquake,yellow,0,reviewed,",us6000jnqz,usauto6000jnqz,",13,2,1,4.273886388888889,MEDIUM,1,0,0.5599999999999999,0.9857142857142858,6.757142857142856
2022-10-29 13:24:08.546,"91 km S of Atka, Alaska",4.7,40.181,-174.3759,51.3802,earthquake,,0,reviewed,",ak022dvo6lyg,us7000il62,",13,10,5,1.7305952777777778,MEDIUM,1,0,0.47000000000000003,0.9425985714285714,6.177795714285715
2021-08-03 21:04:32.049,"126 km ENE of Hasaki, Japan",4.5,10.0,142.1689,36.0787,earthquake,,0,reviewed,",us6000f47i,",21,8,1,0.17802416666666665,MEDIUM,1,0,0.45,0.9857142857142858,6.207142857142856
2017-08-03 11:30:05.780,Easter Island region,4.7,10.0,-114.5819,-23.1035,earthquake,,0,reviewed,",us2000a41u,",11,8,3,1.6294833333333334,MEDIUM,1,0,0.47000000000000003,0.9857142857142858,6.307142857142857
2020-04-20 11:38:52.620,"10 km SSE of Makurazaki, Japan",4.7,156.87,130.3759,31.1901,earthquake,,0,reviewed,",us700090e1,",11,4,0,3.3779627777777774,MEDIUM,1,0,0.47000000000000003,0.7759,5.6777
2015-03-30 02:12:47.390,southeast of the Loyalty Islands,5.0,54.31,170.6994,-22.5326,earthquake,,0,reviewed,",us10001rwu,",2,3,0,0.35566111111111115,MEDIUM,1,0,0.5,0.9224142857142857,6.267242857142858
2017-06-06 15:14:59.570,"26 km WNW of Poso, Indonesia",4.5,10.0,120.5419,-1.2843,earthquake,,0,reviewed,",us20009kxg,",15,6,1,1.4441527777777776,MEDIUM,1,0,0.45,0.9857142857142858,6.207142857142856
2024-05-06 18:55:43.012,"129 km NW of Sola, Vanuatu",4.9,86.737,166.7259,-13.0268,earthquake,,0,reviewed,",us6000mwst,",18,5,0,2.869365277777778,MEDIUM,1,0,0.49000000000000005,0.87609,6.07827
2022-04-19 07:07:10.346,Balleny Islands region,5.4,10.0,154.5792,-61.6873,earthquake,green,0,reviewed,",us7000h3ag,",7,4,1,0.017816944444444444,MEDIUM,1,0,0.54,0.9857142857142858,6.657142857142857
2015-09-17 05:44:39.960,"92 km WSW of Illapel, Chile",5.5,10.0,-72.1309,-31.8011,earthquake,green,0,reviewed,",us20003khn,iscgem610637536,",5,9,3,0.06172777777777778,MEDIUM,1,0,0.55,0.9857142857142858,6.707142857142857
2016-09-15 04:50:34.110,South Georgia Island region,4.7,10.0,-31.3661,-55.281,earthquake,,0,reviewed,",us10006psg,",4,9,3,0.4555444444444445,MEDIUM,1,0,0.47000000000000003,0.9857142857142858,6.307142857142857
2023-01-08 21:12:18.189,"14 km WSW of Port-Olry, Vanuatu",4.6,34.436,166.9387,-15.0776,earthquake,,0,reviewed,",us7000j58z,",21,1,6,1.2505869444444446,MEDIUM,1,0,0.45999999999999996,0.9508057142857143,6.152417142857142
2023-01-02 16:21:21.196,"161 km WSW of Merizo Village, Guam",4.5,69.938,143.3343,12.6191,earthquake,,0,reviewed,",us7000j449,",16,1,0,0.2306211111111111,MEDIUM,1,0,0.45,0.9000885714285715,5.950265714285714
2023-03-14 04:24:47.912,Pacific-Antarctic Ridge,5.5,10.0,-141.7994,-56.6423,earthquake,green,0,reviewed,",us7000jju1,",4,3,1,0.13403138888888888,MEDIUM,1,0,0.55,0.9857142857142858,6.707142857142857
2024-06-22 10:05:06.728,"134 km E of Hihifo, Tonga",4.6,10.0,-172.5409,-15.998,earthquake,,0,reviewed,",us6000n8xa,",10,6,5,0.14949305555555553,MEDIUM,1,1,0.45999999999999996,0.9857142857142858,6.257142857142856
2016-09-04 15:27:26.420,"8 km SW of Tagbina, Philippines",4.7,10.0,126.1275,8.3917,earthquake,,0,reviewed,",us10006kc8,",15,9,6,0.11924166666666666,MEDIUM,1,0,0.47000000000000003,0.9857142857142858,6.307142857142857
2023-08-17 21:11:31.920,"70 km NE of Savannah Bight, Honduras",4.7,10.0,-85.4677,16.9733,earthquake,,0,reviewed,",us7000kp4e,",21,8,3,3.5210219444444446,MEDIUM,1,0,0.47000000000000003,0.9857142857142858,6.307142857142857
2018-11-22 02:11:50.500,"58 km NNW of K?sh, Iran",4.7,10.0,53.76,27.0294,earthquake,,0,reviewed,",us1000hva5,",2,11,3,1.0746638888888889,MEDIUM,1,0,0.47000000000000003,0.9857142857142858,6.307142857142857
2019-02-28 19:55:34.040,"164 km NE of Gisborne, New Zealand",4.6,10.0,179.1999,-37.5069,earthquake,,0,reviewed,",us1000j8w6,",19,2,3,1.6409694444444445,MEDIUM,1,0,0.45999999999999996,0.9857142857142858,6.257142857142856
2020-03-21 03:52:46.124,"88 km W of Tobelo, Indonesia",4.5,117.16,127.2192,1.6646,earthquake,,0,reviewed,",us70008deg,",3,3,5,2.3196541666666666,MEDIUM,1,0,0.45,0.8326285714285715,5.747885714285714
2022-05-31 14:41:40.562,"129 km WSW of Adak, Alaska",5.0,47.83,-178.3262,51.3845,earthquake,,1,reviewed,",at00rcr4td,us7000hdtn,ak0226xyqciw,",14,5,1,1.0347358333333334,MEDIUM,1,0,0.5,0.9316714285714286,6.295014285714285
2020-09-05 16:28:47.266,"11 km WNW of Puerto Armuelles, Panama",4.5,10.0,-82.9599,8.3159,earthquake,,0,reviewed,",us7000biji,",16,9,5,3.127562222222222,MEDIUM,1,0,0.45,0.9857142857142858,6.207142857142856
2020-05-12 12:59:34.033,"277 km N of Kuril’sk, Russia",4.8,367.91,147.72,47.7209,earthquake,,0,reviewed,",us70009epd,",12,5,1,0.7738905555555555,MEDIUM,1,0,0.48,0.4744142857142857,4.823242857142857
2016-07-06 13:34:15.670,"51 km E of Neiafu, Tonga",4.7,10.0,-173.4919,-18.6505,earthquake,,0,reviewed,",us100063ae,",13,7,2,0.33818333333333334,MEDIUM,1,1,0.47000000000000003,0.9857142857142858,6.307142857142857
2017-09-17 20:34:51.920,"91 km ESE of Kokopo, Papua New Guinea",4.6,59.64,153.0412,-4.6228,earthquake,,0,reviewed,",us2000at5z,",20,9,6,0.0957388888888889,MEDIUM,1,0,0.45999999999999996,0.9148000000000001,6.0443999999999996
2015-12-09 14:14:01.430,"109 km SE of Amahai, Indonesia",5.4,10.0,129.6028,-4.0576,earthquake,,0,reviewed,",us20004fvt,",14,12,2,0.29543888888888886,MEDIUM,1,0,0.54,0.9857142857142858,6.657142857142857
2021-04-14 02:20:28.256,"45 km SSE of Bunia, Democratic Republic of the Congo",4.6,10.0,30.3849,1.1719,earthquake,,0,reviewed,",us6000e39d,",2,4,2,1.4912094444444446,MEDIUM,1,0,0.45999999999999996,0.9857142857142858,6.257142857142856
2018-11-20 20:16:02.790,"87 km S of Kuril’sk, Russia",4.7,101.46,148.0753,44.4524,earthquake,,0,reviewed,",us1000hul5,",20,11,1,0.7110583333333333,MEDIUM,1,0,0.47000000000000003,0.8550571428571428,5.915171428571428
2021-11-16 17:40:17.841,"Volcano Islands, Japan region",4.6,79.1,142.7794,23.2691,earthquake,,0,reviewed,",us7000fvig,",17,11,1,1.6897533333333334,MEDIUM,1,0,0.45999999999999996,0.887,5.960999999999999
2016-02-04 10:49:50.640,"153 km ESE of Gorontalo, Indonesia",4.6,77.92,124.3209,-0.022,earthquake,,0,reviewed,",us20004x1d,",10,2,3,1.9211861111111113,MEDIUM,1,0,0.45999999999999996,0.8886857142857143,5.966057142857143
2016-04-19 05:25:39.940,South Sandwich Islands region,6.2,14.0,-27.2307,-55.7283,earthquake,green,0,reviewed,",us20005jqc,gcmt20160419052539,iscgem611829626,",5,4,1,0.25411666666666666,HIGH,0,0,0.62,0.98,7.039999999999999
2017-11-02 16:53:30.230,"113 km ESE of Tadine, New Caledonia",5.4,10.0,168.9483,-21.7646,earthquake,,0,reviewed,",us2000bfrg,",16,11,3,0.03349166666666666,MEDIUM,1,0,0.54,0.9857142857142858,6.657142857142857
2024-11-15 02:08:13.027,"79 km WSW of Ternate, Indonesia",4.6,66.17,126.7461,0.476,earthquake,,0,reviewed,",us7000nrwg,",2,11,4,1.822138611111111,MEDIUM,1,0,0.45999999999999996,0.9054714285714286,6.016414285714285
2018-04-01 23:30:49.330,"7 km NW of Kandrian, Papua New Guinea",4.6,35.0,149.4882,-6.1665,earthquake,,0,reviewed,",us1000dc8n,",23,4,6,0.6015694444444445,MEDIUM,1,0,0.45999999999999996,0.95,6.149999999999999
2016-09-03 11:53:30.590,"133 km ENE of Opotiki, New Zealand",4.6,25.66,178.7022,-37.5681,earthquake,,0,reviewed,",us10006mfd,",11,9,5,0.9021444444444444,MEDIUM,1,0,0.45999999999999996,0.9633428571428572,6.190028571428571
2020-01-19 19:08:42.322,"2 km W of South Hutchinson, Kansas",4.5,5.0,-97.973,38.0246,earthquake,green,0,reviewed,",us60007att,",19,1,6,2.1728666666666667,MEDIUM,1,0,0.45,0.9928571428571429,6.228571428571429
2024-02-29 17:18:50.560,"69 km E of Aras-asan, Philippines",4.6,35.0,126.9381,8.784,earthquake,,0,reviewed,",us6000mfw3,",17,2,3,1.2820358333333333,MEDIUM,1,0,0.45999999999999996,0.95,6.149999999999999
2021-12-16 03:51:59.254,"Izu Islands, Japan region",4.8,10.0,142.3322,31.4987,earthquake,,0,reviewed,",us6000gcnd,",3,12,3,0.12019305555555555,MEDIUM,1,0,0.48,0.9857142857142858,6.357142857142857
2019-09-26 13:02:08.806,"215 km W of Frontera, Spain",4.8,10.0,-20.1771,27.9754,earthquake,,0,reviewed,",us70005lmr,",13,9,3,1.8934883333333334,MEDIUM,1,0,0.48,0.9857142857142858,6.357142857142857
2015-01-16 13:54:11.100,Southwest Indian Ridge,4.8,10.0,57.8175,-31.9731,earthquake,,0,reviewed,",usc000tj5t,",13,1,4,2.246566666666667,MEDIUM,1,0,0.48,0.9857142857142858,6.357142857142857
2020-10-23 15:27:50.443,South Shetland Islands,4.6,10.0,-58.2866,-62.3544,earthquake,,0,reviewed,",us7000c7g4,",15,10,4,4.493747222222222,MEDIUM,1,0,0.45999999999999996,0.9857142857142858,6.257142857142856
2024-04-25 09:09:03.076,"141 km ESE of Saipan, Northern Mariana Islands",5.1,10.0,146.8815,14.5517,earthquake,,0,reviewed,",us6000mtmz,usauto6000mtmz,",9,4,3,0.23672500000000002,MEDIUM,1,0,0.51,0.9857142857142858,6.507142857142857
2022-05-11 18:25:06.297,south of the Kermadec Islands,4.9,10.0,-178.5985,-32.8061,earthquake,,0,reviewed,",us6000hm0s,",18,5,2,0.6942591666666666,MEDIUM,1,1,0.49000000000000005,0.9857142857142858,6.407142857142857
2018-07-10 10:29:04.060,Southwest Indian Ridge,4.9,10.0,58.2257,-31.4807,earthquake,,0,reviewed,",us2000g45k,",10,7,1,0.04491666666666666,MEDIUM,1,0,0.49000000000000005,0.9857142857142858,6.407142857142857
2020-07-31 16:04:18.052,"150 km SSW of Kokopo, Papua New Guinea",5.2,35.0,151.7881,-5.6123,earthquake,,0,reviewed,",us6000b7hg,",16,7,4,4.735509722222222,MEDIUM,1,0,0.52,0.95,6.449999999999999
2020-03-17 11:14:10.411,south of the Kermadec Islands,4.5,10.0,-178.1132,-32.741,earthquake,,0,reviewed,",us70008gy4,",11,3,1,3.0352152777777777,MEDIUM,1,1,0.45,0.9857142857142858,6.207142857142856
2016-06-27 22:55:02.500,"71 km S of Sola, Vanuatu",4.5,176.83,167.529,-14.5176,earthquake,,0,reviewed,",us10005z78,",22,6,0,0.18469444444444444,MEDIUM,1,0,0.45,0.7473857142857143,5.492157142857143
2017-04-23 05:53:11.300,South Sandwich Islands region,4.6,106.55,-27.746,-56.2455,earthquake,,0,reviewed,",us10008n7c,",5,4,6,0.5271916666666667,MEDIUM,1,0,0.45999999999999996,0.8477857142857143,5.843357142857143
2024-08-18 21:31:16.300,"113 km W of Tual, Indonesia",4.6,10.0,131.7314,-5.5472,earthquake,,0,reviewed,",us7000n7ub,",21,8,6,2.7877775,MEDIUM,1,0,0.45999999999999996,0.9857142857142858,6.257142857142856
2024-08-01 23:36:25.360,"84 km E of Aras-asan, Philippines",4.6,10.0,127.076,8.9276,earthquake,,0,reviewed,",us7000n7yp,",23,8,3,0.28377027777777775,MEDIUM,1,0,0.45999999999999996,0.9857142857142858,6.257142857142856
2018-03-17 01:00:03.540,southeast of Easter Island,4.7,10.0,-95.2162,-37.0694,earthquake,,0,reviewed,",us1000d5im,",1,3,5,1.3120055555555556,MEDIUM,1,0,0.47000000000000003,0.9857142857142858,6.307142857142857
2020-07-21 14:43:35.864,"92 km ESE of Hihifo, Tonga",4.6,10.0,-172.9539,-16.1536,earthquake,,0,reviewed,",us6000b561,",14,7,1,1.2881980555555554,MEDIUM,1,1,0.45999999999999996,0.9857142857142858,6.257142857142856
2016-05-14 22:49:24.220,"70 km SW of Padangsidempuan, Indonesia",4.5,99.89,98.8325,0.9168,earthquake,,0,reviewed,",us10005iwk,",22,5,5,1.9533777777777777,MEDIUM,1,0,0.45,0.8573,5.821899999999999
2023-06-08 21:18:21.676,"106 km SSE of Ust’-Kamchatsk Staryy, Russia",4.8,10.0,163.0302,55.3229,earthquake,,0,reviewed,",us7000k78g,",21,6,3,0.7243788888888889,MEDIUM,1,0,0.48,0.9857142857142858,6.357142857142857
2021-11-11 13:06:44.061,"104 km SSE of Shache, China",4.5,10.0,77.5353,37.5069,earthquake,,0,reviewed,",us7000ft82,",13,11,3,2.8144530555555556,MEDIUM,1,0,0.45,0.9857142857142858,6.207142857142856
2018-01-01 20:08:08.820,"151 km NW of Nuku‘alofa, Tonga",4.5,214.27,-176.1155,-20.0808,earthquake,,0,reviewed,",us1000byui,",20,1,0,0.1322472222222222,MEDIUM,1,1,0.45,0.6939,5.3317000000000005
2020-06-10 03:24:24.080,"57 km SSW of Lithakiá, Greece",4.5,10.0,20.4774,37.28,earthquake,,0,reviewed,",us6000a92u,",3,6,2,1.203035,MEDIUM,1,0,0.45,0.9857142857142858,6.207142857142856
2022-03-01 15:37:06.152,"112 km W of Pariaman, Indonesia",4.5,66.53,99.1239,-0.4295,earthquake,,0,reviewed,",us6000h243,",15,3,1,0.4108302777777778,MEDIUM,1,0,0.45,0.9049571428571428,5.964871428571428
2015-02-02 15:13:39.750,"29 km NE of Gigmoto, Philippines",5.4,17.0,124.5783,13.9766,earthquake,,0,reviewed,",usc000tkzl,iscgem610585963,",15,2,0,4.153227777777778,MEDIUM,1,0,0.54,0.9757142857142858,6.627142857142857
2017-09-28 19:58:52.270,south of the Kermadec Islands,4.5,10.0,-178.2841,-33.2928,earthquake,,0,reviewed,",us2000b1wh,",19,9,3,0.7973805555555556,MEDIUM,1,1,0.45,0.9857142857142858,6.207142857142856
2015-05-07 14:34:39.770,"145 km SSW of Panguna, Papua New Guinea",4.9,10.0,154.7774,-7.4232,earthquake,,0,reviewed,",us20002de4,",14,5,3,0.1850111111111111,MEDIUM,1,0,0.49000000000000005,0.9857142857142858,6.407142857142857
2017-10-26 07:59:30.300,"37 km WNW of Agustín Codazzi, Colombia",4.8,86.02,-73.5644,10.1361,earthquake,,0,reviewed,",us1000ax2t,",7,10,3,7.7605249999999995,MEDIUM,1,0,0.48,0.8771142857142857,6.031342857142858
2022-02-05 22:20:24.158,southeast of the Loyalty Islands,4.9,10.0,171.8685,-22.7419,earthquake,,0,reviewed,",us7000gjpt,",22,2,5,1.0259155555555555,MEDIUM,1,0,0.49000000000000005,0.9857142857142858,6.407142857142857
2022-08-04 19:37:33.023,Kermadec Islands region,4.7,10.0,-176.2541,-27.2316,earthquake,,0,reviewed,",us6000ib27,",19,8,3,0.2273952777777778,MEDIUM,1,1,0.47000000000000003,0.9857142857142858,6.307142857142857
2022-12-26 20:02:25.258,"166 km NNW of Amahai, Indonesia",4.5,37.458,128.2079,-2.0173,earthquake,,0,reviewed,",us6000jbv4,",20,12,0,1.6757058333333334,MEDIUM,1,0,0.45,0.9464885714285715,6.089465714285715
2022-04-26 19:08:19.659,"23 km NW of Ambunti, Papua New Guinea",5.2,125.08,142.6934,-4.0434,earthquake,,0,reviewed,",us6000hghs,",19,4,1,1.8029625,MEDIUM,1,0,0.52,0.8213142857142857,6.063942857142857
2018-02-16 20:19:05.640,southeast of Easter Island,4.6,10.0,-90.5067,-41.143,earthquake,,0,reviewed,",us2000d892,",20,2,4,3.541552777777778,MEDIUM,1,0,0.45999999999999996,0.9857142857142858,6.257142857142856
2019-02-02 01:11:39.600,"79 km SSE of Hihifo, Tonga",5.3,35.0,-173.5706,-16.6409,earthquake,,0,reviewed,",pt19033050,us2000jc92,",1,2,5,0.010730555555555556,MEDIUM,1,1,0.53,0.95,6.5
2015-03-07 22:19:04.180,"119 km WNW of Tobelo, Indonesia",4.6,35.0,126.9765,2.0264,earthquake,,0,reviewed,",usc000twg1,",22,3,5,0.0018555555555555554,MEDIUM,1,0,0.45999999999999996,0.95,6.149999999999999
2023-05-10 16:33:52.247,"98 km WNW of Hihifo, Tonga",4.7,222.686,-174.6222,-15.5723,earthquake,,0,reviewed,",us6000kc2g,",16,5,2,0.02004916666666667,MEDIUM,1,1,0.47000000000000003,0.6818771428571428,5.395631428571429
2021-07-29 06:36:04.702,"136 km SE of Perryville, Alaska",4.5,25.0,-157.3565,55.2148,earthquake,,0,reviewed,",us6000f7an,ak0219nen7h2,",6,7,3,0.058706388888888884,MEDIUM,1,0,0.45,0.9642857142857143,6.142857142857142
2021-05-29 01:25:14.219,"214 km N of Palu, Indonesia",5.1,17.42,120.0848,1.019,earthquake,,0,reviewed,",us6000efq7,",1,5,5,0.37587000000000004,MEDIUM,1,0,0.51,0.9751142857142857,6.4753428571428575
2016-04-08 00:10:51.370,"117 km S of Akureyri, Iceland",4.6,7.3,-17.771,64.6366,earthquake,,0,reviewed,",us20005iej,",0,4,4,1.1379,MEDIUM,1,0,0.45999999999999996,0.9895714285714285,6.268714285714285
2017-06-25 14:14:06.000,"15 km NE of Calama, Chile",4.6,100.8,-68.804,-22.367,earthquake,,0,reviewed,",us20009pme,",14,6,6,4.470777777777777,MEDIUM,1,0,0.45999999999999996,0.856,5.868
2015-06-08 11:37:59.110,"257 km NNW of Puerto Ayora, Ecuador",4.7,10.0,-90.8031,1.5365,earthquake,,0,reviewed,",us20002mwp,",11,6,0,0.4597138888888889,MEDIUM,1,0,0.47000000000000003,0.9857142857142858,6.307142857142857
2015-01-27 00:53:19.120,"121 km SSW of Singkil, Indonesia",5.7,12.58,97.2402,1.3368,earthquake,green,0,reviewed,",usb000tii2,gcmt20150127005319,iscgem606597530,atlas20150127005319,",0,1,1,3.5465833333333334,MEDIUM,1,0,0.5700000000000001,0.9820285714285715,6.796085714285715
2016-04-04 12:32:45.000,"72 km NW of Illapel, Chile",5.3,24.36,-71.77,-31.2367,earthquake,,0,reviewed,",us20005eg7,iscgem608534586,",12,4,0,0.29165,MEDIUM,1,0,0.53,0.9652000000000001,6.545599999999999
2023-12-25 09:56:14.559,northern Mid-Atlantic Ridge,4.6,10.0,-41.9125,30.0034,earthquake,,0,reviewed,",us7000llch,",9,12,0,2.6133480555555555,MEDIUM,1,0,0.45999999999999996,0.9857142857142858,6.257142857142856
2018-08-30 01:43:02.280,"72 km W of Port-Vila, Vanuatu",4.6,10.0,167.6347,-17.8404,earthquake,,0,reviewed,",us2000habz,",1,8,3,1.4806888888888887,MEDIUM,1,0,0.45999999999999996,0.9857142857142858,6.257142857142856
2016-04-25 14:01:46.490,"72 km WNW of La Ligua, Chile",4.6,22.32,-71.9091,-32.1461,earthquake,,0,reviewed,",us20005lk7,",14,4,0,0.7836722222222222,MEDIUM,1,0,0.45999999999999996,0.9681142857142857,6.204342857142856
2018-05-12 01:29:29.810,"7 km SSE of Hakuba, Japan",5.1,9.94,137.9022,36.643,earthquake,,0,reviewed,",us1000e3dv,iscgem611934134,",1,5,5,0.9429638888888889,MEDIUM,1,0,0.51,0.9858,6.5074
2018-03-21 15:33:47.850,"28 km SSW of Tobelo, Indonesia",5.2,7.53,127.9345,1.4793,earthquake,,0,reviewed,",us1000d72a,iscgem617449685,",15,3,2,0.009183333333333333,MEDIUM,1,0,0.52,0.9892428571428571,6.567728571428572
2015-06-26 07:17:43.430,south of the Kermadec Islands,4.8,10.0,-178.0399,-32.0761,earthquake,,0,reviewed,",us10002lte,",7,6,4,2.631524444444444,MEDIUM,1,1,0.48,0.9857142857142858,6.357142857142857
2015-01-21 19:17:51.050,"63 km SW of Ust’-Kamchatsk Staryy, Russia",4.7,79.44,161.907,55.757,earthquake,,0,reviewed,",usc000thw9,",19,1,2,0.8789416666666667,MEDIUM,1,0,0.47000000000000003,0.8865142857142857,6.009542857142857
2020-10-03 09:31:31.262,"193 km SSE of Katsuura, Japan",5.8,28.85,140.9412,33.4766,earthquake,green,0,reviewed,",us6000c54x,pt20277000,",9,10,5,2.4462375,MEDIUM,1,0,0.58,0.9587857142857142,6.776357142857142
2021-09-18 01:21:59.894,"28 km ESE of Lata, Solomon Islands",4.5,110.23,166.037,-10.8156,earthquake,,0,reviewed,",us7000fdrp,",1,9,5,0.4315333333333333,MEDIUM,1,0,0.45,0.8425285714285714,5.777585714285713
2015-11-01 01:28:38.380,"19 km WSW of Carahue, Chile",4.9,21.96,-73.3682,-38.7833,earthquake,,0,reviewed,",us20004150,iscgem608005019,",1,11,6,0.3924722222222222,MEDIUM,1,0,0.49000000000000005,0.9686285714285714,6.355885714285714
2019-07-13 20:51:27.079,"51 km NE of Hihifo, Tonga",4.5,35.0,-173.4989,-15.5902,earthquake,,0,reviewed,",us70004qm3,",20,7,5,3.2430777777777777,MEDIUM,1,1,0.45,0.95,6.1
2015-06-24 08:37:15.210,"2 km N of Mandráki, Greece",4.8,147.19,27.1302,36.6375,earthquake,,0,reviewed,",us10002lbs,",8,6,2,6.907908333333333,MEDIUM,1,0,0.48,0.7897285714285714,5.7691857142857135
2021-03-04 19:46:16.966,"Kermadec Islands, New Zealand",5.7,10.0,-177.4478,-29.5606,earthquake,green,0,reviewed,",us7000dfm1,",19,3,3,0.041965555555555555,MEDIUM,1,1,0.5700000000000001,0.9857142857142858,6.807142857142857
2018-10-16 12:50:28.800,southeast of Easter Island,5.3,10.0,-104.1169,-35.4372,earthquake,,0,reviewed,",us1000hcvd,",12,10,1,0.501875,MEDIUM,1,0,0.53,0.9857142857142858,6.607142857142857
2020-12-24 16:55:11.263,Mid-Indian Ridge,4.7,10.0,79.3256,-41.7203,earthquake,,0,reviewed,",us6000d5sy,",16,12,3,0.6051380555555556,MEDIUM,1,0,0.47000000000000003,0.9857142857142858,6.307142857142857
2021-08-13 03:38:23.843,South Sandwich Islands region,5.1,10.0,-24.653,-58.7992,earthquake,,0,reviewed,",us6000f562,",3,8,4,0.19921722222222224,MEDIUM,1,0,0.51,0.9857142857142858,6.507142857142857
2016-07-19 22:25:32.210,"5 km ESE of Mitsukaid?, Japan",5.0,39.28,140.0323,35.9914,earthquake,,0,reviewed,",us20006fzz,iscgem611830177,",22,7,1,1.8405222222222222,MEDIUM,1,0,0.5,0.9438857142857143,6.331657142857142
2021-06-06 13:31:15.612,"22 km NNE of Santa Monica, Philippines",4.5,26.87,126.1496,10.1919,earthquake,,0,reviewed,",us7000ebsn,",13,6,6,1.4844105555555556,MEDIUM,1,0,0.45,0.9616142857142858,6.134842857142857
2021-11-24 18:20:05.576,South Indian Ocean,4.7,10.0,53.594,-36.1541,earthquake,,0,reviewed,",us7000fwur,",18,11,2,3.6919280555555556,MEDIUM,1,0,0.47000000000000003,0.9857142857142858,6.307142857142857
2016-10-15 22:22:35.620,"248 km NE of Saipan, Northern Mariana Islands",4.6,10.0,147.6161,16.5465,earthquake,,0,reviewed,",us20007fnj,",22,10,5,2.065002777777778,MEDIUM,1,0,0.45999999999999996,0.9857142857142858,6.257142857142856
2023-12-10 08:51:37.000,"29 km S of Ozernovskiy, Russia",4.6,154.336,156.532,51.228,earthquake,,0,reviewed,",us7000lhw2,",8,12,6,0.7380913888888888,MEDIUM,1,0,0.45999999999999996,0.77952,5.638559999999999
2023-09-09 00:06:14.503,"176 km NNE of Gili Air, Indonesia",5.6,512.824,116.5593,-6.8316,earthquake,green,0,reviewed,",us7000kufx,at00s0oyyf,pt23252000,",0,9,5,1.26995,MEDIUM,1,0,0.5599999999999999,0.2673942857142858,4.602182857142857
2024-01-26 10:36:46.192,"120 km W of Aykol, China",4.5,10.0,78.7309,41.1536,earthquake,,0,reviewed,",us7000lty5,",10,1,4,3.519069722222222,MEDIUM,1,0,0.45,0.9857142857142858,6.207142857142856
2021-12-24 21:38:26.265,"16 km W of Seltjarnarnes, Iceland",4.5,10.0,-22.3259,64.1718,earthquake,,0,reviewed,",us7000g9k0,",21,12,4,0.07330388888888889,MEDIUM,1,0,0.45,0.9857142857142858,6.207142857142856
2024-01-04 13:59:08.875,"Izu Islands, Japan region",4.6,10.0,139.6402,31.4856,earthquake,,0,reviewed,",us6000m1ry,",13,1,3,0.02879361111111111,MEDIUM,1,0,0.45999999999999996,0.9857142857142858,6.257142857142856
2021-11-08 16:15:01.611,"8 km SE of Ishikawa, Japan",4.7,35.96,140.5069,37.0912,earthquake,,0,reviewed,",us7000fsf4,",16,11,0,0.20331805555555557,MEDIUM,1,0,0.47000000000000003,0.9486285714285714,6.195885714285714
2021-04-26 08:31:35.918,"197 km SSE of ‘Ohonua, Tonga",4.6,10.0,-174.27,-22.9973,earthquake,,0,reviewed,",us7000dyzv,",8,4,0,4.091954166666667,MEDIUM,1,1,0.45999999999999996,0.9857142857142858,6.257142857142856
2015-08-24 13:32:48.060,"292 km ENE of Lospalos, Timor Leste",4.5,152.34,129.3624,-7.319,earthquake,,0,reviewed,",us20003hax,",13,8,0,1.697136111111111,MEDIUM,1,0,0.45,0.7823714285714286,5.5971142857142855
2023-09-17 09:59:00.188,"213 km W of Port McNeill, Canada",4.5,10.0,-130.0655,50.9315,earthquake,,1,reviewed,",us7000kwak,at00s14jqu,",9,9,6,5.953673333333333,MEDIUM,1,0,0.45,0.9857142857142858,6.207142857142856
2022-12-20 16:38:41.339,south of the Kermadec Islands,5.6,39.0,-179.7541,-33.7962,earthquake,green,0,reviewed,",us6000jall,",16,12,1,2.406363888888889,MEDIUM,1,1,0.5599999999999999,0.9442857142857143,6.632857142857142
2018-01-25 15:02:09.970,"27 km SE of Pimampiro, Ecuador",4.5,10.0,-77.761,0.216,earthquake,,0,reviewed,",us2000cp9e,",15,1,3,0.2771388888888889,MEDIUM,1,0,0.45,0.9857142857142858,6.207142857142856
2018-04-06 13:33:12.070,Pacific-Antarctic Ridge,4.8,10.0,-158.4128,-62.5137,earthquake,,0,reviewed,",us2000dzl3,",13,4,4,0.6221333333333333,MEDIUM,1,0,0.48,0.9857142857142858,6.357142857142857
2019-05-21 07:18:59.868,"103 km W of El Aguilar, Argentina",5.0,195.81,-66.689,-23.1389,earthquake,,0,reviewed,",us70003nut,",7,5,1,0.7654533333333333,MEDIUM,1,0,0.5,0.7202714285714286,5.660814285714285
2017-11-13 16:26:37.380,"52 km NNW of Pototano, Indonesia",4.7,10.0,117.3807,-7.9463,earthquake,,0,reviewed,",us2000bmpp,",16,11,0,0.5359277777777778,MEDIUM,1,0,0.47000000000000003,0.9857142857142858,6.307142857142857
2018-10-04 13:03:31.240,Mid-Indian Ridge,4.7,10.0,70.0548,-24.9753,earthquake,,0,reviewed,",us1000hajk,",13,10,3,3.719533333333333,MEDIUM,1,0,0.47000000000000003,0.9857142857142858,6.307142857142857
2019-06-28 15:51:31.302,"Maug Islands region, Northern Mariana Islands",6.4,410.0,144.3477,19.8515,earthquake,green,1,reviewed,",us700046la,pt19179000,at00pttg1w,",15,6,4,0.579778888888889,HIGH,0,0,0.64,0.41428571428571426,5.442857142857143
2018-02-25 22:28:10.160,"46 km SW of Tari, Papua New Guinea",5.3,18.58,142.6644,-6.1543,earthquake,,0,reviewed,",us2000d7u8,",22,2,6,0.15086388888888888,MEDIUM,1,0,0.53,0.9734571428571429,6.570371428571429
2020-05-10 00:57:26.852,"61 km W of Tobelo, Indonesia",4.6,136.84,127.4596,1.8087,earthquake,,0,reviewed,",us70009dk2,",0,5,6,0.9781216666666667,MEDIUM,1,0,0.45999999999999996,0.8045142857142857,5.713542857142857
2021-04-15 12:32:20.770,Kermadec Islands region,4.5,10.0,-176.9342,-29.1496,earthquake,,0,reviewed,",us6000e3ge,",12,4,3,1.932955,MEDIUM,1,1,0.45,0.9857142857142858,6.207142857142856
2023-05-01 02:22:29.661,"Ryukyu Islands, Japan",5.3,20.024,128.5201,26.0019,earthquake,,0,reviewed,",us7000jxaa,usauto7000jxaa,",2,5,0,0.024326666666666663,MEDIUM,1,0,0.53,0.9713942857142858,6.564182857142857
2022-01-02 14:33:36.212,southern Mid-Atlantic Ridge,4.8,10.0,-15.6247,-26.0719,earthquake,,0,reviewed,",us7000gbe6,",14,1,6,0.267955,MEDIUM,1,0,0.48,0.9857142857142858,6.357142857142857
2021-11-23 08:09:42.919,"19 km ENE of La Paz, Philippines",4.9,57.2,126.4317,9.0375,earthquake,,0,reviewed,",us7000fwed,",8,11,1,1.0375702777777778,MEDIUM,1,0,0.49000000000000005,0.9182857142857143,6.2048571428571435
2016-02-29 21:33:48.120,"67 km WNW of Neiafu, Tonga",5.2,89.74,-174.6103,-18.5276,earthquake,,0,reviewed,",us10004tn9,gcmt20160229213348,",21,2,0,1.7693527777777778,MEDIUM,1,1,0.52,0.8718,6.2154
2022-07-25 20:36:23.950,central Mid-Atlantic Ridge,4.6,10.0,-40.4804,9.4892,earthquake,,0,reviewed,",us6000i82p,",20,7,0,3.7267924999999997,MEDIUM,1,0,0.45999999999999996,0.9857142857142858,6.257142857142856
2023-09-08 17:08:26.514,"113 km SSE of Itoman, Japan",4.6,10.0,128.2464,25.2465,earthquake,,0,reviewed,",us7000kvjt,",17,9,4,0.5207455555555556,MEDIUM,1,0,0.45999999999999996,0.9857142857142858,6.257142857142856
2016-01-15 15:29:41.670,south of the Fiji Islands,4.7,483.81,-179.8273,-24.8078,earthquake,,0,reviewed,",us10004g15,",15,1,4,1.7328583333333334,MEDIUM,1,1,0.47000000000000003,0.3088428571428571,4.276528571428572
2023-04-08 17:06:40.297,Balleny Islands region,4.5,10.0,179.9789,-65.2105,earthquake,,0,reviewed,",us6000k4f5,",17,4,5,0.6521586111111112,MEDIUM,1,0,0.45,0.9857142857142858,6.207142857142856
2022-08-04 03:57:59.910,"Izu Islands, Japan region",4.8,10.0,142.5651,32.6061,earthquake,,0,reviewed,",us6000i7yx,",3,8,3,0.10879972222222221,MEDIUM,1,0,0.48,0.9857142857142858,6.357142857142857
2019-01-25 06:05:21.510,central Mid-Atlantic Ridge,4.6,10.0,-32.6423,5.1872,earthquake,,0,reviewed,",us2000jerg,",6,1,4,0.3955638888888889,MEDIUM,1,0,0.45999999999999996,0.9857142857142858,6.257142857142856
2019-01-01 16:39:16.490,"17 km NNE of Bor?zj?n, Iran",4.6,10.0,51.2694,29.4236,earthquake,,0,reviewed,",us2000iznl,",16,1,1,0.22783055555555556,MEDIUM,1,0,0.45999999999999996,0.9857142857142858,6.257142857142856
2022-01-05 01:08:02.011,"17 km SSE of Port-Vila, Vanuatu",5.0,57.97,168.3867,-17.88,earthquake,,0,reviewed,",us7000g93v,",1,1,2,0.36669666666666667,MEDIUM,1,0,0.5,0.9171857142857143,6.251557142857143
2019-12-22 03:58:10.226,Fiji region,4.5,568.88,-178.6777,-21.2579,earthquake,,0,reviewed,",us70006ppw,",3,12,6,0.582545,MEDIUM,1,1,0.45,0.18731428571428577,3.8119428571428573
2015-12-19 13:26:05.280,"78 km SW of Uvira, Democratic Republic of the Congo",4.8,10.0,28.5538,-3.7944,earthquake,,0,reviewed,",us100048cu,",13,12,5,0.45113055555555553,MEDIUM,1,0,0.48,0.9857142857142858,6.357142857142857
2019-07-28 08:59:51.305,"51 km SE of Buala, Solomon Islands",5.0,35.0,159.9636,-8.4236,earthquake,,0,reviewed,",us60004wqi,",8,7,6,1.5362533333333332,MEDIUM,1,0,0.5,0.95,6.349999999999999
2017-06-29 23:37:50.810,north of Ascension Island,4.7,10.0,-17.6466,0.4048,earthquake,,0,reviewed,",us1000979k,",23,6,3,2.967122222222222,MEDIUM,1,0,0.47000000000000003,0.9857142857142858,6.307142857142857
2018-12-28 05:50:44.160,"17 km WNW of Ürümqi, China",4.5,10.0,87.3922,43.8393,earthquake,,0,reviewed,",us2000iyiw,",5,12,4,2.786313888888889,MEDIUM,1,0,0.45,0.9857142857142858,6.207142857142856
2018-01-20 08:43:47.730,"49 km SE of Auki, Solomon Islands",4.5,44.34,161.0702,-9.0259,earthquake,,0,reviewed,",us1000cdr5,",8,1,5,1.0550333333333333,MEDIUM,1,0,0.45,0.9366571428571429,6.059971428571428
2022-02-26 14:16:43.339,"76 km NNW of Pante Makasar, Timor Leste",4.5,10.0,124.2411,-8.5193,earthquake,,0,reviewed,",us6000h1rj,",14,2,5,0.4266341666666667,MEDIUM,1,0,0.45,0.9857142857142858,6.207142857142856
2017-11-02 12:13:58.190,"182 km NNE of Fort Smith, Canada",4.6,10.0,-110.5716,61.5133,earthquake,,0,reviewed,",us2000bfj8,",12,11,3,0.2654611111111111,MEDIUM,1,0,0.45999999999999996,0.9857142857142858,6.257142857142856
2019-03-07 08:43:41.870,"77 km SSW of Sidareja, Indonesia",4.6,103.52,108.5228,-8.1316,earthquake,,0,reviewed,",us1000jbs5,",8,3,3,0.31058611111111106,MEDIUM,1,0,0.45999999999999996,0.8521142857142857,5.856342857142857
2020-06-16 12:21:34.554,"99 km SSW of Corinto, Nicaragua",4.7,17.34,-87.4965,11.6376,earthquake,,0,reviewed,",us6000act0,",12,6,1,1.0952594444444446,MEDIUM,1,0,0.47000000000000003,0.9752285714285714,6.275685714285713
2015-08-03 05:30:11.290,"57 km NE of Namie, Japan",5.0,43.15,141.5287,37.7836,earthquake,,0,reviewed,",us10002xe9,",5,8,0,0.22564722222222222,MEDIUM,1,0,0.5,0.9383571428571429,6.315071428571429
2018-09-16 13:10:48.390,"288 km E of Levuka, Fiji",5.4,550.28,-177.9614,-18.0824,earthquake,,0,reviewed,",us2000hfgl,",13,9,6,1.902761111111111,MEDIUM,1,1,0.54,0.21388571428571435,4.341657142857143
2015-03-20 20:52:36.170,"Kermadec Islands, New Zealand",4.8,10.0,-177.0421,-29.6912,earthquake,,0,reviewed,",us10001q8t,",20,3,4,0.9952694444444444,MEDIUM,1,1,0.48,0.9857142857142858,6.357142857142857
2023-09-22 16:36:54.785,Mid-Indian Ridge,4.5,10.0,70.6863,-25.9146,earthquake,,0,reviewed,",us6000lb56,",16,9,4,0.06107833333333333,MEDIUM,1,0,0.45,0.9857142857142858,6.207142857142856
2024-02-25 07:27:03.237,"14 km NNE of Pedernales, Ecuador",4.6,24.429,-80.0034,0.1948,earthquake,,0,reviewed,",us7000m1gh,",7,2,6,0.3516955555555556,MEDIUM,1,0,0.45999999999999996,0.9651014285714286,6.195304285714286
2024-06-13 04:19:20.464,south of the Fiji Islands,4.5,511.147,179.9984,-24.2648,earthquake,,0,reviewed,",us7000ms2i,",4,6,3,0.09839277777777777,MEDIUM,1,0,0.45,0.26979,4.0593699999999995
2023-07-26 22:08:16.167,"92 km SE of Sola, Vanuatu",4.7,10.0,168.0891,-14.5276,earthquake,,0,reviewed,",us6000kxkk,",22,7,2,0.6125461111111111,MEDIUM,1,0,0.47000000000000003,0.9857142857142858,6.307142857142857
2022-05-22 16:06:41.625,"104 km WNW of Kandrian, Papua New Guinea",4.8,78.06,148.6267,-6.019,earthquake,,0,reviewed,",us6000hn4p,",16,5,6,0.8195272222222222,MEDIUM,1,0,0.48,0.8884857142857143,6.065457142857142
2018-11-18 16:48:38.930,"113 km W of Kuqa, China",4.5,35.0,81.5708,41.749,earthquake,,0,reviewed,",us1000htki,",16,11,6,0.18815,MEDIUM,1,0,0.45,0.95,6.1
2020-06-14 14:34:50.289,"18 km E of Yedisu, Turkey",4.5,10.0,40.7508,39.417,earthquake,,0,reviewed,",us6000abp5,",14,6,6,0.1724411111111111,MEDIUM,1,0,0.45,0.9857142857142858,6.207142857142856
2015-08-11 16:46:10.700,"154 km ENE of Laikit, Laikit II (Dimembe), Indonesia",4.8,25.35,126.3138,1.8452,earthquake,,0,reviewed,",us10003158,",16,8,1,0.8838888888888888,MEDIUM,1,0,0.48,0.9637857142857142,6.291357142857143
2017-08-07 06:15:01.270,"76 km SSW of Acajutla, El Salvador",4.7,20.2,-90.093,12.9532,earthquake,,0,reviewed,",us2000a5fz,",6,8,0,0.9368861111111111,MEDIUM,1,0,0.47000000000000003,0.9711428571428572,6.263428571428571
2024-04-27 04:42:59.185,"254 km WSW of Adak, Alaska",4.9,55.814,179.7736,51.401,earthquake,,0,reviewed,",ak0245f81tcq,us6000mu7g,",4,4,5,0.7590294444444444,MEDIUM,1,0,0.49000000000000005,0.9202657142857142,6.2107971428571425
2023-12-08 16:09:47.231,"58 km E of Marihatag, Philippines",4.6,55.654,126.8256,8.7513,earthquake,,0,reviewed,",us7000lhj9,",16,12,4,0.7055808333333333,MEDIUM,1,0,0.45999999999999996,0.9204942857142857,6.061482857142856
2018-02-25 15:21:15.480,"4 km NNE of Psará, Greece",4.5,12.89,25.5872,38.5744,earthquake,,0,reviewed,",us2000d7pi,",15,2,6,0.6625472222222223,MEDIUM,1,0,0.45,0.9815857142857143,6.194757142857142
2016-10-25 18:45:34.090,"4 km NNE of Le Gosier, Guadeloupe",4.6,90.77,-61.4713,16.2394,earthquake,,0,reviewed,",us20007gpu,",18,10,1,0.5092222222222222,MEDIUM,1,0,0.45999999999999996,0.8703285714285715,5.910985714285713
2021-02-12 10:44:32.062,southeast of the Loyalty Islands,4.5,10.0,171.4555,-23.3266,earthquake,,0,reviewed,",us6000djah,",10,2,4,0.17200277777777778,MEDIUM,1,0,0.45,0.9857142857142858,6.207142857142856
2021-03-04 20:00:14.126,Kermadec Islands region,5.0,10.0,-176.778,-29.1131,earthquake,,0,reviewed,",us7000dhrk,",20,3,3,0.12717472222222223,MEDIUM,1,1,0.5,0.9857142857142858,6.457142857142857
2023-01-24 02:37:06.287,"176 km NW of Tobelo, Indonesia",4.6,35.0,126.8519,2.8189,earthquake,,0,reviewed,",us6000jluh,",2,1,1,0.11711444444444445,MEDIUM,1,0,0.45999999999999996,0.95,6.149999999999999
2016-04-05 08:29:20.950,"186 km SE of Sarangani, Philippines",5.9,35.0,126.6515,4.2073,earthquake,green,0,reviewed,",us20005fjj,gcmt20160405082921,iscgem613513478,atlas20160405082920,",8,4,1,0.021819444444444443,MEDIUM,1,0,0.5900000000000001,0.95,6.800000000000001
2022-04-30 17:34:05.382,"166 km NNE of Bamboo Flat, India",4.5,42.04,93.0378,13.1672,earthquake,,0,reviewed,",us7000h63j,",17,4,5,4.056477222222222,MEDIUM,1,0,0.45,0.9399428571428572,6.069828571428571
2018-08-11 05:54:48.730,"250 km ENE of Olonkinbyen, Svalbard and Jan Mayen",5.2,10.0,-2.2532,71.7969,earthquake,,0,reviewed,",us1000g6t2,",5,8,5,0.55825,MEDIUM,1,0,0.52,0.9857142857142858,6.557142857142857
2023-01-10 14:08:42.220,"243 km SW of Merizo Village, Guam",4.9,10.0,143.0853,11.7055,earthquake,,0,reviewed,",us7000j3ec,",14,1,1,4.405824444444445,MEDIUM,1,0,0.49000000000000005,0.9857142857142858,6.407142857142857
2016-06-25 18:28:38.860,Reykjanes Ridge,4.5,10.0,-35.3322,53.71,earthquake,,0,reviewed,",us200066tn,",18,6,5,0.4726138888888889,MEDIUM,1,0,0.45,0.9857142857142858,6.207142857142856
2016-01-14 04:26:14.650,northern Mid-Atlantic Ridge,4.7,10.0,-45.1018,13.5916,earthquake,,0,reviewed,",us10004fmw,",4,1,3,0.7990416666666668,MEDIUM,1,0,0.47000000000000003,0.9857142857142858,6.307142857142857
2016-11-13 12:56:22.280,"76 km NNE of Amberley, New Zealand",4.7,10.0,172.9259,-42.4801,earthquake,,0,reviewed,",us10007dbh,",12,11,6,0.057736111111111106,MEDIUM,1,0,0.47000000000000003,0.9857142857142858,6.307142857142857
2021-11-10 02:50:07.762,"104 km SW of Pelabuhanratu, Indonesia",5.1,21.04,105.8256,-7.5917,earthquake,,0,reviewed,",us7000fsv8,",2,11,2,1.38066,MEDIUM,1,0,0.51,0.9699428571428571,6.459828571428571
2017-04-08 08:36:35.580,"1 km SSW of Talahib Payap, Philippines",4.7,10.0,121.1318,13.6486,earthquake,,0,reviewed,",us10008ft1,",8,4,5,0.6353333333333333,MEDIUM,1,0,0.47000000000000003,0.9857142857142858,6.307142857142857
2022-08-04 03:51:28.231,"Izu Islands, Japan region",5.0,10.0,142.4545,32.7172,earthquake,,0,reviewed,",us6000i7y3,",3,8,3,0.005364166666666666,MEDIUM,1,0,0.5,0.9857142857142858,6.457142857142857
2021-02-04 17:02:04.030,"181 km WSW of Zangguy, China",4.5,93.66,76.829,36.7848,earthquake,,0,reviewed,",us6000degv,",17,2,3,1.4471894444444444,MEDIUM,1,0,0.45,0.8662,5.848599999999999
2018-05-14 10:31:19.820,"80 km NE of Miyako, Japan",5.0,40.33,142.6787,40.0942,earthquake,,0,reviewed,",us1000e4md,",10,5,0,6.321544444444445,MEDIUM,1,0,0.5,0.9423857142857143,6.327157142857143
2023-10-07 01:13:42.261,Kuril Islands,4.7,10.0,153.8971,47.1076,earthquake,,0,reviewed,",us6000ldn7,",1,10,5,1.0875191666666666,MEDIUM,1,0,0.47000000000000003,0.9857142857142858,6.307142857142857
2018-02-04 19:55:04.930,"63 km SSE of Maumere, Indonesia",5.1,138.46,122.4646,-9.1356,earthquake,,0,reviewed,",us1000cfsg,",19,2,6,1.660763888888889,MEDIUM,1,0,0.51,0.8022,5.9566
2022-02-16 18:49:57.724,Balleny Islands region,4.6,10.0,177.4034,-64.9284,earthquake,,0,reviewed,",us7000gmt2,",18,2,2,3.5201611111111113,MEDIUM,1,0,0.45999999999999996,0.9857142857142858,6.257142857142856
2022-12-13 11:23:44.336,"26 km NNE of Amlapura, Indonesia",4.6,10.0,115.7397,-8.2476,earthquake,,0,reviewed,",us6000j8z8,",11,12,1,0.7562969444444444,MEDIUM,1,0,0.45999999999999996,0.9857142857142858,6.257142857142856
2020-12-06 22:17:01.207,"84 km NE of Maketu, New Zealand",4.6,280.7,177.0589,-37.1831,earthquake,,0,reviewed,",us7000cnqg,",22,12,6,2.8798833333333334,MEDIUM,1,0,0.45999999999999996,0.599,5.0969999999999995
2023-02-25 01:52:14.484,South Sandwich Islands region,4.5,10.0,-23.9398,-57.9059,earthquake,,0,reviewed,",us7000jh34,",1,2,5,2.617588611111111,MEDIUM,1,0,0.45,0.9857142857142858,6.207142857142856
2016-08-19 10:07:04.740,South Georgia Island region,4.8,10.0,-31.2331,-55.3427,earthquake,,0,reviewed,",us10006ggq,",10,8,4,0.053705555555555555,MEDIUM,1,0,0.48,0.9857142857142858,6.357142857142857
2021-03-03 13:09:22.048,Lomonosov Ridge,5.0,10.0,-72.5536,87.3752,earthquake,,0,reviewed,",us7000df50,",13,3,2,0.016126666666666668,MEDIUM,1,-1,0.5,0.9857142857142858,6.457142857142857
2018-01-08 14:49:04.090,Tonga region,4.5,10.0,-172.599,-23.6421,earthquake,,0,reviewed,",us2000cmzs,",14,1,0,0.11895833333333333,MEDIUM,1,1,0.45,0.9857142857142858,6.207142857142856
2019-09-09 17:17:07.887,"0 km W of Puerto Galera, Philippines",5.0,192.32,120.9428,13.5027,earthquake,,0,reviewed,",us70005dqu,",17,9,0,0.38320638888888886,MEDIUM,1,0,0.5,0.7252571428571428,5.675771428571428
2019-09-04 20:07:15.278,"138 km WSW of Ternate, Indonesia",4.8,49.06,126.2728,0.233,earthquake,,0,reviewed,",us70005c3v,",20,9,2,0.5812552777777777,MEDIUM,1,0,0.48,0.9299142857142857,6.189742857142856
2018-01-11 20:08:41.120,"34 km W of Pyu, Myanmar",4.6,10.0,96.1126,18.5356,earthquake,,0,reviewed,",us2000cihi,",20,1,3,0.1882,MEDIUM,1,0,0.45999999999999996,0.9857142857142858,6.257142857142856
2016-09-13 06:14:51.150,"13 km S of Arkoúdi, Greece",4.6,10.0,21.1039,37.7297,earthquake,,0,reviewed,",us10006p7s,",6,9,1,6.6679611111111114,MEDIUM,1,0,0.45999999999999996,0.9857142857142858,6.257142857142856
2015-11-12 22:30:56.770,South Sandwich Islands region,4.5,31.7,-23.8509,-57.1491,earthquake,,0,reviewed,",us10003yqu,",22,11,3,2.693202777777778,MEDIUM,1,0,0.45,0.9547142857142857,6.114142857142857
2020-03-29 03:39:47.538,"18 km S of Ishigaki, Japan",4.7,10.0,124.1848,24.181,earthquake,,0,reviewed,",us70008i36,",3,3,6,0.013430833333333333,MEDIUM,1,0,0.47000000000000003,0.9857142857142858,6.307142857142857
2016-08-07 21:21:06.320,Pacific-Antarctic Ridge,5.1,10.0,-132.8221,-54.0224,earthquake,,0,reviewed,",us10006bzd,",21,8,6,3.273825,MEDIUM,1,0,0.51,0.9857142857142858,6.507142857142857
2017-11-24 14:11:35.240,off the east coast of the North Island of New Zealand,4.8,187.71,178.8094,-35.2664,earthquake,,0,reviewed,",us2000btxi,",14,11,4,0.11016666666666668,MEDIUM,1,0,0.48,0.7318428571428571,5.595528571428571
2024-09-18 03:46:53.152,"182 km S of Merizo Village, Guam",4.5,10.0,144.5146,11.6204,earthquake,,0,reviewed,",us6000ntas,",3,9,2,0.9591836111111112,MEDIUM,1,0,0.45,0.9857142857142858,6.207142857142856
2021-09-06 15:44:34.632,"212 km SE of Kokopo, Papua New Guinea",4.6,10.0,153.6072,-5.7238,earthquake,,0,reviewed,",us7000fb26,",15,9,0,0.1621975,MEDIUM,1,0,0.45999999999999996,0.9857142857142858,6.257142857142856
2017-09-08 05:34:28.120,"112 km SSW of Manuel Ávila Camacho (Ponte Duro), Mexico",5.1,44.46,-94.1118,14.9282,earthquake,,0,reviewed,",us2000arux,",5,9,4,0.013972222222222221,MEDIUM,1,0,0.51,0.9364857142857143,6.359457142857142
2020-12-28 04:53:56.029,southeast Indian Ridge,4.5,10.0,100.1086,-47.6932,earthquake,,0,reviewed,",us6000d6gd,",4,12,0,0.12733527777777778,MEDIUM,1,0,0.45,0.9857142857142858,6.207142857142856
2020-07-22 22:25:11.397,"28 km ENE of Copiapó, Chile",5.0,94.63,-70.0623,-27.2861,earthquake,,0,reviewed,",us6000b2a6,",22,7,2,0.7535766666666667,MEDIUM,1,0,0.5,0.8648142857142858,6.094442857142858
2023-12-18 03:58:59.547,"108 km E of Aras-asan, Philippines",4.6,10.0,127.2945,8.818,earthquake,,0,reviewed,",us6000m14j,",3,12,0,0.0602225,MEDIUM,1,0,0.45999999999999996,0.9857142857142858,6.257142857142856
2022-11-22 20:49:33.625,"near the east coast of the Kamchatka Peninsula, Russia",4.5,44.122,162.576,55.6035,earthquake,,0,reviewed,",us7000irm8,",20,11,1,0.9479116666666667,MEDIUM,1,0,0.45,0.9369685714285714,6.060905714285713
2020-12-12 21:00:06.754,"58 km S of Merizo Village, Guam",4.5,35.0,144.6659,12.7362,earthquake,,0,reviewed,",us7000crmn,",21,12,5,1.1539447222222223,MEDIUM,1,0,0.45,0.95,6.1
2021-08-13 00:00:01.732,South Sandwich Islands region,4.6,35.92,-25.0411,-58.4891,earthquake,,0,reviewed,",us6000f8yk,",0,8,4,0.032032222222222226,MEDIUM,1,0,0.45999999999999996,0.9486857142857142,6.146057142857142
2021-03-20 18:52:41.575,Vanuatu region,4.5,10.0,172.857,-18.0095,earthquake,,0,reviewed,",us6000dwt4,",18,3,5,0.4059230555555556,MEDIUM,1,0,0.45,0.9857142857142858,6.207142857142856
2020-08-27 07:01:08.675,"259 km NE of Saipan, Northern Mariana Islands",4.8,10.0,147.2358,17.0682,earthquake,,0,reviewed,",us7000bggr,",7,8,3,0.007297222222222222,MEDIUM,1,0,0.48,0.9857142857142858,6.357142857142857
2015-03-18 23:36:00.260,south of the Kermadec Islands,4.9,43.55,179.8031,-32.8455,earthquake,,0,reviewed,",us10001ptr,",23,3,2,1.5676444444444446,MEDIUM,1,0,0.49000000000000005,0.9377857142857143,6.263357142857143
2020-04-01 12:23:27.116,"274 km NE of Qamdo, China",5.4,10.0,98.9089,33.1265,earthquake,green,0,reviewed,",us70008kd8,",12,4,2,2.844997777777778,MEDIUM,1,0,0.54,0.9857142857142858,6.657142857142857
2021-03-07 11:48:44.300,"268 km NE of Gisborne, New Zealand",4.6,10.0,-179.8614,-36.9214,earthquake,,0,reviewed,",us7000djvd,",11,3,6,0.031976111111111115,MEDIUM,1,1,0.45999999999999996,0.9857142857142858,6.257142857142856
2015-01-12 21:51:58.410,"67 km SSW of Bengkulu, Indonesia",4.6,49.3,102.1025,-4.3846,earthquake,,0,reviewed,",usc000tezw,",21,1,0,1.4456222222222221,MEDIUM,1,0,0.45999999999999996,0.9295714285714286,6.0887142857142855
2023-02-09 07:18:17.198,Turkey-Syria border region,4.6,8.379,36.6603,36.9611,earthquake,,0,reviewed,",us6000jmnp,",7,2,3,0.7917088888888889,MEDIUM,1,0,0.45999999999999996,0.98803,6.264089999999999
2020-05-05 10:12:29.840,"97 km SW of Isangel, Vanuatu",4.7,10.0,168.7263,-20.2511,earthquake,,0,reviewed,",us70009ac9,",10,5,1,2.056537222222222,MEDIUM,1,0,0.47000000000000003,0.9857142857142858,6.307142857142857
2022-03-16 14:49:09.810,"88 km ENE of Namie, Japan",5.2,60.41,141.9317,37.7798,earthquake,,0,reviewed,",us6000h6h3,",14,3,2,0.04437111111111111,MEDIUM,1,0,0.52,0.9137,6.341099999999999
2018-07-26 03:47:03.370,"58 km NNE of Isangel, Vanuatu",4.5,261.5,169.5424,-19.0697,earthquake,,0,reviewed,",us2000ge58,",3,7,3,2.621961111111111,MEDIUM,1,0,0.45,0.6264285714285714,5.1292857142857144
2017-05-06 02:42:18.080,Mariana Islands region,4.6,303.11,143.0267,21.6632,earthquake,,0,reviewed,",us10008pzs,",2,5,5,2.0191916666666665,MEDIUM,1,0,0.45999999999999996,0.5669857142857142,5.000957142857142
2023-06-16 20:30:44.730,"266 km SSW of ?Ohonua, Tonga",5.5,13.985,-175.8992,-23.5832,earthquake,green,0,reviewed,",us7000k92j,",20,6,4,0.4795069444444444,MEDIUM,1,1,0.55,0.9800214285714286,6.690064285714286
2019-10-04 00:59:56.362,"116 km NE of Hihifo, Tonga",4.7,10.0,-172.9498,-15.2888,earthquake,,0,reviewed,",us70005tg7,",0,10,4,0.23276444444444444,MEDIUM,1,1,0.47000000000000003,0.9857142857142858,6.307142857142857
2015-11-26 06:01:22.990,"128 km SSW of Tarauacá, Brazil",4.6,602.14,-71.2903,-9.197,earthquake,,0,reviewed,",us1000426x,",6,11,3,0.08829722222222222,MEDIUM,1,0,0.45999999999999996,0.13980000000000004,3.7194000000000003
2018-05-01 01:58:31.460,"13 km S of Suaza, Colombia",4.5,35.86,-75.7791,1.859,earthquake,,0,reviewed,",us1000dv4s,",1,5,1,0.5036805555555556,MEDIUM,1,0,0.45,0.9487714285714286,6.096314285714286
2021-05-19 01:53:49.450,Kermadec Islands region,5.0,10.0,-176.6041,-29.2214,earthquake,,0,reviewed,",us7000e64g,",1,5,2,1.1916005555555556,MEDIUM,1,1,0.5,0.9857142857142858,6.457142857142857
2023-04-04 16:27:07.259,"7 km ESE of Chebika, Tunisia",5.0,10.0,8.008,34.2906,earthquake,,0,reviewed,",us6000k1z0,",16,4,1,0.4647516666666667,MEDIUM,1,0,0.5,0.9857142857142858,6.457142857142857
2023-08-10 23:53:19.887,"88 km SSW of Opunake, New Zealand",5.1,181.278,173.5365,-40.2095,earthquake,green,0,reviewed,",us6000kz5m,",23,8,3,1.0711119444444446,MEDIUM,1,0,0.51,0.7410314285714286,5.7730942857142855
2020-05-19 05:23:32.205,"20 km WSW of Toyoshina, Japan",4.6,10.0,137.6842,36.24,earthquake,,0,reviewed,",us70009kfh,",5,5,1,1.1756216666666668,MEDIUM,1,0,0.45999999999999996,0.9857142857142858,6.257142857142856
2024-05-15 12:42:45.697,"67 km S of Palekastro, Greece",4.5,45.963,26.3409,34.5907,earthquake,,0,reviewed,",us6000myqp,",12,5,2,2.5990622222222224,MEDIUM,1,0,0.45,0.9343385714285715,6.053015714285714
2015-02-14 11:46:43.310,"63 km WNW of San Antonio de los Cobres, Argentina",4.5,203.99,-66.8851,-23.9685,earthquake,,0,reviewed,",usb000tpbj,",11,2,5,0.5538472222222222,MEDIUM,1,0,0.45,0.7085857142857143,5.375757142857143
2016-12-17 22:48:34.790,"185 km ESE of Kokopo, Papua New Guinea",4.6,114.97,153.86,-4.8561,earthquake,,0,reviewed,",us2000822x,",22,12,5,0.16945277777777776,MEDIUM,1,0,0.45999999999999996,0.8357571428571429,5.807271428571429
2023-02-09 09:09:16.562,South Sandwich Islands region,5.4,35.0,-27.1882,-55.715,earthquake,green,0,reviewed,",usauto6000jmp8,us6000jmp8,",9,2,3,1.8498233333333332,MEDIUM,1,0,0.54,0.95,6.549999999999999
2023-01-20 05:48:28.582,"37 km ESE of ?funato, Japan",5.0,47.894,142.1003,38.9239,earthquake,,0,reviewed,",us7000j5pu,",5,1,4,0.942901388888889,MEDIUM,1,0,0.5,0.93158,6.29474
2017-03-17 20:40:05.250,"69 km NW of Gizo, Solomon Islands",4.5,28.43,156.3564,-7.6975,earthquake,,0,reviewed,",us20008ua6,",20,3,4,2.0816083333333335,MEDIUM,1,0,0.45,0.9593857142857143,6.128157142857143
2024-12-02 12:40:01.744,"98 km SSW of Banjar, Indonesia",4.6,22.973,107.0044,-7.9808,earthquake,,0,reviewed,",us7000nvfb,",12,12,0,0.3478983333333333,MEDIUM,1,0,0.45999999999999996,0.9671814285714285,6.201544285714285
2021-12-25 09:32:31.891,"139 km E of Hirara, Japan",4.6,10.0,126.6801,24.8206,earthquake,,0,reviewed,",us7000g9l5,",9,12,5,0.2054172222222222,MEDIUM,1,0,0.45999999999999996,0.9857142857142858,6.257142857142856
2021-01-02 13:26:46.551,"72 km E of Hualien City, Taiwan",4.5,23.93,122.3141,24.0311,earthquake,,0,reviewed,",us6000d50q,",13,1,5,0.39918305555555555,MEDIUM,1,0,0.45,0.9658142857142857,6.147442857142858
2019-09-04 18:09:44.217,"145 km WSW of Ternate, Indonesia",5.0,35.0,126.1741,0.2944,earthquake,,0,reviewed,",us70005c1i,",18,9,2,0.05766166666666667,MEDIUM,1,0,0.5,0.95,6.349999999999999
2024-05-28 01:31:35.135,"129 km SE of Bitung, Indonesia",4.5,41.858,125.9548,0.6152,earthquake,,0,reviewed,",us6000n1d8,",1,5,1,0.12970222222222222,MEDIUM,1,0,0.45,0.9402028571428571,6.07060857142857
2024-09-14 14:33:42.339,"201 km SE of Perryville, Alaska",4.5,1.9,-156.8149,54.6823,earthquake,,0,reviewed,",us7000ndsv,ak024bux6req,",14,9,5,2.715514166666667,MEDIUM,1,0,0.45,0.9972857142857143,6.2418571428571425
2024-01-01 07:18:41.584,"8 km SW of Anamizu, Japan",6.2,10.0,136.8272,37.1895,earthquake,green,0,reviewed,",us6000m0xm,",7,1,0,0.1422522222222222,HIGH,0,0,0.62,0.9857142857142858,7.057142857142856
2019-07-24 13:50:58.405,Macquarie Island region,4.5,10.0,158.7683,-54.5727,earthquake,,0,reviewed,",us60004ykl,",13,7,2,0.5608791666666667,MEDIUM,1,0,0.45,0.9857142857142858,6.207142857142856
2019-02-08 16:30:19.980,"214 km ENE of Olonkinbyen, Svalbard and Jan Mayen",4.6,10.0,-3.0759,71.5625,earthquake,,0,reviewed,",us2000jnej,",16,2,4,0.2396333333333333,MEDIUM,1,0,0.45999999999999996,0.9857142857142858,6.257142857142856
2017-09-09 05:22:18.770,"62 km S of San Francisco del Mar Viejo, Mexico",4.7,51.46,-94.7033,15.6728,earthquake,,0,reviewed,",us2000aimb,",5,9,5,0.45740555555555557,MEDIUM,1,0,0.47000000000000003,0.9264857142857142,6.129457142857142
2021-08-07 19:53:51.056,"70 km NW of Port-Vila, Vanuatu",4.9,25.69,167.88,-17.26,earthquake,,0,reviewed,",us6000f37x,",19,8,5,1.3796588888888888,MEDIUM,1,0,0.49000000000000005,0.9633,6.3399
2024-07-06 17:34:28.033,"12 km SW of Savália, Greece",4.9,8.405,21.1923,37.7436,earthquake,,0,reviewed,",us7000mxgj,",17,7,5,0.14137472222222222,MEDIUM,1,0,0.49000000000000005,0.9879928571428571,6.413978571428571
2019-05-13 10:53:20.047,"21 km ESE of Sarangani, Philippines",4.6,167.14,125.6437,5.3296,earthquake,,0,reviewed,",us70003kbs,",10,5,0,0.8956427777777778,MEDIUM,1,0,0.45999999999999996,0.7612285714285715,5.583685714285714
2019-06-16 00:07:58.063,"Kermadec Islands, New Zealand",4.5,35.0,-178.1063,-30.6029,earthquake,,0,reviewed,",us600044a8,",0,6,6,0.13085,MEDIUM,1,1,0.45,0.95,6.1
2018-11-02 02:58:47.090,"108 km NNW of Antofagasta, Chile",4.5,13.14,-70.9837,-22.834,earthquake,,0,reviewed,",us2000i5qd,",2,11,4,0.4269472222222222,MEDIUM,1,0,0.45,0.9812285714285714,6.193685714285714
2020-03-05 13:30:56.591,Bouvet Island region,4.7,10.0,-1.733,-54.2436,earthquake,,0,reviewed,",us60008d83,",13,3,3,0.3196658333333333,MEDIUM,1,0,0.47000000000000003,0.9857142857142858,6.307142857142857
2018-09-06 02:22:15.410,Kermadec Islands region,4.7,80.0,-178.7924,-31.7956,earthquake,,0,reviewed,",us2000hgjw,",2,9,3,1.6061833333333333,MEDIUM,1,1,0.47000000000000003,0.8857142857142857,6.007142857142856
2021-03-04 23:41:55.668,"Kermadec Islands, New Zealand",5.1,10.0,-177.2685,-29.2031,earthquake,,0,reviewed,",us7000dfqq,",23,3,3,0.07938388888888888,MEDIUM,1,1,0.51,0.9857142857142858,6.507142857142857
2017-09-15 21:48:46.220,"78 km NNW of Finschhafen, Papua New Guinea",4.6,108.71,147.5618,-5.9077,earthquake,,0,reviewed,",us2000antf,",21,9,4,3.0121305555555558,MEDIUM,1,0,0.45999999999999996,0.8447,5.834099999999999
2020-10-22 10:54:51.074,Reykjanes Ridge,4.6,10.0,-34.7971,52.7123,earthquake,,0,reviewed,",us6000cbaf,",10,10,3,0.7328994444444444,MEDIUM,1,0,0.45999999999999996,0.9857142857142858,6.257142857142856
2017-04-16 19:55:08.530,"200 km WNW of Panguna, Papua New Guinea",4.9,45.06,153.9093,-5.4235,earthquake,,0,reviewed,",us10008i6e,",19,4,6,0.07826666666666666,MEDIUM,1,0,0.49000000000000005,0.9356285714285715,6.256885714285715
2019-03-13 10:55:13.370,"13 km SSE of Volcano, Hawaii",5.54,6.97,-155.2005,19.3258333,earthquake,green,0,reviewed,",pt19072050,hv70863117,us1000jep6,",10,3,2,2.1826941666666664,MEDIUM,1,2,0.554,0.9900428571428571,6.740128571428571
2018-07-17 18:42:40.620,"159 km SSW of Fukuech?, Japan",4.7,8.83,128.1405,31.3888,earthquake,,0,reviewed,",us2000g784,",18,7,1,3.371322222222222,MEDIUM,1,0,0.47000000000000003,0.9873857142857143,6.312157142857143
2023-11-21 07:10:14.505,"101 km SSE of Popondetta, Papua New Guinea",5.5,6.0,148.6819,-9.5673,earthquake,green,0,reviewed,",usauto6000lprf,us6000lprf,",7,11,1,0.0975263888888889,MEDIUM,1,0,0.55,0.9914285714285714,6.724285714285715
2018-09-01 11:12:38.350,northern Mid-Atlantic Ridge,4.8,10.0,-28.2501,44.3659,earthquake,,0,reviewed,",us2000h6fj,",11,9,5,4.012894444444444,MEDIUM,1,0,0.48,0.9857142857142858,6.357142857142857
2015-02-05 05:38:57.800,"16 km ENE of La Fría, Venezuela",4.6,10.0,-72.1265,8.2948,earthquake,,0,reviewed,",usc000tluz,iscgem606696908,",5,2,3,0.9684222222222223,MEDIUM,1,0,0.45999999999999996,0.9857142857142858,6.257142857142856
2024-08-08 12:49:16.076,"51 km W of Otobe, Japan",5.2,193.573,139.5219,42.0164,earthquake,,0,reviewed,",us6000niuu,",12,8,3,3.8204724999999997,MEDIUM,1,0,0.52,0.7234671428571429,5.770401428571429
2020-10-05 20:01:14.492,"214 km ESE of Hihifo, Tonga",4.5,10.0,-171.9849,-16.7972,earthquake,,0,reviewed,",us6000c72j,",20,10,0,0.9538691666666667,MEDIUM,1,1,0.45,0.9857142857142858,6.207142857142856
2017-11-02 21:37:36.610,"106 km E of Tadine, New Caledonia",4.6,4.54,168.8992,-21.6422,earthquake,,0,reviewed,",us2000bhd1,",21,11,3,0.18987222222222222,MEDIUM,1,0,0.45999999999999996,0.9935142857142857,6.280542857142857
2021-02-02 08:26:59.916,South Sandwich Islands region,4.7,10.0,-28.205,-55.1927,earthquake,,0,reviewed,",us6000dfzl,",8,2,1,0.3629286111111111,MEDIUM,1,0,0.47000000000000003,0.9857142857142858,6.307142857142857
2024-12-29 17:10:44.328,"13 km NNW of Āwash, Ethiopia",4.9,10.0,40.1109,9.0898,earthquake,,0,reviewed,",us6000pgbj,",17,12,6,9.143053055555557,MEDIUM,1,0,0.49000000000000005,0.9857142857142858,6.407142857142857
2024-02-09 08:42:33.870,"7 km ESE of Itō, Japan",4.5,167.587,139.1653,34.9465,earthquake,,0,reviewed,",us7000lxy8,",8,2,4,0.4279761111111111,MEDIUM,1,0,0.45,0.76059,5.53177
2023-04-13 03:21:19.466,"Nicobar Islands, India region",4.9,10.0,93.8956,8.9297,earthquake,,0,reviewed,",us6000k3z1,",3,4,3,0.5797580555555555,MEDIUM,1,0,0.49000000000000005,0.9857142857142858,6.407142857142857
2016-05-23 06:54:04.510,east of the Kuril Islands,4.5,31.72,152.3663,44.3133,earthquake,,0,reviewed,",us10005jab,",6,5,0,3.181,MEDIUM,1,0,0.45,0.9546857142857142,6.114057142857142
2020-04-17 16:05:40.797,"184 km ESE of Kimbe, Papua New Guinea",4.6,10.0,151.6462,-6.2497,earthquake,,0,reviewed,",us70008yld,",16,4,4,1.146073611111111,MEDIUM,1,0,0.45999999999999996,0.9857142857142858,6.257142857142856
2023-04-24 04:49:30.722,"Kermadec Islands, New Zealand",4.6,35.0,-177.6653,-29.9608,earthquake,,0,reviewed,",us7000jwpy,",4,4,0,0.1998611111111111,MEDIUM,1,1,0.45999999999999996,0.95,6.149999999999999
2016-09-14 15:59:34.140,"28 km NE of Mutatá, Colombia",4.8,10.0,-76.2278,7.3934,earthquake,,0,reviewed,",us10006pht,",15,9,2,1.3247833333333334,MEDIUM,1,0,0.48,0.9857142857142858,6.357142857142857
2018-08-10 05:57:19.130,"102 km W of Neiafu, Tonga",4.9,133.68,-174.9501,-18.749,earthquake,,0,reviewed,",us1000g681,",5,8,4,1.414888888888889,MEDIUM,1,1,0.49000000000000005,0.8090285714285714,5.877085714285714
2024-04-17 22:07:00.002,"11 km WNW of Sulusaray, Turkey",4.6,3.765,35.9571,40.018,earthquake,,0,reviewed,",us7000mcs6,",22,4,2,0.34591416666666663,MEDIUM,1,0,0.45999999999999996,0.9946214285714285,6.2838642857142855
2024-05-08 09:03:35.090,"122 km E of Port-Olry, Vanuatu",4.6,10.0,168.214,-15.0602,earthquake,,0,reviewed,",us6000mx5u,",9,5,2,0.38080527777777773,MEDIUM,1,0,0.45999999999999996,0.9857142857142858,6.257142857142856
2023-04-10 15:22:05.690,southern Mid-Atlantic Ridge,5.0,10.0,-9.9165,-48.1671,earthquake,,0,reviewed,",us6000k3ar,",15,4,0,4.011920277777778,MEDIUM,1,0,0.5,0.9857142857142858,6.457142857142857
2017-05-01 08:28:41.130,"70 km NE of Opotiki, New Zealand",4.6,149.47,177.7768,-37.507,earthquake,,0,reviewed,",us10008mdp,",8,5,0,1.1861944444444446,MEDIUM,1,0,0.45999999999999996,0.7864714285714286,5.659414285714286
2017-06-15 00:30:22.720,"Kermadec Islands, New Zealand",5.0,35.0,-177.7316,-30.5432,earthquake,,0,reviewed,",us20009nun,",0,6,3,0.06810277777777778,MEDIUM,1,1,0.5,0.95,6.349999999999999
2024-05-17 23:57:24.827,"112 km E of Port-Vila, Vanuatu",4.5,10.0,169.3604,-17.8971,earthquake,,0,reviewed,",us6000n0ib,",23,5,4,2.1766969444444446,MEDIUM,1,0,0.45,0.9857142857142858,6.207142857142856
2022-06-21 20:54:34.410,"55 km SW of Kh?st, Afghanistan",6.0,4.0,69.4639,33.0203,earthquake,orange,0,reviewed,",us7000hj3u,usauto7000hj3u,pt22172002,at00rdui34,",20,6,1,0.15134611111111113,HIGH,0,0,0.6,0.9942857142857143,6.982857142857143
2017-09-04 21:55:19.000,"92 km SSE of Arica, Chile",5.2,61.06,-70.0097,-19.2621,earthquake,green,0,reviewed,",us2000afnk,",21,9,0,0.03411111111111111,MEDIUM,1,0,0.52,0.9127714285714286,6.338314285714285
2015-12-25 06:04:31.060,"78 km SW of Atocha, Bolivia",4.5,206.09,-66.7029,-21.4781,earthquake,,0,reviewed,",us100049fv,",6,12,4,0.8301777777777778,MEDIUM,1,0,0.45,0.7055857142857143,5.366757142857143
2015-06-23 22:35:20.120,"27 km NW of Van, Turkey",4.5,5.0,43.1797,38.6873,earthquake,,0,reviewed,",us10002l9m,",22,6,1,2.4338444444444445,MEDIUM,1,0,0.45,0.9928571428571429,6.228571428571429
2022-03-24 04:11:53.802,"near the east coast of Honshu, Japan",4.5,51.74,141.8194,37.8092,earthquake,,0,reviewed,",us7000gwrp,",4,3,3,1.0638544444444444,MEDIUM,1,0,0.45,0.9260857142857143,6.028257142857143
2021-02-28 21:27:05.233,South Sandwich Islands region,4.7,118.79,-26.5506,-56.7796,earthquake,,0,reviewed,",us7000dfjv,",21,2,6,0.05416888888888889,MEDIUM,1,0,0.47000000000000003,0.8303,5.8408999999999995
2023-02-16 10:29:04.966,"15 km NE of Hermleigh, Texas",4.7,7.849975586,-100.6594179,32.7456665,earthquake,green,0,reviewed,",us6000jpbv,tx2023dgvx,",10,2,3,0.0924175,MEDIUM,1,0,0.47000000000000003,0.9887857491628571,6.316357247488571
2021-09-17 19:36:07.458,Kuril Islands,5.0,88.34,153.8981,48.2461,earthquake,,0,reviewed,",us7000fc86,",19,9,4,0.40122166666666664,MEDIUM,1,0,0.5,0.8738,6.1214
2019-01-22 12:52:21.240,"193 km E of Lospalos, Timor Leste",4.8,10.0,128.7408,-8.3051,earthquake,,0,reviewed,",us2000j77s,",12,1,1,0.6799638888888888,MEDIUM,1,0,0.48,0.9857142857142858,6.357142857142857
2019-09-01 02:34:50.972,southern East Pacific Rise,5.5,10.0,-114.7806,-49.8557,earthquake,green,0,reviewed,",us70005arj,",2,9,6,2.6694513888888887,MEDIUM,1,0,0.55,0.9857142857142858,6.707142857142857
2017-04-29 17:58:43.760,"75 km SSW of Masachapa, Nicaragua",4.8,40.96,-86.7945,11.159,earthquake,,0,reviewed,",us10008m1x,",17,4,5,0.10616666666666666,MEDIUM,1,0,0.48,0.9414857142857143,6.224457142857141
2023-10-19 15:20:16.935,southeast of the Loyalty Islands,4.6,10.0,170.7732,-23.3086,earthquake,,0,reviewed,",us7000l606,",15,10,3,0.7613547222222222,MEDIUM,1,0,0.45999999999999996,0.9857142857142858,6.257142857142856
2020-12-11 13:05:08.561,"94 km S of Xinyuan, China",4.6,10.0,83.0543,42.586,earthquake,,0,reviewed,",us7000crke,",13,12,4,0.11718138888888889,MEDIUM,1,0,0.45999999999999996,0.9857142857142858,6.257142857142856
2024-06-19 20:28:55.227,"247 km SSW of Banjar, Indonesia",4.6,10.0,106.6125,-9.2833,earthquake,,0,reviewed,",us7000mthe,",20,6,2,1.019206388888889,MEDIUM,1,0,0.45999999999999996,0.9857142857142858,6.257142857142856
2017-09-16 20:14:57.370,"67 km NNW of San Antonio de los Cobres, Argentina",4.6,197.95,-66.6455,-23.6919,earthquake,,0,reviewed,",us2000ap9e,",20,9,5,0.6579361111111112,MEDIUM,1,0,0.45999999999999996,0.7172142857142858,5.451642857142857
2017-01-27 16:11:49.020,Pacific-Antarctic Ridge,4.8,10.0,-150.5995,-56.6557,earthquake,,0,reviewed,",us20008iw7,",16,1,4,1.227486111111111,MEDIUM,1,0,0.48,0.9857142857142858,6.357142857142857
2021-12-08 23:03:12.166,"92 km ENE of Petropavlovsk-Kamchatsky, Russia",4.6,68.13,159.8793,53.4128,earthquake,,0,reviewed,",us6000gap6,",23,12,2,0.6843152777777778,MEDIUM,1,0,0.45999999999999996,0.9026714285714286,6.008014285714286
2024-10-02 19:41:00.677,"24 km W of Villa El Carmen, Nicaragua",4.6,105.322,-86.7285,11.988,earthquake,,0,reviewed,",us6000nw5b,",19,10,2,1.7048769444444445,MEDIUM,1,0,0.45999999999999996,0.84954,5.84862
2018-05-02 19:12:02.730,southern Mid-Atlantic Ridge,4.7,10.0,-13.5056,-31.3579,earthquake,,0,reviewed,",us1000e1cq,",19,5,2,3.035547222222222,MEDIUM,1,0,0.47000000000000003,0.9857142857142858,6.307142857142857
2022-01-14 12:44:44.186,"Bonin Islands, Japan region",4.9,10.71,142.8437,28.0842,earthquake,,0,reviewed,",us7000gbyj,",12,1,4,2.6197541666666666,MEDIUM,1,0,0.49000000000000005,0.9847,6.404100000000001
2022-07-15 07:04:57.856,"146 km NNE of Calama, Chile",4.5,134.204,-68.4697,-21.2016,earthquake,,0,reviewed,",us6000i2lk,",7,7,4,2.4859280555555556,MEDIUM,1,0,0.45,0.80828,5.67484
2022-01-11 14:43:25.713,"81 km SE of Nikolski, Alaska",4.7,10.0,-168.0855,52.376,earthquake,,0,reviewed,",ak022ifi5wk,us7000gayj,",14,1,1,1.227313611111111,MEDIUM,1,0,0.47000000000000003,0.9857142857142858,6.307142857142857
2021-01-19 05:58:50.213,Mid-Indian Ridge,4.6,10.0,66.2566,-13.116,earthquake,,0,reviewed,",us7000d3qk,",5,1,1,0.9628869444444444,MEDIUM,1,0,0.45999999999999996,0.9857142857142858,6.257142857142856
2016-05-16 13:39:32.460,South Sandwich Islands region,4.6,10.0,-26.8282,-55.7206,earthquake,,0,reviewed,",us10005jl6,",13,5,0,1.274988888888889,MEDIUM,1,0,0.45999999999999996,0.9857142857142858,6.257142857142856
2019-02-06 11:55:10.130,"106 km NE of Tobelo, Indonesia",4.9,35.68,128.7812,2.2909,earthquake,,0,reviewed,",us2000je5t,",11,2,2,0.7270611111111112,MEDIUM,1,0,0.49000000000000005,0.9490285714285714,6.297085714285714
2017-11-19 10:36:16.390,south of the Fiji Islands,4.6,543.99,-178.872,-23.6486,earthquake,,0,reviewed,",us2000bvik,",10,11,6,0.49529999999999996,MEDIUM,1,1,0.45999999999999996,0.2228714285714286,3.9686142857142856
2024-04-15 18:17:01.676,"43 km SW of Attu Station, Alaska",4.6,26.8,172.7376,52.5626,earthquake,,0,reviewed,",us7000mc91,ak0244vlscfj,",18,4,0,1.4245491666666668,MEDIUM,1,0,0.45999999999999996,0.9617142857142857,6.185142857142857
2016-11-15 13:13:39.450,"102 km SSW of Merizo Village, Guam",4.6,10.0,144.4008,12.3798,earthquake,,0,reviewed,",us10007did,",13,11,1,0.7085722222222223,MEDIUM,1,0,0.45999999999999996,0.9857142857142858,6.257142857142856
2015-04-01 02:02:01.250,"110 km SSE of Kokopo, Papua New Guinea",4.7,38.49,152.5748,-5.2962,earthquake,,0,reviewed,",us200026a7,",2,4,2,0.2792638888888889,MEDIUM,1,0,0.47000000000000003,0.9450142857142857,6.185042857142857
2022-03-31 20:09:49.692,"299 km ESE of Tadine, New Caledonia",4.5,10.0,170.5407,-22.6294,earthquake,,0,reviewed,",us7000gzw9,",20,3,3,0.1451602777777778,MEDIUM,1,0,0.45,0.9857142857142858,6.207142857142856
2018-05-31 11:24:55.480,"90 km SSE of Kokopo, Papua New Guinea",4.7,54.76,152.6458,-5.0717,earthquake,,0,reviewed,",us1000efgy,",11,5,3,0.03608611111111111,MEDIUM,1,0,0.47000000000000003,0.9217714285714286,6.115314285714285
2018-11-11 19:26:37.120,"103 km WSW of Khuzdar, Pakistan",4.5,26.86,65.6693,27.4077,earthquake,,0,reviewed,",us1000hqmh,",19,11,6,1.3679972222222223,MEDIUM,1,0,0.45,0.9616285714285714,6.134885714285714
2019-02-13 11:44:01.840,"270 km E of Kuril’sk, Russia",4.9,35.0,151.3158,45.3868,earthquake,,0,reviewed,",us2000jh6t,",11,2,2,0.8367547222222222,MEDIUM,1,0,0.49000000000000005,0.95,6.3
2023-06-07 09:53:50.779,"20 km SSW of Nyaungdon, Myanmar",4.8,10.0,95.5462,16.8861,earthquake,,0,reviewed,",us7000k6tu,",9,6,2,7.47337,MEDIUM,1,0,0.48,0.9857142857142858,6.357142857142857
2024-12-14 00:00:56.869,"20 km SW of San Nicolás, Mexico",4.5,10.0,-98.6595,16.2971,earthquake,,0,reviewed,",us6000ph66,",0,12,5,0.3773986111111111,MEDIUM,1,0,0.45,0.9857142857142858,6.207142857142856
2020-11-10 19:42:57.684,South Sandwich Islands region,4.6,34.06,-25.7156,-59.1059,earthquake,,0,reviewed,",us7000cei1,",19,11,1,0.9912669444444445,MEDIUM,1,0,0.45999999999999996,0.9513428571428572,6.1540285714285705
2021-07-08 09:38:11.704,Kermadec Islands region,4.6,37.87,-178.286,-31.3988,earthquake,,0,reviewed,",us7000ells,",9,7,3,0.04274083333333333,MEDIUM,1,1,0.45999999999999996,0.9459,6.137699999999999
2024-04-22 20:52:56.381,"22 km S of Hualien City, Taiwan",4.9,16.114,121.5625,23.774,earthquake,,0,reviewed,",us6000muyn,",20,4,0,0.04959027777777778,MEDIUM,1,0,0.49000000000000005,0.97698,6.380939999999999
2020-06-20 23:04:56.291,South Sandwich Islands region,5.0,35.0,-26.1073,-59.7559,earthquake,,0,reviewed,",us6000aflv,",23,6,5,1.2766988888888888,MEDIUM,1,0,0.5,0.95,6.349999999999999
2023-12-17 16:40:29.426,"250 km N of Agats, Indonesia",4.6,42.306,138.4537,-3.3023,earthquake,,0,reviewed,",us7000ljpj,",16,12,6,0.3897563888888889,MEDIUM,1,0,0.45999999999999996,0.9395628571428571,6.118688571428571
2017-10-07 18:44:01.980,"Volcano Islands, Japan region",4.7,38.78,141.1844,25.804,earthquake,,0,reviewed,",us1000arl6,",18,10,5,0.823436111111111,MEDIUM,1,0,0.47000000000000003,0.9446,6.1838
2017-01-19 12:01:04.900,"14 km WNW of Ciudad Bolívar, Colombia",4.7,64.45,-76.1462,5.899,earthquake,,0,reviewed,",us10007u36,",12,1,3,1.7516833333333335,MEDIUM,1,0,0.47000000000000003,0.9079285714285714,6.073785714285714
2020-06-27 06:14:39.391,south of the Kermadec Islands,4.9,10.0,-178.4936,-33.5908,earthquake,,0,reviewed,",us7000acwt,",6,6,5,1.5262541666666667,MEDIUM,1,1,0.49000000000000005,0.9857142857142858,6.407142857142857
2024-02-29 13:25:36.607,southeast of the Loyalty Islands,4.5,40.054,171.216,-22.6188,earthquake,,0,reviewed,",us6000mftq,",13,2,3,1.158105,MEDIUM,1,0,0.45,0.94278,6.07834
2020-10-29 16:50:41.556,southern Mid-Atlantic Ridge,4.7,10.0,-8.5045,-48.9599,earthquake,,0,reviewed,",us7000ca8k,",16,10,3,0.2932488888888889,MEDIUM,1,0,0.47000000000000003,0.9857142857142858,6.307142857142857
2022-01-02 08:30:46.266,South Sandwich Islands region,4.8,35.0,-25.2481,-58.7064,earthquake,,0,reviewed,",us7000g8fw,",8,1,6,0.1390347222222222,MEDIUM,1,0,0.48,0.95,6.249999999999999
2015-09-17 23:55:00.710,"109 km W of Illapel, Chile",5.1,10.0,-72.3019,-31.8294,earthquake,,0,reviewed,",us20003l0y,",23,9,3,0.3333388888888889,MEDIUM,1,0,0.51,0.9857142857142858,6.507142857142857
2019-03-26 15:32:22.410,"141 km S of Lata, Solomon Islands",4.9,10.0,165.6817,-12.002,earthquake,,0,reviewed,",us1000jlt6,",15,3,1,0.06117777777777778,MEDIUM,1,0,0.49000000000000005,0.9857142857142858,6.407142857142857
2024-10-16 06:28:39.740,"62 km SE of Lakatoro, Vanuatu",4.5,223.162,167.813,-16.5175,earthquake,,0,reviewed,",us7000nq0q,",6,10,2,0.510158611111111,MEDIUM,1,0,0.45,0.6811971428571428,5.293591428571428
2015-09-02 20:25:36.430,"7 km W of Cerro de Ortega, Mexico",4.7,24.24,-103.7963,18.7591,earthquake,,0,reviewed,",us20003fuq,",20,9,2,0.6455777777777778,MEDIUM,1,0,0.47000000000000003,0.9653714285714285,6.246114285714286
2022-12-17 18:06:02.988,"25 km ESE of Miyazaki, Japan",5.6,30.0,131.6429,31.7958,earthquake,green,0,reviewed,",us6000ja1a,usauto6000ja1a,",18,12,5,1.092041111111111,MEDIUM,1,0,0.5599999999999999,0.9571428571428572,6.671428571428572
2018-04-13 07:22:09.160,"13 km W of Dompu, Indonesia",4.9,132.32,118.3405,-8.5522,earthquake,,0,reviewed,",us2000dzgp,",7,4,4,3.4071083333333334,MEDIUM,1,0,0.49000000000000005,0.8109714285714286,5.8829142857142855
2019-11-18 13:31:08.384,"19 km W of R?par, India",4.6,10.0,70.4585,23.5799,earthquake,,0,reviewed,",us70006d8k,",13,11,0,0.1495175,MEDIUM,1,0,0.45999999999999996,0.9857142857142858,6.257142857142856
2019-01-12 16:22:34.690,Fiji region,4.7,572.15,-177.4718,-19.1637,earthquake,,0,reviewed,",us2000j3bq,",16,1,5,2.1592555555555553,MEDIUM,1,1,0.47000000000000003,0.18264285714285722,3.8979285714285714
2018-10-29 14:41:46.670,"27 km NE of Barcelona, Philippines",5.1,10.0,126.626,8.3235,earthquake,,0,reviewed,",us2000i62k,",14,10,0,0.02043611111111111,MEDIUM,1,0,0.51,0.9857142857142858,6.507142857142857
2018-12-05 14:11:15.720,"37 km S of Mountain, Colombia",4.6,10.0,-81.3065,13.0309,earthquake,,0,reviewed,",us1000i2sg,",14,12,2,0.3643388888888889,MEDIUM,1,0,0.45999999999999996,0.9857142857142858,6.257142857142856
2017-06-29 08:16:52.500,"44 km WSW of Santa Cruz, Chile",4.5,40.64,-71.8427,-34.7251,earthquake,,0,reviewed,",us1000955f,",8,6,3,1.2281833333333334,MEDIUM,1,0,0.45,0.9419428571428572,6.075828571428571
2016-04-05 16:21:03.740,"42 km S of Basco, Philippines",5.1,16.7,121.9964,20.0695,earthquake,,0,reviewed,",us20005fme,iscgem611839124,",16,4,1,2.1750944444444444,MEDIUM,1,0,0.51,0.9761428571428572,6.47842857142857
2021-12-18 18:36:07.970,"85 km W of Haveluloto, Tonga",4.9,181.91,-176.0336,-21.1329,earthquake,,0,reviewed,",us6000gek8,",18,12,5,0.13196555555555556,MEDIUM,1,1,0.49000000000000005,0.7401285714285715,5.670385714285715
2018-05-11 18:48:29.810,"21 km NNW of El Pedregal, Peru",5.0,87.17,-72.2548,-16.1811,earthquake,,0,reviewed,",us1000e32f,",18,5,4,0.8504777777777778,MEDIUM,1,0,0.5,0.8754714285714286,6.126414285714286
2017-11-20 01:12:08.060,"77 km ENE of Tadine, New Caledonia",4.5,10.0,168.5712,-21.271,earthquake,,0,reviewed,",us2000bvwy,",1,11,0,0.31074722222222223,MEDIUM,1,0,0.45,0.9857142857142858,6.207142857142856
2016-03-05 15:11:56.130,"southwest of Sumatra, Indonesia",4.9,10.0,102.4768,-6.643,earthquake,,0,reviewed,",us10004ux3,",15,3,5,3.858341666666667,MEDIUM,1,0,0.49000000000000005,0.9857142857142858,6.407142857142857
2015-11-18 04:14:30.720,"227 km SSE of Sarangani, Philippines",4.6,46.48,125.8783,3.3885,earthquake,,0,reviewed,",us10003z76,",4,11,2,0.4605638888888889,MEDIUM,1,0,0.45999999999999996,0.9336,6.1008
2016-02-23 16:09:28.540,"93 km SSW of Intipucá, El Salvador",4.6,35.0,-88.2516,12.3756,earthquake,,0,reviewed,",us10004s2k,",16,2,1,5.9488,MEDIUM,1,0,0.45999999999999996,0.95,6.149999999999999
2016-04-26 17:18:57.760,"297 km WNW of Pangai, Tonga",4.6,349.34,-177.0505,-18.9991,earthquake,,0,reviewed,",us10005bnw,",17,4,1,0.2957,MEDIUM,1,1,0.45999999999999996,0.5009428571428571,4.802828571428571
2023-04-10 22:02:39.300,"Kermadec Islands, New Zealand",4.5,191.044,-178.8463,-29.854,earthquake,,0,reviewed,",us6000k3d2,",22,4,0,0.09868416666666666,MEDIUM,1,1,0.45,0.72708,5.431239999999999
2015-08-29 05:44:10.940,"117 km E of Ust’-Kamchatsk Staryy, Russia",4.6,29.88,164.3639,56.2086,earthquake,,0,reviewed,",us100035ye,",5,8,5,0.33841944444444444,MEDIUM,1,0,0.45999999999999996,0.9573142857142857,6.171942857142857
2016-05-02 17:40:51.840,"52 km SW of Luganville, Vanuatu",4.6,13.45,166.7731,-15.8067,earthquake,,0,reviewed,",us10005gie,",17,5,0,0.029124999999999998,MEDIUM,1,0,0.45999999999999996,0.9807857142857143,6.242357142857142
2020-02-11 19:14:32.409,"12 km ESE of Yonezawa, Japan",4.5,98.69,140.2501,37.8694,earthquake,,0,reviewed,",us70007nac,",19,2,1,0.9402061111111112,MEDIUM,1,0,0.45,0.8590142857142857,5.827042857142857
2016-11-17 04:49:42.610,"127 km NNE of Tobelo, Indonesia",4.6,29.76,128.5547,2.7441,earthquake,,0,reviewed,",us10007dka,",4,11,3,0.1244861111111111,MEDIUM,1,0,0.45999999999999996,0.9574857142857143,6.172457142857143
2021-02-17 14:31:50.289,"94 km WNW of Port-Vila, Vanuatu",4.5,10.0,167.4624,-17.5004,earthquake,,0,reviewed,",us6000dket,",14,2,2,0.42552500000000004,MEDIUM,1,0,0.45,0.9857142857142858,6.207142857142856
2018-05-31 19:48:44.590,south of the Fiji Islands,4.5,497.0,-179.7911,-24.3535,earthquake,,0,reviewed,",us1000ej3d,",19,5,3,0.03704444444444445,MEDIUM,1,1,0.45,0.29000000000000004,4.12
2023-05-19 08:27:20.391,southeast of the Loyalty Islands,5.3,10.0,170.7149,-22.8902,earthquake,,0,reviewed,",us6000kd3j,",8,5,4,0.12592666666666666,MEDIUM,1,0,0.53,0.9857142857142858,6.607142857142857
2020-10-14 08:55:13.022,"Kermadec Islands, New Zealand",4.5,204.32,-178.8604,-30.4872,earthquake,,0,reviewed,",us6000c87p,",8,10,2,1.982774722222222,MEDIUM,1,1,0.45,0.7081142857142857,5.3743428571428575
2016-03-12 00:24:08.440,"Izu Islands, Japan region",4.6,31.5,141.8631,32.1842,earthquake,,0,reviewed,",us10004wx7,",0,3,5,1.2969444444444445,MEDIUM,1,0,0.45999999999999996,0.955,6.164999999999999
2015-11-18 19:31:58.850,"147 km WNW of Malango, Solomon Islands",4.5,10.0,158.5218,-9.0922,earthquake,,0,reviewed,",us10003zu7,",19,11,2,0.6341861111111111,MEDIUM,1,0,0.45,0.9857142857142858,6.207142857142856
2017-05-28 07:06:15.120,"88 km WSW of Atka, Alaska",5.3,34.0,-175.2871,51.7612,earthquake,green,1,reviewed,",ak16133328,at00oqniee,us10008vvg,ak0176svqpnp,iscgem610655187,",7,5,6,0.7979388888888889,MEDIUM,1,0,0.53,0.9514285714285714,6.5042857142857144
2021-04-28 02:57:27.473,"108 km WNW of Tual, Indonesia",4.6,57.66,131.9237,-5.0981,earthquake,,0,reviewed,",us7000dy3u,",2,4,2,0.0003891666666666667,MEDIUM,1,0,0.45999999999999996,0.9176285714285715,6.052885714285714
2022-01-24 21:17:34.856,South Sandwich Islands region,5.3,10.0,-23.809,-58.7883,earthquake,,0,reviewed,",us7000gep5,",21,1,0,0.0096625,MEDIUM,1,0,0.53,0.9857142857142858,6.607142857142857
2018-11-26 23:33:51.410,"3 km E of Satte, Japan",4.8,54.19,139.7598,36.0703,earthquake,,0,reviewed,",us1000hwvf,",23,11,0,0.7808861111111112,MEDIUM,1,0,0.48,0.9225857142857143,6.167757142857143
2018-06-19 03:57:44.980,South Sandwich Islands region,4.8,106.26,-27.6536,-56.1357,earthquake,,0,reviewed,",us1000eyqq,",3,6,1,3.895222222222222,MEDIUM,1,0,0.48,0.8482,5.944599999999999
2024-02-12 02:27:31.925,"136 km S of Isangel, Vanuatu",4.8,35.0,169.2074,-20.7738,earthquake,,0,reviewed,",us7000lzlu,",2,2,0,0.40711555555555556,MEDIUM,1,0,0.48,0.95,6.249999999999999
2017-01-23 10:17:14.370,northern Mid-Atlantic Ridge,5.1,10.0,-37.8421,33.6884,earthquake,,0,reviewed,",us10007uys,",10,1,0,3.0445277777777777,MEDIUM,1,0,0.51,0.9857142857142858,6.507142857142857
2020-07-11 00:55:26.034,Mid-Indian Ridge,4.5,10.0,66.814,-14.9694,earthquake,,0,reviewed,",us7000aqb9,",0,7,5,0.19366499999999998,MEDIUM,1,0,0.45,0.9857142857142858,6.207142857142856
2022-05-23 19:33:12.548,South Sandwich Islands region,4.9,74.98,-25.7835,-57.0913,earthquake,,0,reviewed,",us7000hd30,",19,5,0,0.11014916666666666,MEDIUM,1,0,0.49000000000000005,0.8928857142857143,6.128657142857143
2017-04-30 01:57:22.160,"95 km N of Basco, Philippines",5.2,105.5,121.8285,21.2987,earthquake,,0,reviewed,",us10008m4p,",1,4,6,2.134525,MEDIUM,1,0,0.52,0.8492857142857143,6.147857142857143
2016-11-13 13:57:10.840,"51 km S of Blenheim, New Zealand",4.6,21.76,173.9062,-41.9823,earthquake,,0,reviewed,",us10007dd4,",13,11,6,0.053274999999999996,MEDIUM,1,0,0.45999999999999996,0.9689142857142857,6.2067428571428565
2021-03-13 17:34:26.703,"Kermadec Islands, New Zealand",4.5,10.0,-177.3926,-30.0897,earthquake,,0,reviewed,",us6000dvqr,",17,3,5,0.09958361111111111,MEDIUM,1,1,0.45,0.9857142857142858,6.207142857142856
2024-08-22 20:33:52.469,"50 km N of Isangel, Vanuatu",4.7,221.095,169.2946,-19.0853,earthquake,,0,reviewed,",us7000n8v3,",20,8,3,1.8569658333333334,MEDIUM,1,0,0.47000000000000003,0.68415,5.40245
2017-09-21 17:43:32.670,"195 km ESE of Kokopo, Papua New Guinea",5.2,41.68,153.7956,-5.2239,earthquake,,0,reviewed,",us2000ask8,",17,9,3,3.553975,MEDIUM,1,0,0.52,0.9404571428571429,6.421371428571429
2015-11-25 18:57:41.590,"140 km WNW of Ternate, Indonesia",5.7,33.16,126.2904,1.4305,earthquake,green,0,reviewed,",us100041ay,gcmt20151125185741,iscgem608054758,",18,11,2,0.662075,MEDIUM,1,0,0.5700000000000001,0.9526285714285714,6.707885714285714
2020-09-06 04:20:50.790,"93 km NW of Port-Vila, Vanuatu",5.1,10.0,167.6572,-17.1708,earthquake,,0,reviewed,",us7000bit0,",4,9,6,0.607565,MEDIUM,1,0,0.51,0.9857142857142858,6.507142857142857
2021-10-05 09:57:41.685,South Sandwich Islands region,4.5,10.0,-24.607,-56.6859,earthquake,,0,reviewed,",us6000ft1a,",9,10,1,0.8353827777777778,MEDIUM,1,0,0.45,0.9857142857142858,6.207142857142856
2015-04-03 09:11:49.010,"168 km SE of Kokopo, Papua New Guinea",4.9,35.0,153.1195,-5.6018,earthquake,,0,reviewed,",us10001tj2,",9,4,4,0.7051991666666667,MEDIUM,1,0,0.49000000000000005,0.95,6.3
2022-08-14 20:59:39.060,"70 km W of San Antonio de los Cobres, Argentina",4.5,169.156,-66.999,-24.1087,earthquake,,0,reviewed,",us6000iav5,",20,8,6,1.704115,MEDIUM,1,0,0.45,0.7583485714285714,5.525045714285714
2015-07-16 20:53:13.620,"55 km ENE of Aras-asan, Philippines",5.3,10.0,126.7559,9.1313,earthquake,,0,reviewed,",us20002y0b,",20,7,3,0.051138888888888887,MEDIUM,1,0,0.53,0.9857142857142858,6.607142857142857
2024-10-15 08:05:04.809,south of the Fiji Islands,4.5,525.202,-179.6859,-24.2038,earthquake,,0,reviewed,",us6000nysi,",8,10,1,6.613289166666667,MEDIUM,1,1,0.45,0.24971142857142858,3.9991342857142853
2020-08-13 02:35:33.948,"5 km N of ?hara, Japan",4.6,59.91,140.3933,35.2951,earthquake,,0,reviewed,",us6000bdsm,",2,8,3,0.7278536111111111,MEDIUM,1,0,0.45999999999999996,0.9144142857142857,6.0432428571428565
2023-06-16 09:06:39.341,"101 km NE of Maumere, Indonesia",4.5,204.616,122.9059,-8.0178,earthquake,,0,reviewed,",us7000k8w2,",9,6,4,0.2599505555555556,MEDIUM,1,0,0.45,0.7076914285714285,5.373074285714285
2021-03-01 14:53:43.341,southeast of the Loyalty Islands,4.6,10.0,172.0404,-23.1344,earthquake,,0,reviewed,",us7000dg0a,",14,3,0,4.788136388888889,MEDIUM,1,0,0.45999999999999996,0.9857142857142858,6.257142857142856
2023-05-19 03:10:45.468,southeast of the Loyalty Islands,5.5,33.846,170.5515,-23.1845,earthquake,green,0,reviewed,",us6000kd2a,",3,5,4,0.0724936111111111,MEDIUM,1,0,0.55,0.9516485714285714,6.604945714285714
2022-09-28 01:08:19.266,Reykjanes Ridge,4.6,10.0,-35.4985,53.7813,earthquake,,0,reviewed,",us6000iqtg,",1,9,2,0.011990555555555555,MEDIUM,1,0,0.45999999999999996,0.9857142857142858,6.257142857142856
2015-02-06 18:38:30.590,Kermadec Islands region,4.8,10.0,-177.6515,-31.3234,earthquake,,0,reviewed,",usb000tnmr,",18,2,4,0.977975,MEDIUM,1,1,0.48,0.9857142857142858,6.357142857142857
2019-08-02 08:34:59.964,"4 km N of Juan Rodríguez Clara, Mexico",4.7,59.64,-95.4033,18.0325,earthquake,,0,reviewed,",us60004zd0,",8,8,4,1.2130983333333334,MEDIUM,1,0,0.47000000000000003,0.9148000000000001,6.0944
2019-01-20 03:13:01.590,"75 km NW of Isangel, Vanuatu",4.8,35.0,168.805,-19.0293,earthquake,,0,reviewed,",us2000jc10,",3,1,6,0.3494055555555555,MEDIUM,1,0,0.48,0.95,6.249999999999999
2017-04-29 22:33:33.370,"75 km WNW of Kirakira, Solomon Islands",5.1,112.48,161.2976,-10.1669,earthquake,,0,reviewed,",us10008m3n,",22,4,5,0.27460833333333334,MEDIUM,1,0,0.51,0.8393142857142857,6.0679428571428575
2016-06-07 10:58:00.050,"95 km SW of Barra de Navidad, Mexico",5.5,10.0,-105.2031,18.5036,earthquake,green,0,reviewed,",us200062i7,gcmt20160607105801,iscgem608992775,",10,6,1,0.10620277777777777,MEDIUM,1,0,0.55,0.9857142857142858,6.707142857142857
2021-02-12 08:44:35.248,southeast of the Loyalty Islands,4.6,10.0,171.5794,-23.2944,earthquake,,0,reviewed,",us6000dja9,",8,2,4,0.1781347222222222,MEDIUM,1,0,0.45999999999999996,0.9857142857142858,6.257142857142856
2019-01-20 14:28:30.290,"175 km NW of Rikaze, China",5.2,9.85,87.6229,30.3908,earthquake,,0,reviewed,",us2000j6mf,",14,1,6,0.38353055555555554,MEDIUM,1,0,0.52,0.9859285714285714,6.557785714285714
2019-11-25 01:32:41.986,"16 km E of Hualien City, Taiwan",5.0,9.59,121.7637,23.9993,earthquake,,0,reviewed,",us70006cle,",1,11,0,0.23883694444444445,MEDIUM,1,0,0.5,0.9863,6.4589
2020-04-23 20:04:12.198,south of the Fiji Islands,4.6,531.42,-179.5159,-23.2567,earthquake,,0,reviewed,",us60009axt,",20,4,3,0.19603527777777777,MEDIUM,1,1,0.45999999999999996,0.2408285714285715,4.022485714285714
2016-08-01 05:11:56.980,south of the Fiji Islands,4.6,509.04,179.854,-24.8047,earthquake,,0,reviewed,",us1000693g,",5,8,0,0.4229027777777778,MEDIUM,1,0,0.45999999999999996,0.27279999999999993,4.118399999999999
2022-03-31 00:28:49.547,"276 km ESE of Tadine, New Caledonia",4.7,10.0,170.3472,-22.52,earthquake,,0,reviewed,",us7000gykr,",0,3,3,0.09511555555555555,MEDIUM,1,0,0.47000000000000003,0.9857142857142858,6.307142857142857
2023-10-31 20:26:15.293,Mariana Islands region,4.9,10.0,147.6871,20.0752,earthquake,,0,reviewed,",us7000l7x8,",20,10,1,2.3973080555555555,MEDIUM,1,0,0.49000000000000005,0.9857142857142858,6.407142857142857
2022-03-01 08:25:02.097,south of the Fiji Islands,4.6,10.0,-176.0464,-26.9137,earthquake,,0,reviewed,",us6000h23z,",8,3,1,2.0354127777777777,MEDIUM,1,1,0.45999999999999996,0.9857142857142858,6.257142857142856
2022-06-03 01:51:05.770,north of Ascension Island,4.9,10.0,-12.237,-3.3942,earthquake,,0,reviewed,",us7000hfwv,",1,6,4,1.190723611111111,MEDIUM,1,0,0.49000000000000005,0.9857142857142858,6.407142857142857
2021-09-25 08:12:05.479,north of Ascension Island,4.6,10.0,-12.4181,-1.9315,earthquake,,0,reviewed,",us6000fqfz,",8,9,5,1.4953605555555556,MEDIUM,1,0,0.45999999999999996,0.9857142857142858,6.257142857142856
2023-04-17 13:26:33.440,Kermadec Islands region,5.1,10.0,-178.8268,-31.8271,earthquake,,0,reviewed,",us6000k51u,",13,4,0,1.4790369444444444,MEDIUM,1,1,0.51,0.9857142857142858,6.507142857142857
2017-10-31 13:11:12.340,"89 km ESE of Tadine, New Caledonia",4.5,10.0,168.7186,-21.7383,earthquake,,0,reviewed,",us2000bkzp,",13,10,1,0.07469166666666666,MEDIUM,1,0,0.45,0.9857142857142858,6.207142857142856
2018-10-28 15:18:20.390,"237 km WSW of Bandar Lampung, Indonesia",4.5,11.24,103.3329,-6.3742,earthquake,,0,reviewed,",us1000hi8h,",15,10,6,0.43268333333333336,MEDIUM,1,0,0.45,0.9839428571428571,6.201828571428571
2024-10-22 19:49:32.406,off the coast of Central America,4.6,10.0,-84.4081,2.7718,earthquake,,0,reviewed,",us7000nmhe,",19,10,1,0.09963277777777778,MEDIUM,1,0,0.45999999999999996,0.9857142857142858,6.257142857142856
2023-02-06 07:08:32.392,"11 km SW of Hassa, Turkey",4.5,11.457,36.4459,36.7139,earthquake,,0,reviewed,",us6000jlpb,",7,2,0,0.22637833333333332,MEDIUM,1,0,0.45,0.9836328571428572,6.200898571428572
2022-07-23 06:09:15.535,"115 km N of Maumere, Indonesia",5.4,10.0,122.4103,-7.5962,earthquake,green,0,reviewed,",us7000hswf,usauto7000hswf,",6,7,5,2.211092777777778,MEDIUM,1,0,0.54,0.9857142857142858,6.657142857142857
2017-04-04 23:04:01.340,"140 km W of Neiafu, Tonga",4.6,220.2,-175.3163,-18.6887,earthquake,,0,reviewed,",us10008gif,",23,4,1,0.9224277777777777,MEDIUM,1,1,0.45999999999999996,0.6854285714285715,5.356285714285715
2016-08-08 21:47:46.440,"228 km S of ‘Ohonua, Tonga",4.6,10.0,-175.0769,-23.3895,earthquake,,0,reviewed,",us10006cxc,",21,8,0,0.045675,MEDIUM,1,1,0.45999999999999996,0.9857142857142858,6.257142857142856
2022-05-07 16:58:14.026,"Pagan region, Northern Mariana Islands",5.6,233.39,145.5103,18.7961,earthquake,green,0,reviewed,",us7000h7t6,usauto7000h7t6,",16,5,5,0.5444558333333334,MEDIUM,1,0,0.5599999999999999,0.6665857142857143,5.799757142857143
2019-12-17 21:26:52.858,Scotia Sea,4.7,10.0,-40.9393,-60.7602,earthquake,,0,reviewed,",us70006u6y,",21,12,1,1.0125922222222221,MEDIUM,1,0,0.47000000000000003,0.9857142857142858,6.307142857142857
2019-05-16 12:09:44.001,"121 km SE of Kokopo, Papua New Guinea",5.0,10.0,152.9943,-5.169,earthquake,,0,reviewed,",us70003m0r,",12,5,3,0.3825272222222222,MEDIUM,1,0,0.5,0.9857142857142858,6.457142857142857
2016-01-05 19:48:10.090,"195 km NE of Sola, Vanuatu",4.6,623.06,169.0495,-12.8886,earthquake,,0,reviewed,",us10004bl8,",19,1,1,0.0008583333333333333,MEDIUM,1,0,0.45999999999999996,0.10991428571428574,3.629742857142857
2024-08-23 05:06:51.283,"165 km ESE of Petropavlovsk-Kamchatsky, Russia",5.3,30.242,161.0424,52.7945,earthquake,,0,reviewed,",us7000n8x7,usauto7000n8x7,",5,8,4,0.2984288888888889,MEDIUM,1,0,0.53,0.9567971428571429,6.520391428571429
2019-10-23 05:56:43.124,"260 km W of Abepura, Indonesia",5.0,24.96,138.2862,-2.6277,earthquake,,0,reviewed,",us70005xk9,",5,10,2,1.11714,MEDIUM,1,0,0.5,0.9643428571428572,6.39302857142857
2018-02-26 08:35:51.510,"35 km SSE of Tari, Papua New Guinea",4.8,10.0,143.0327,-6.1577,earthquake,,0,reviewed,",us2000dd47,",8,2,0,0.1483888888888889,MEDIUM,1,0,0.48,0.9857142857142858,6.357142857142857
2021-10-25 20:29:51.713,Tristan da Cunha region,4.8,10.0,-15.2042,-35.3371,earthquake,,0,reviewed,",us7000fpsm,",20,10,0,2.7576899999999998,MEDIUM,1,0,0.48,0.9857142857142858,6.357142857142857
2017-06-29 14:48:51.650,"55 km ENE of Saipan, Northern Mariana Islands",4.7,26.55,146.2165,15.437,earthquake,,0,reviewed,",us10009794,",14,6,3,2.1133166666666665,MEDIUM,1,0,0.47000000000000003,0.9620714285714286,6.2362142857142855
2022-02-13 20:24:36.401,"298 km NE of Fais, Micronesia",4.6,10.0,142.3083,11.8053,earthquake,,0,reviewed,",us7000glqa,",20,2,6,0.5690402777777778,MEDIUM,1,0,0.45999999999999996,0.9857142857142858,6.257142857142856
2024-12-24 20:33:34.670,"13 km SW of Caracolí, Colombia",4.9,73.999,-74.8321,6.3181,earthquake,,0,reviewed,",us6000pfhr,",20,12,1,1.2305994444444446,MEDIUM,1,0,0.49000000000000005,0.8942871428571428,6.132861428571429
2021-08-28 21:00:15.500,"113 km SSW of Abepura, Indonesia",4.9,14.4,140.1925,-3.523,earthquake,,0,reviewed,",us7000f5av,",21,8,5,0.8342686111111112,MEDIUM,1,0,0.49000000000000005,0.9794285714285714,6.388285714285714
2016-04-15 18:20:49.930,"18 km NNW of Aso, Japan",4.5,19.81,131.0131,33.0919,earthquake,,0,reviewed,",us20005inf,",18,4,4,0.0687,MEDIUM,1,0,0.45,0.9717,6.1651
2022-02-27 23:04:27.293,"118 km WSW of Banda Aceh, Indonesia",4.6,35.0,94.3896,5.036,earthquake,,0,reviewed,",us6000h1tj,",23,2,6,1.7542283333333333,MEDIUM,1,0,0.45999999999999996,0.95,6.149999999999999
2015-03-01 23:10:35.070,Pacific-Antarctic Ridge,4.6,10.0,-149.3846,-58.7627,earthquake,,0,reviewed,",usc000tvab,",23,3,6,0.18393888888888887,MEDIUM,1,0,0.45999999999999996,0.9857142857142858,6.257142857142856
2016-06-22 03:54:40.610,"47 km W of Ovalle, Chile",5.1,26.01,-71.6921,-30.6352,earthquake,,0,reviewed,",us200065x1,iscgem609060197,",3,6,2,1.2095277777777778,MEDIUM,1,0,0.51,0.9628428571428571,6.438528571428571
2015-02-08 16:28:31.910,"137 km E of Madang, Papua New Guinea",4.6,194.89,147.0067,-5.4237,earthquake,,0,reviewed,",usc000tn7q,",16,2,6,0.5728472222222222,MEDIUM,1,0,0.45999999999999996,0.7215857142857143,5.464757142857143
2024-04-23 07:59:13.265,"75 km NNE of Lae, Papua New Guinea",5.0,89.417,147.2213,-6.0821,earthquake,,0,reviewed,",us6000mt5f,",7,4,1,0.4069330555555556,MEDIUM,1,0,0.5,0.8722614285714285,6.116784285714285
2018-08-19 00:59:09.530,"270 km E of Levuka, Fiji",4.8,603.1,-178.1273,-18.1905,earthquake,,0,reviewed,",us1000giuk,",0,8,6,0.010441666666666667,MEDIUM,1,1,0.48,0.13842857142857135,3.8152857142857144
2016-12-25 17:58:06.430,"74 km WSW of Quellón, Chile",4.5,17.46,-74.5045,-43.3024,earthquake,,0,reviewed,",us10007mpz,",17,12,6,0.3713166666666667,MEDIUM,1,0,0.45,0.9750571428571428,6.175171428571429
2021-12-05 11:40:03.218,"13 km S of Vanimo, Papua New Guinea",5.0,10.0,141.321,-2.8064,earthquake,,0,reviewed,",us6000g99i,",11,12,6,1.9423686111111111,MEDIUM,1,0,0.5,0.9857142857142858,6.457142857142857
2017-07-18 00:44:41.950,"243 km WNW of Attu Station, Alaska",4.5,10.0,169.9881,53.9171,earthquake,,0,reviewed,",us20009z3c,",0,7,1,0.03650833333333334,MEDIUM,1,0,0.45,0.9857142857142858,6.207142857142856
2022-05-30 20:41:36.388,"78 km S of Chamical, Argentina",4.5,135.4,-66.3291,-31.0699,earthquake,,0,reviewed,",us7000hdnn,",20,5,0,0.7762894444444444,MEDIUM,1,0,0.45,0.8065714285714285,5.669714285714286
2019-11-25 09:36:14.829,"58 km W of Iquique, Chile",4.6,18.13,-70.7115,-20.1969,earthquake,,0,reviewed,",us70006fke,",9,11,0,0.6937922222222223,MEDIUM,1,0,0.45999999999999996,0.9741,6.2223
2016-08-13 21:49:36.680,"217 km S of ?yama, Japan",4.5,332.17,137.9944,32.6546,earthquake,,0,reviewed,",us10006dn0,",21,8,5,1.1361083333333333,MEDIUM,1,0,0.45,0.5254714285714286,4.826414285714286
2017-11-04 17:35:51.100,south of the Fiji Islands,4.5,308.61,-178.0542,-22.5447,earthquake,,0,reviewed,",us2000bn9e,",17,11,5,0.06751388888888889,MEDIUM,1,1,0.45,0.5591285714285714,4.927385714285714
2024-12-06 13:57:11.628,central East Pacific Rise,4.9,10.0,-109.3859,-14.7699,earthquake,,0,reviewed,",us7000nwks,",13,12,4,3.475296388888889,MEDIUM,1,0,0.49000000000000005,0.9857142857142858,6.407142857142857
2015-05-14 00:59:36.990,"Izu Islands, Japan region",4.5,23.4,141.6093,31.2969,earthquake,,0,reviewed,",us10002bj4,",0,5,3,2.1800055555555558,MEDIUM,1,0,0.45,0.9665714285714285,6.1497142857142855
2016-02-04 17:55:00.740,"69 km SW of Ovalle, Chile",4.9,25.27,-71.7082,-31.0531,earthquake,,0,reviewed,",us20004x4m,",17,2,3,0.8498000000000001,MEDIUM,1,0,0.49000000000000005,0.9639,6.3417
2017-06-11 13:18:26.370,"18 km SW of Villa Yapacaní, Bolivia",5.1,10.0,-63.9347,-17.5365,earthquake,,0,reviewed,",us20009lup,iscgem616173678,",13,6,6,1.5053666666666665,MEDIUM,1,0,0.51,0.9857142857142858,6.507142857142857
2022-09-19 06:12:41.227,"2 km ESE of Aratoca, Colombia",4.9,158.846,-72.995,6.6815,earthquake,,0,reviewed,",us7000i97s,",6,9,0,0.8022266666666666,MEDIUM,1,0,0.49000000000000005,0.7730771428571428,5.769231428571429
2019-03-17 00:53:37.680,"156 km W of Colchani, Bolivia",5.1,120.75,-68.429,-20.3718,earthquake,,0,reviewed,",us1000jh9m,",0,3,6,0.16865833333333333,MEDIUM,1,0,0.51,0.8275,6.0325
2019-06-17 15:02:37.456,"7 km SE of Xunchang, China",4.9,10.0,104.7703,28.4109,earthquake,,0,reviewed,",us600045s4,",15,6,0,0.11460555555555556,MEDIUM,1,0,0.49000000000000005,0.9857142857142858,6.407142857142857
2024-04-03 04:56:47.181,"36 km NNE of Hualien City, Taiwan",4.6,29.186,121.7399,24.285,earthquake,,0,reviewed,",us7000mbfk,",4,4,2,0.09020027777777778,MEDIUM,1,0,0.45999999999999996,0.9583057142857143,6.174917142857143
2024-04-22 11:18:47.723,"74 km WNW of Modisi, Indonesia",4.7,265.51,123.8229,0.7313,earthquake,,0,reviewed,",us7000mdtv,",11,4,0,0.09344722222222222,MEDIUM,1,0,0.47000000000000003,0.6207,5.2121
2021-10-01 12:48:22.493,"8 km WSW of Santa Cruz, Philippines",4.5,66.13,121.2436,18.479,earthquake,,0,reviewed,",us6000fqq9,",12,10,4,1.5429322222222221,MEDIUM,1,0,0.45,0.9055285714285715,5.9665857142857135
2022-09-10 17:55:06.102,"269 km NNE of Lospalos, Timor Leste",4.5,408.356,127.5723,-6.1523,earthquake,,0,reviewed,",us6000iiqz,",17,9,5,0.5399861111111112,MEDIUM,1,0,0.45,0.41663428571428573,4.499902857142857
2022-12-16 05:56:53.200,"6 km NNE of Huaros, Peru",4.6,5.163,-76.5423,-11.3544,earthquake,,0,reviewed,",us6000j9nd,",5,12,4,0.9104141666666666,MEDIUM,1,0,0.45999999999999996,0.9926242857142857,6.277872857142857
2024-01-08 18:07:45.172,"42 km S of Dushanzi, China",4.5,10.0,84.8103,43.9549,earthquake,,0,reviewed,",us6000m2iu,",18,1,0,1.4414394444444445,MEDIUM,1,0,0.45,0.9857142857142858,6.207142857142856
2022-01-08 06:30:07.836,"Qinghai, China",4.5,10.0,101.3456,37.7706,earthquake,,0,reviewed,",us7000ga4x,",6,1,5,3.099783611111111,MEDIUM,1,0,0.45,0.9857142857142858,6.207142857142856
2019-07-06 22:10:09.202,"229 km ESE of Tadine, New Caledonia",4.9,10.0,170.0393,-22.0458,earthquake,,0,reviewed,",us70004dbs,",22,7,5,4.296705277777778,MEDIUM,1,0,0.49000000000000005,0.9857142857142858,6.407142857142857
2024-03-22 08:52:58.999,"110 km N of Paciran, Indonesia",6.4,9.471,112.3646,-5.8754,earthquake,yellow,0,reviewed,",us6000mkfz,usauto6000mkfz,pt24082000,",8,3,4,3.2747058333333334,HIGH,0,0,0.64,0.98647,7.159409999999999
2018-12-02 21:19:00.780,southeast Indian Ridge,4.5,10.0,105.0764,-48.4801,earthquake,,0,reviewed,",us1000i46i,",21,12,6,0.619475,MEDIUM,1,0,0.45,0.9857142857142858,6.207142857142856
2022-06-22 08:30:49.526,south of the Kermadec Islands,4.9,10.0,-177.6297,-32.238,earthquake,,0,reviewed,",us7000hj98,",8,6,2,1.6932,MEDIUM,1,1,0.49000000000000005,0.9857142857142858,6.407142857142857
2015-10-19 20:27:21.290,southeast of Easter Island,4.6,10.0,-101.7953,-35.7708,earthquake,,0,reviewed,",us10003r06,",20,10,0,3.316325,MEDIUM,1,0,0.45999999999999996,0.9857142857142858,6.257142857142856
2015-06-06 03:13:53.420,southeast Indian Ridge,4.6,10.0,98.9096,-48.045,earthquake,,0,reviewed,",us20002qbd,",3,6,5,4.7373972222222225,MEDIUM,1,0,0.45999999999999996,0.9857142857142858,6.257142857142856
2024-02-17 03:06:44.340,"89 km NNE of Tobelo, Indonesia",4.5,75.17,128.2584,2.5023,earthquake,,0,reviewed,",us7000lzt3,",3,2,5,0.4014230555555556,MEDIUM,1,0,0.45,0.8926142857142857,5.927842857142856
2024-06-21 12:12:40.385,"193 km WSW of Adak, Alaska",4.8,35.0,-179.1001,51.0669,earthquake,,0,reviewed,",us7000mtsd,ak0247yb6wbo,",12,6,4,5.572932777777778,MEDIUM,1,0,0.48,0.95,6.249999999999999
2018-10-01 04:26:28.480,Indian Ocean Triple Junction,5.1,10.0,67.6604,-26.562,earthquake,,0,reviewed,",us1000h7ll,",4,10,0,0.002547222222222222,MEDIUM,1,0,0.51,0.9857142857142858,6.507142857142857
2023-08-04 11:52:56.081,"117 km SE of Modisi, Indonesia",4.7,58.816,125.2527,-0.2185,earthquake,,0,reviewed,",us6000kzeh,",11,8,4,0.07140611111111111,MEDIUM,1,0,0.47000000000000003,0.9159771428571428,6.097931428571428
2018-03-05 12:21:46.410,southern East Pacific Rise,4.6,10.0,-108.8673,-34.8298,earthquake,,0,reviewed,",us1000d4be,",12,3,0,0.5759055555555557,MEDIUM,1,0,0.45999999999999996,0.9857142857142858,6.257142857142856
2016-08-23 20:29:38.920,"254 km SW of Sungai Penuh, Indonesia",4.7,27.22,99.5219,-3.3856,earthquake,,0,reviewed,",us10006g5c,",20,8,1,0.2321416666666667,MEDIUM,1,0,0.47000000000000003,0.9611142857142857,6.2333428571428575
2015-09-22 14:45:49.610,"60 km SSE of Amahai, Indonesia",4.9,112.65,129.1845,-3.8192,earthquake,,0,reviewed,",us20003mw7,",14,9,1,1.3497472222222222,MEDIUM,1,0,0.49000000000000005,0.8390714285714286,5.967214285714285
2015-08-14 09:31:53.940,southwest of Africa,4.6,10.0,17.1294,-52.6303,earthquake,,0,reviewed,",us100036bb,",9,8,4,0.45406388888888893,MEDIUM,1,0,0.45999999999999996,0.9857142857142858,6.257142857142856
2022-03-05 15:25:43.268,"70 km NNW of Ternate, Indonesia",4.8,125.64,127.1328,1.3748,earthquake,,0,reviewed,",us6000h2dv,",15,3,5,0.7107413888888888,MEDIUM,1,0,0.48,0.8205142857142858,5.861542857142857
2015-01-15 05:48:59.850,"90 km ENE of Amahai, Indonesia",4.7,23.2,129.6334,-2.9532,earthquake,,0,reviewed,",usc000tfxv,",5,1,3,2.4578194444444446,MEDIUM,1,0,0.47000000000000003,0.9668571428571429,6.250571428571429
2022-06-26 16:16:46.597,off the south coast of Australia,4.5,10.0,134.6539,-38.8963,earthquake,,0,reviewed,",us6000hyuy,",16,6,6,2.1271216666666666,MEDIUM,1,-1,0.45,0.9857142857142858,6.207142857142856
2023-01-08 18:16:19.765,Vanuatu,4.7,39.673,166.9147,-15.0979,earthquake,,0,reviewed,",us7000j58y,",18,1,6,1.0196752777777778,MEDIUM,1,0,0.47000000000000003,0.9433242857142857,6.179972857142857
2022-05-24 18:28:37.039,"261 km WNW of Haveluloto, Tonga",4.7,483.4,-177.6278,-20.4915,earthquake,,0,reviewed,",us7000hc9g,",18,5,1,0.0071133333333333335,MEDIUM,1,1,0.47000000000000003,0.3094285714285715,4.2782857142857145
2018-10-26 21:58:58.580,"64 km SSW of Lithakiá, Greece",4.5,10.0,20.6371,37.1608,earthquake,,0,reviewed,",us1000hhsp,",21,10,4,1.5209861111111111,MEDIUM,1,0,0.45,0.9857142857142858,6.207142857142856
2017-09-08 21:31:26.880,"94 km SSW of La Gloria, Mexico",4.8,53.01,-94.4688,15.3621,earthquake,,0,reviewed,",us2000aid9,",21,9,4,1.287088888888889,MEDIUM,1,0,0.48,0.9242714285714286,6.172814285714285
2016-08-11 01:01:05.900,western Xizang,4.7,29.39,86.2515,34.3687,earthquake,,0,reviewed,",us10006e2z,us10006ctr,",1,8,3,1.3703861111111113,MEDIUM,1,0,0.47000000000000003,0.9580142857142857,6.224042857142857
2022-03-13 22:01:06.185,"73 km W of Cabra, Philippines",4.5,10.0,119.3788,14.0141,earthquake,,0,reviewed,",us6000h5h4,",22,3,6,0.19072805555555555,MEDIUM,1,0,0.45,0.9857142857142858,6.207142857142856
2018-11-04 09:57:49.080,southern Mid-Atlantic Ridge,4.5,10.0,-13.2912,-47.2018,earthquake,,0,reviewed,",us1000hpvy,",9,11,6,0.41984444444444446,MEDIUM,1,0,0.45,0.9857142857142858,6.207142857142856
2021-09-20 07:47:15.048,South Sandwich Islands region,4.7,18.56,-25.9115,-59.682,earthquake,,0,reviewed,",us7000fcv3,",7,9,0,0.2631061111111111,MEDIUM,1,0,0.47000000000000003,0.9734857142857143,6.270457142857143
2024-12-15 03:04:24.142,South Sandwich Islands region,4.7,89.673,-25.5629,-57.9397,earthquake,,0,reviewed,",us7000nyyz,",3,12,6,0.2640322222222222,MEDIUM,1,0,0.47000000000000003,0.8718957142857142,5.965687142857142
2019-05-30 15:38:01.451,"132 km WSW of Haveluloto, Tonga",6.0,177.85,-176.3171,-21.7541,earthquake,green,0,reviewed,",us70003t7v,",15,5,3,6.290289444444444,HIGH,0,1,0.6,0.7459285714285715,6.237785714285714
2016-04-05 05:51:49.300,"189 km NE of Santa Cruz das Flores, Portugal",4.7,10.0,-29.3307,40.4591,earthquake,,0,reviewed,",us20005fiz,",5,4,1,0.02086388888888889,MEDIUM,1,0,0.47000000000000003,0.9857142857142858,6.307142857142857
2023-04-13 03:24:08.723,Owen Fracture Zone region,5.2,10.0,60.0233,17.6028,earthquake,green,0,reviewed,",us6000k3z2,",3,4,3,0.04701583333333333,MEDIUM,1,0,0.52,0.9857142857142858,6.557142857142857
2023-06-03 17:06:26.803,"279 km WSW of Tual, Indonesia",4.7,133.431,130.3349,-6.3651,earthquake,,0,reviewed,",us7000k64k,",17,6,5,1.6913938888888889,MEDIUM,1,0,0.47000000000000003,0.8093842857142857,5.778152857142857
2022-07-09 15:44:44.473,"south of Java, Indonesia",4.9,41.888,112.952,-9.7314,earthquake,,0,reviewed,",us6000i18m,",15,7,5,1.106108888888889,MEDIUM,1,0,0.49000000000000005,0.94016,6.270479999999999
2024-10-04 11:42:16.166,"219 km W of Olonkinbyen, Svalbard and Jan Mayen",5.0,10.0,-14.6411,70.6525,earthquake,,0,reviewed,",usauto6000nwi8,us6000nwi8,",11,10,4,0.8481255555555556,MEDIUM,1,0,0.5,0.9857142857142858,6.457142857142857
2018-07-10 10:02:00.300,Southwest Indian Ridge,4.5,10.0,58.3493,-31.5597,earthquake,,0,reviewed,",us2000g45g,",10,7,1,0.03465555555555556,MEDIUM,1,0,0.45,0.9857142857142858,6.207142857142856
2019-04-11 16:03:14.456,"162 km ESE of Nago, Japan",4.9,10.0,129.5514,26.2097,earthquake,,0,reviewed,",us700034it,",16,4,3,0.21185416666666665,MEDIUM,1,0,0.49000000000000005,0.9857142857142858,6.407142857142857
2023-03-28 05:51:28.445,"18 km W of Pasuquin, Philippines",5.1,25.13,120.4578,18.3383,earthquake,,0,reviewed,",us6000k091,usauto6000k091,",5,3,1,1.5385483333333334,MEDIUM,1,0,0.51,0.9641,6.4422999999999995
2018-12-05 16:05:12.330,"160 km NE of Sola, Vanuatu",5.1,618.29,168.5378,-12.7975,earthquake,,0,reviewed,",iscgem614405793,us1000i2vp,",16,12,2,0.3440972222222222,MEDIUM,1,0,0.51,0.11672857142857151,3.9001857142857146
2021-02-21 04:55:14.776,"279 km E of Levuka, Fiji",4.5,610.46,-178.0405,-18.011,earthquake,,0,reviewed,",us6000djtf,",4,2,6,3.269742777777778,MEDIUM,1,1,0.45,0.12791428571428565,3.6337428571428565
2021-05-02 09:33:53.008,"38 km WSW of Finschhafen, Papua New Guinea",4.6,69.96,147.5165,-6.6579,earthquake,,0,reviewed,",us7000dzgq,",9,5,6,0.3115761111111111,MEDIUM,1,0,0.45999999999999996,0.9000571428571429,6.000171428571428
2023-06-18 17:16:28.353,"286 km SSW of ‘Ohonua, Tonga",5.2,10.0,-175.8024,-23.8042,earthquake,,0,reviewed,",us7000k9e9,",17,6,6,0.22729972222222222,MEDIUM,1,1,0.52,0.9857142857142858,6.557142857142857
2016-08-15 02:59:00.840,"11 km SW of Tapay, Peru",5.5,20.0,-72.0092,-15.6542,earthquake,green,0,reviewed,",us10006du3,gcmt20160815025859,iscgem609351116,atlas20160815025900,",2,8,0,0.09014444444444444,MEDIUM,1,0,0.55,0.9714285714285714,6.664285714285715
2020-10-21 19:52:14.402,"101 km S of Sarangani, Philippines",4.5,71.25,125.5546,4.4935,earthquake,,0,reviewed,",us7000c6ba,",19,10,2,0.8738180555555555,MEDIUM,1,0,0.45,0.8982142857142857,5.944642857142856
2022-11-03 12:49:31.052,"14 km E of Baganga, Philippines",4.6,10.0,126.6895,7.5542,earthquake,,0,reviewed,",us7000im62,",12,11,3,1.374995,MEDIUM,1,0,0.45999999999999996,0.9857142857142858,6.257142857142856
2016-11-22 03:32:10.580,"53 km ESE of Namie, Japan",4.5,10.0,141.5414,37.2706,earthquake,,0,reviewed,",us10007bb2,",3,11,1,0.4383583333333333,MEDIUM,1,0,0.45,0.9857142857142858,6.207142857142856
2020-06-20 23:55:51.414,"237 km E of Levuka, Fiji",4.5,588.88,-178.4382,-18.0275,earthquake,,0,reviewed,",us6000afnf,",23,6,5,0.20728555555555553,MEDIUM,1,1,0.45,0.15874285714285719,3.7262285714285714
2019-02-21 06:48:09.460,"74 km NNE of Neiafu, Tonga",4.6,151.89,-173.8068,-17.9971,earthquake,,0,reviewed,",us1000j9fa,",6,2,3,0.22493333333333332,MEDIUM,1,1,0.45999999999999996,0.7830142857142858,5.649042857142858
2016-09-05 20:06:24.140,northern Mid-Atlantic Ridge,5.2,10.0,-41.3639,31.1066,earthquake,,0,reviewed,",us10006knc,",20,9,0,0.15128611111111112,MEDIUM,1,0,0.52,0.9857142857142858,6.557142857142857
2021-07-01 01:13:38.950,"4 km NNE of San Pedro Atoyac, Mexico",5.0,10.0,-97.9648,16.5264,earthquake,,0,reviewed,",us7000ehvx,",1,7,3,25.62208111111111,MEDIUM,1,0,0.5,0.9857142857142858,6.457142857142857
2018-07-10 12:52:55.500,Southwest Indian Ridge,4.7,10.0,58.168,-31.7174,earthquake,,0,reviewed,",us2000g467,",12,7,1,0.3949722222222222,MEDIUM,1,0,0.47000000000000003,0.9857142857142858,6.307142857142857
2022-11-18 03:59:56.519,"97 km SE of Lata, Solomon Islands",4.5,73.393,166.333,-11.4316,earthquake,,0,reviewed,",us7000iqlk,",3,11,4,1.2612433333333333,MEDIUM,1,0,0.45,0.8951528571428571,5.935458571428571
2018-12-04 09:44:47.480,"76 km E of W?ngjing, India",4.5,10.0,94.8152,24.5152,earthquake,,0,reviewed,",us1000i4ai,",9,12,1,1.0750083333333333,MEDIUM,1,0,0.45,0.9857142857142858,6.207142857142856
2019-01-19 04:14:29.680,Kermadec Islands region,4.8,264.73,-178.4696,-28.6111,earthquake,,0,reviewed,",us2000j67h,",4,1,5,1.8339472222222222,MEDIUM,1,1,0.48,0.6218142857142857,5.265442857142856
2018-10-08 23:14:39.670,"214 km ENE of Kuril’sk, Russia",4.5,104.74,150.4817,45.8362,earthquake,,0,reviewed,",us1000h92e,",23,10,0,0.5696749999999999,MEDIUM,1,0,0.45,0.8503714285714286,5.801114285714285
2015-09-13 01:45:46.180,south of the Kermadec Islands,4.6,10.0,-178.6562,-33.2666,earthquake,,0,reviewed,",us20003nxy,",1,9,6,0.3357,MEDIUM,1,1,0.45999999999999996,0.9857142857142858,6.257142857142856
2017-05-30 07:20:32.680,"250 km NNE of Hadibu, Yemen",4.7,10.0,54.8578,14.7631,earthquake,,0,reviewed,",us10008wcz,",7,5,1,0.44155833333333333,MEDIUM,1,0,0.47000000000000003,0.9857142857142858,6.307142857142857
2020-03-07 05:43:45.580,"52 km WSW of Port-Vila, Vanuatu",5.5,10.0,167.85,-17.8921,earthquake,green,0,reviewed,",us60008bj6,",5,3,5,0.6936713888888889,MEDIUM,1,0,0.55,0.9857142857142858,6.707142857142857
2021-12-27 11:58:33.655,South Sandwich Islands region,4.7,21.33,-25.5419,-59.3508,earthquake,,0,reviewed,",us7000g9x5,",11,12,0,0.40705583333333334,MEDIUM,1,0,0.47000000000000003,0.9695285714285714,6.258585714285713
2018-09-28 14:44:23.090,"129 km W of Lata, Solomon Islands",4.6,10.0,164.6303,-10.9275,earthquake,,0,reviewed,",us1000h73l,",14,9,4,0.08264444444444444,MEDIUM,1,0,0.45999999999999996,0.9857142857142858,6.257142857142856
2024-02-21 06:05:32.886,central Mid-Atlantic Ridge,4.6,10.0,-32.556,4.2565,earthquake,,0,reviewed,",us7000m1nn,",6,2,2,1.5633066666666668,MEDIUM,1,0,0.45999999999999996,0.9857142857142858,6.257142857142856
2019-04-29 08:57:49.124,"75 km ENE of Pilar, Philippines",4.5,10.0,126.716,10.1713,earthquake,,0,reviewed,",us70003igg,",8,4,0,0.8357222222222221,MEDIUM,1,0,0.45,0.9857142857142858,6.207142857142856
2017-05-31 13:59:12.370,"135 km S of Longyearbyen, Svalbard and Jan Mayen",4.8,3.39,15.7431,77.0103,earthquake,,0,reviewed,",us10008wu0,",13,5,2,5.396286111111111,MEDIUM,1,0,0.48,0.9951571428571429,6.385471428571429
2020-03-18 15:31:33.195,"67 km S of Shungnak, Alaska",5.0,8.6,-157.2513,66.2877,earthquake,green,1,reviewed,",at00q7eb4l,us60008huz,ak0203l91abz,",15,3,2,1.4780977777777777,MEDIUM,1,0,0.5,0.9877142857142858,6.4631428571428575
2015-07-06 03:50:57.870,Pacific-Antarctic Ridge,5.6,10.0,-142.1098,-56.6001,earthquake,green,0,reviewed,",us20002zt7,gcmt20150706035056,iscgem610432369,",3,7,0,3.006705833333333,MEDIUM,1,0,0.5599999999999999,0.9857142857142858,6.757142857142856
2018-12-09 05:10:38.140,"2 km S of Azagra, Philippines",4.5,10.0,123.1363,9.4592,earthquake,,0,reviewed,",us1000i59d,",5,12,6,1.7743277777777777,MEDIUM,1,0,0.45,0.9857142857142858,6.207142857142856
2023-05-23 10:20:33.561,southeast of the Loyalty Islands,4.6,22.832,170.5184,-23.0726,earthquake,,0,reviewed,",us7000k386,",10,5,1,0.8987375,MEDIUM,1,0,0.45999999999999996,0.9673828571428571,6.2021485714285705
2022-04-19 19:32:27.438,"7 km NE of Acevedo, Colombia",4.6,28.88,-75.8536,1.8566,earthquake,,0,reviewed,",us7000h3ef,",19,4,1,0.031338055555555556,MEDIUM,1,0,0.45999999999999996,0.9587428571428571,6.176228571428571
2015-08-16 15:35:39.840,South Sandwich Islands region,4.6,52.92,-25.6578,-57.3592,earthquake,,0,reviewed,",us20003fdf,",15,8,6,1.4594555555555555,MEDIUM,1,0,0.45999999999999996,0.9244,6.0732
2016-07-23 06:18:09.130,Tristan da Cunha region,4.9,10.0,-15.3557,-35.3198,earthquake,,0,reviewed,",us20006i3k,",6,7,5,3.4325638888888887,MEDIUM,1,0,0.49000000000000005,0.9857142857142858,6.407142857142857
2015-04-26 14:44:50.510,"30 km S of Kod?ri??, Nepal",4.5,10.0,85.9657,27.686,earthquake,,0,reviewed,",us200029dv,",14,4,6,0.6553972222222222,MEDIUM,1,0,0.45,0.9857142857142858,6.207142857142856
2016-06-28 17:32:21.570,"Bonin Islands, Japan region",4.7,10.0,143.3747,27.5945,earthquake,,0,reviewed,",us200067l8,",17,6,1,1.7011194444444444,MEDIUM,1,0,0.47000000000000003,0.9857142857142858,6.307142857142857
2016-11-18 11:48:41.040,"109 km SW of Panguna, Papua New Guinea",4.9,10.0,154.8018,-7.0323,earthquake,,0,reviewed,",us100079yp,",11,11,4,0.48257222222222224,MEDIUM,1,0,0.49000000000000005,0.9857142857142858,6.407142857142857
2024-10-19 13:32:20.709,Mid-Indian Ridge,5.3,10.0,66.0196,-13.6929,earthquake,,0,reviewed,",usauto6000nzqz,us6000nzqz,",13,10,5,1.5064161111111112,MEDIUM,1,0,0.53,0.9857142857142858,6.607142857142857
2019-11-29 14:43:38.405,central East Pacific Rise,4.9,10.0,-107.069,-8.1171,earthquake,,0,reviewed,",us70006eel,",14,11,4,1.8714847222222224,MEDIUM,1,0,0.49000000000000005,0.9857142857142858,6.407142857142857
2018-08-13 10:37:31.640,"86 km SSW of Kroya, Indonesia",4.5,71.12,108.8786,-8.319,earthquake,,0,reviewed,",us1000gbgv,",10,8,0,0.6758161111111112,MEDIUM,1,0,0.45,0.8984,5.9452
2022-09-06 12:28:07.508,central Mid-Atlantic Ridge,4.5,10.0,-28.6687,0.5423,earthquake,,0,reviewed,",us7000i7xf,",12,9,1,0.2332108333333333,MEDIUM,1,0,0.45,0.9857142857142858,6.207142857142856
2023-09-07 19:26:27.427,"123 km S of Dushanzi, China",4.5,43.864,84.867,43.2189,earthquake,,0,reviewed,",us7000ku0m,",19,9,3,0.10395055555555555,MEDIUM,1,0,0.45,0.9373371428571429,6.062011428571429
2017-01-02 16:42:06.700,Reykjanes Ridge,4.8,10.45,-35.2675,53.3196,earthquake,,0,reviewed,",us10007pa7,",16,1,0,0.5187694444444444,MEDIUM,1,0,0.48,0.9850714285714286,6.355214285714284
2020-10-03 12:29:47.299,"129 km SE of Pondaguitan, Philippines",4.5,49.49,127.0154,5.549,earthquake,,0,reviewed,",us6000c6qn,",12,10,5,0.05544,MEDIUM,1,0,0.45,0.9293,6.0379
2020-06-20 13:25:00.748,"297 km ESE of Levuka, Fiji",4.5,465.66,-177.9881,-18.8389,earthquake,,0,reviewed,",us6000afft,",13,6,5,1.1163177777777777,MEDIUM,1,1,0.45,0.3347714285714285,4.254314285714286
2021-12-15 17:15:16.006,South Sandwich Islands region,4.5,35.0,-25.2571,-57.927,earthquake,,0,reviewed,",us6000gdv6,",17,12,2,0.044555833333333336,MEDIUM,1,0,0.45,0.95,6.1
2022-06-03 20:58:50.942,"12 km WSW of Nueva Concepción, Guatemala",4.7,87.85,-91.4091,14.1546,earthquake,,0,reviewed,",us7000hery,",20,6,4,0.9882930555555556,MEDIUM,1,0,0.47000000000000003,0.8745,5.9735000000000005
2016-12-02 22:11:59.000,"64 km ENE of La Trinité, Martinique",4.5,49.11,-60.434,15.01,earthquake,,0,reviewed,",us10007egf,",22,12,4,0.042527777777777775,MEDIUM,1,0,0.45,0.9298428571428572,6.039528571428572
2023-06-20 08:39:17.895,"160 km NW of Tuapejat, Indonesia",5.5,19.993,98.6027,-0.9713,earthquake,green,0,reviewed,",us7000k9ti,",8,6,1,0.9073702777777778,MEDIUM,1,0,0.55,0.9714385714285714,6.664315714285714
2023-02-13 01:21:38.998,"106 km SSW of ‘Ohonua, Tonga",4.7,59.79,-175.4129,-22.2048,earthquake,,0,reviewed,",us6000jqjq,",1,2,0,0.3155919444444445,MEDIUM,1,1,0.47000000000000003,0.9145857142857143,6.093757142857142
2018-11-17 08:56:39.320,"21 km NE of Murindó, Colombia",4.5,10.0,-76.7067,7.1417,earthquake,,0,reviewed,",us1000ht4m,",8,11,5,1.2584972222222222,MEDIUM,1,0,0.45,0.9857142857142858,6.207142857142856
2023-10-30 22:44:57.660,"Izu Islands, Japan region",5.0,10.0,141.6876,32.6712,earthquake,,0,reviewed,",us7000l7mn,",22,10,0,0.6416819444444444,MEDIUM,1,0,0.5,0.9857142857142858,6.457142857142857
2023-06-23 17:39:13.135,"94 km NE of Hamatonbetsu, Japan",5.6,314.0,143.1203,45.8109,earthquake,green,0,reviewed,",us7000kane,usauto7000kane,",17,6,4,1.5390338888888888,MEDIUM,1,0,0.5599999999999999,0.5514285714285714,5.454285714285714
2020-04-27 08:40:42.777,"93 km NW of Rabaul, Papua New Guinea",5.4,10.0,151.4659,-3.7329,earthquake,green,0,reviewed,",pt20118001,us60009d5p,",8,4,0,4.454611944444444,MEDIUM,1,0,0.54,0.9857142857142858,6.657142857142857
2020-08-30 04:17:38.449,south of the Fiji Islands,4.5,10.0,-176.8214,-25.6049,earthquake,,0,reviewed,",us7000bh53,",4,8,6,0.18716972222222222,MEDIUM,1,1,0.45,0.9857142857142858,6.207142857142856
2019-01-25 06:44:32.080,south of the Kermadec Islands,4.5,10.0,-179.5342,-32.3929,earthquake,,0,reviewed,",us2000jeri,",6,1,4,0.6529361111111112,MEDIUM,1,1,0.45,0.9857142857142858,6.207142857142856
2017-10-25 11:35:28.520,"Pagan region, Northern Mariana Islands",5.0,213.3,145.4986,18.8983,earthquake,,0,reviewed,",us1000awn4,",11,10,2,0.7517666666666667,MEDIUM,1,0,0.5,0.6952857142857143,5.585857142857142
2016-12-12 02:56:58.960,"65 km NE of San Martín, Argentina",5.0,10.0,-68.062,-30.9721,earthquake,,0,reviewed,",us2000803e,iscgem609869846,",2,12,0,0.43056388888888886,MEDIUM,1,0,0.5,0.9857142857142858,6.457142857142857
2017-01-30 16:46:30.480,West Chile Rise,4.5,10.0,-83.6343,-42.7247,earthquake,,0,reviewed,",us20008jnk,",16,1,0,0.022758333333333335,MEDIUM,1,0,0.45,0.9857142857142858,6.207142857142856
2017-12-01 00:06:13.200,Banda Sea,5.0,139.55,130.1189,-6.298,earthquake,,0,reviewed,",us1000bjne,",0,12,4,0.9423138888888889,MEDIUM,1,0,0.5,0.8006428571428571,5.901928571428571
2017-11-06 16:12:21.780,"5 km E of La Mina, Mexico",4.8,105.87,-96.0438,17.9825,earthquake,,0,reviewed,",us1000blft,",16,11,0,0.5143833333333333,MEDIUM,1,0,0.48,0.8487571428571429,5.946271428571428
2020-05-09 17:23:41.867,"127 km W of Panguna, Papua New Guinea",4.5,10.0,154.3365,-6.4466,earthquake,,0,reviewed,",us70009gm2,",17,5,5,1.7953380555555554,MEDIUM,1,0,0.45,0.9857142857142858,6.207142857142856
2021-04-16 20:55:11.524,"246 km SE of Sarangani, Philippines",5.4,35.0,126.7347,3.5769,earthquake,green,0,reviewed,",usauto6000e280,us6000e280,",20,4,4,0.9146233333333332,MEDIUM,1,0,0.54,0.95,6.549999999999999
2023-03-26 17:26:41.413,"23 km NE of Tomé, Chile",4.7,45.215,-72.7481,-36.4913,earthquake,,0,reviewed,",us7000jmw0,",17,3,6,0.08527055555555556,MEDIUM,1,0,0.47000000000000003,0.9354071428571429,6.156221428571429
2024-10-13 06:33:12.173,"161 km ESE of Hihifo, Tonga",4.5,10.0,-172.5007,-16.7083,earthquake,,0,reviewed,",us7000npck,",6,10,6,0.29599916666666665,MEDIUM,1,1,0.45,0.9857142857142858,6.207142857142856
2019-01-09 07:29:35.200,"108 km ENE of Pangai, Tonga",4.9,10.0,-173.3625,-19.5361,earthquake,,0,reviewed,",us2000j8sc,",7,1,2,0.6321225,MEDIUM,1,1,0.49000000000000005,0.9857142857142858,6.407142857142857
2015-07-16 17:15:51.790,"161 km SSE of Shimoda, Japan",4.6,18.18,139.4805,33.2913,earthquake,,0,reviewed,",us20002xyr,",17,7,3,1.6601249999999999,MEDIUM,1,0,0.45999999999999996,0.9740285714285715,6.222085714285713
2020-08-26 07:24:25.297,"Bonin Islands, Japan region",4.5,380.17,140.1108,27.3033,earthquake,,0,reviewed,",us7000bd37,",7,8,2,2.3451250000000003,MEDIUM,1,0,0.45,0.4569,4.620699999999999
2016-05-30 23:47:30.020,South Sandwich Islands region,4.6,10.0,-26.1395,-56.1068,earthquake,,0,reviewed,",us200061r8,",23,5,0,0.13358333333333333,MEDIUM,1,0,0.45999999999999996,0.9857142857142858,6.257142857142856
2019-04-07 02:18:19.349,"23 km SSW of Atambua, Indonesia",5.1,35.0,124.7998,-9.2992,earthquake,,0,reviewed,",us2000kblz,",2,4,6,1.0550694444444444,MEDIUM,1,0,0.51,0.95,6.4
2019-06-03 01:58:16.211,"136 km E of ‘Ohonua, Tonga",4.7,10.0,-173.6351,-21.2522,earthquake,,0,reviewed,",us70003y1z,",1,6,0,0.9331125,MEDIUM,1,1,0.47000000000000003,0.9857142857142858,6.307142857142857
2022-12-25 11:26:48.052,Kuril Islands,5.1,35.0,153.6562,47.1983,earthquake,,0,reviewed,",us6000jblb,",11,12,6,0.09538194444444445,MEDIUM,1,0,0.51,0.95,6.4
2019-03-31 07:02:56.960,"88 km ESE of Lata, Solomon Islands",4.5,151.03,166.4987,-11.1295,earthquake,,0,reviewed,",us2000k7vw,",7,3,6,3.9211619444444445,MEDIUM,1,0,0.45,0.7842428571428571,5.602728571428571
2021-09-18 19:46:40.884,South Sandwich Islands region,4.6,38.99,-26.0717,-59.6649,earthquake,,0,reviewed,",us7000fdsc,",19,9,5,1.2944686111111112,MEDIUM,1,0,0.45999999999999996,0.9443,6.1329
2024-08-17 20:52:49.570,"235 km NNE of Lospalos, Timor Leste",5.0,337.956,128.0377,-6.6591,earthquake,,0,reviewed,",pt24230001,us7000n7ni,",20,8,5,1.2132141666666667,MEDIUM,1,0,0.5,0.5172057142857143,5.051617142857142
2023-10-03 20:32:35.570,"Izu Islands, Japan region",5.2,10.0,140.0114,29.8599,earthquake,,0,reviewed,",usauto6000lclx,us6000lclx,",20,10,1,1.0895955555555554,MEDIUM,1,0,0.52,0.9857142857142858,6.557142857142857
2017-09-08 21:53:01.030,"60 km S of San Francisco del Mar Viejo, Mexico",4.7,42.95,-94.6359,15.6857,earthquake,,0,reviewed,",us2000aie6,",21,9,4,0.22321666666666667,MEDIUM,1,0,0.47000000000000003,0.9386428571428571,6.165928571428571
2015-01-18 08:30:29.010,southern Mid-Atlantic Ridge,5.2,10.0,-14.0259,-16.4119,earthquake,,0,reviewed,",usc000tgxf,",8,1,6,0.24133055555555555,MEDIUM,1,0,0.52,0.9857142857142858,6.557142857142857
2021-08-26 03:04:21.629,"80 km NNE of Yonakuni, Japan",4.8,121.86,123.4191,25.0879,earthquake,,0,reviewed,",us7000f400,",3,8,3,0.2950022222222222,MEDIUM,1,0,0.48,0.8259142857142857,5.877742857142857
2023-09-21 12:48:02.594,Reykjanes Ridge,4.5,10.0,-32.3405,57.884,earthquake,,0,reviewed,",us6000lb37,",12,9,3,2.9943283333333333,MEDIUM,1,0,0.45,0.9857142857142858,6.207142857142856
2016-08-17 15:50:34.080,"63 km SSW of Tymovskoye, Russia",4.6,24.13,142.3239,50.3253,earthquake,,0,reviewed,",us10006egg,",15,8,2,0.6228361111111111,MEDIUM,1,0,0.45999999999999996,0.9655285714285714,6.196585714285714
2017-10-16 12:47:23.330,"Izu Islands, Japan region",4.9,10.0,141.8945,31.1763,earthquake,,0,reviewed,",us1000asq7,",12,10,0,0.7458055555555556,MEDIUM,1,0,0.49000000000000005,0.9857142857142858,6.407142857142857
2020-01-19 11:58:38.831,Vanuatu,4.5,26.93,169.6514,-19.4838,earthquake,,0,reviewed,",us60007k72,",11,1,6,6.1631430555555555,MEDIUM,1,0,0.45,0.9615285714285714,6.1345857142857145
2015-12-20 03:42:01.110,Southwest Indian Ridge,4.6,10.0,61.2376,-29.275,earthquake,,0,reviewed,",us10004920,",3,12,6,0.8996083333333333,MEDIUM,1,0,0.45999999999999996,0.9857142857142858,6.257142857142856
2022-05-19 01:50:24.629,southern East Pacific Rise,5.2,10.0,-126.9502,-55.1041,earthquake,,0,reviewed,",us6000hm6c,",1,5,3,1.5920052777777778,MEDIUM,1,0,0.52,0.9857142857142858,6.557142857142857
2019-09-04 13:37:47.143,"146 km WNW of Tobelo, Indonesia",5.0,47.51,126.8118,2.2881,earthquake,,0,reviewed,",us70005bxj,",13,9,2,3.823646111111111,MEDIUM,1,0,0.5,0.9321285714285714,6.296385714285714
2015-04-01 01:45:15.900,southern Mid-Atlantic Ridge,4.8,10.0,-13.5388,-14.911,earthquake,,0,reviewed,",us200026a6,",1,4,2,0.5084555555555555,MEDIUM,1,0,0.48,0.9857142857142858,6.357142857142857
2021-10-11 01:21:55.978,South Sandwich Islands region,4.7,35.0,-25.2971,-57.9456,earthquake,,0,reviewed,",us6000fuvy,",1,10,0,1.8992708333333332,MEDIUM,1,0,0.47000000000000003,0.95,6.2
2022-07-12 15:02:30.158,southeast Indian Ridge,4.5,10.0,84.8965,-42.4066,earthquake,,0,reviewed,",us7000hs4m,",15,7,1,1.3249655555555555,MEDIUM,1,0,0.45,0.9857142857142858,6.207142857142856
2023-12-28 11:03:46.349,Pacific-Antarctic Ridge,4.7,10.0,-151.808,-59.4329,earthquake,,0,reviewed,",us6000m2hv,",11,12,3,0.8998755555555555,MEDIUM,1,0,0.47000000000000003,0.9857142857142858,6.307142857142857
2019-06-05 20:41:49.574,"9 km E of Kulaman, Philippines",5.5,470.06,124.1678,6.4759,earthquake,green,0,reviewed,",us70003w0p,",20,6,2,1.2415552777777779,MEDIUM,1,0,0.55,0.32848571428571427,4.735457142857143
2023-12-22 14:56:44.290,"146 km S of Isangel, Vanuatu",4.8,58.741,169.388,-20.8627,earthquake,,0,reviewed,",us7000lkw9,",14,12,4,0.4926525,MEDIUM,1,0,0.48,0.9160842857142857,6.1482528571428565
2017-05-13 02:18:46.430,south of the Kermadec Islands,4.6,78.98,-178.7389,-33.9432,earthquake,,0,reviewed,",us10008wfa,",2,5,5,0.05018333333333333,MEDIUM,1,1,0.45999999999999996,0.8871714285714286,5.961514285714285
2018-05-31 01:03:18.540,"89 km ESE of Yujing, Taiwan",4.6,10.0,121.2823,22.8561,earthquake,,0,reviewed,",us1000ef9z,",1,5,3,5.865916666666666,MEDIUM,1,0,0.45999999999999996,0.9857142857142858,6.257142857142856
2017-12-19 06:00:34.630,"24 km W of D?r?b, Iran",4.7,10.0,54.2937,28.7252,earthquake,,0,reviewed,",us1000bsxw,",6,12,1,0.41783333333333333,MEDIUM,1,0,0.47000000000000003,0.9857142857142858,6.307142857142857
2023-12-02 21:07:51.349,"27 km NE of Barcelona, Philippines",5.1,45.673,126.6272,8.3123,earthquake,,0,reviewed,",us7000lfn9,",21,12,5,0.009000833333333333,MEDIUM,1,0,0.51,0.9347528571428572,6.354258571428572
2015-06-03 21:06:18.240,central Mid-Atlantic Ridge,4.5,10.0,-31.2419,3.314,earthquake,,0,reviewed,",us20002pec,",21,6,2,1.1554055555555556,MEDIUM,1,0,0.45,0.9857142857142858,6.207142857142856
2018-02-12 05:29:04.810,"126 km SSW of Puerto El Triunfo, El Salvador",4.5,10.0,-88.9012,12.1923,earthquake,,0,reviewed,",us2000d0t8,",5,2,0,2.674313888888889,MEDIUM,1,0,0.45,0.9857142857142858,6.207142857142856
2018-12-06 21:45:11.378,"2 km SSE of Point MacKenzie, Alaska",4.8,43.2,-149.955,61.3407,earthquake,green,1,reviewed,",ak20453123,at00pjc4fa,us1000i3sf,ak018fmnhrpd,",21,12,3,0.6556355555555555,MEDIUM,1,0,0.48,0.9382857142857143,6.214857142857143
2017-09-03 17:41:39.590,"10 km E of Soda Springs, Idaho",4.7,7.69,-111.474,42.6381,earthquake,green,0,reviewed,",uu60231007,us2000af79,",17,9,6,0.8728361111111111,MEDIUM,1,0,0.47000000000000003,0.9890142857142857,6.317042857142857
2016-05-31 05:23:47.310,Taiwan region,6.4,246.4,122.5458,25.5615,earthquake,green,0,reviewed,",us20005zay,gcmt20160531052347,iscgem611829898,",5,5,1,0.8588027777777778,HIGH,0,0,0.64,0.6479999999999999,6.143999999999999
2019-06-06 09:22:30.821,"Pagan region, Northern Mariana Islands",4.5,183.99,145.6709,18.2281,earthquake,,0,reviewed,",us70003w8m,",9,6,3,1.3011825,MEDIUM,1,0,0.45,0.7371571428571428,5.4614714285714285
2017-09-21 01:44:58.020,"125 km ENE of Lorengau, Papua New Guinea",4.6,30.86,148.2221,-1.4226,earthquake,,0,reviewed,",us2000as9r,",1,9,3,0.42197777777777773,MEDIUM,1,0,0.45999999999999996,0.9559142857142857,6.167742857142856
2022-06-23 22:23:50.624,"143 km ENE of Amahai, Indonesia",4.5,10.0,130.1134,-2.8496,earthquake,,0,reviewed,",us7000hkwm,",22,6,3,0.19513305555555557,MEDIUM,1,0,0.45,0.9857142857142858,6.207142857142856
2015-12-11 14:49:26.430,"27 km WNW of El Habillal, Mexico",4.8,35.64,-102.6035,18.12,earthquake,,0,reviewed,",us20004gea,",14,12,4,1.7793111111111113,MEDIUM,1,0,0.48,0.9490857142857143,6.247257142857142
2017-09-16 04:21:06.930,"9 km E of Puyo, Ecuador",4.6,162.23,-77.9211,-1.4861,earthquake,,0,reviewed,",us2000anyf,",4,9,5,2.771819444444444,MEDIUM,1,0,0.45999999999999996,0.7682428571428571,5.604728571428571
2019-11-11 14:37:13.927,"93 km NE of Hihifo, Tonga",4.6,10.0,-173.2451,-15.2946,earthquake,,0,reviewed,",us60006a84,",14,11,0,2.910261111111111,MEDIUM,1,1,0.45999999999999996,0.9857142857142858,6.257142857142856
2020-10-23 19:11:28.822,south of the Fiji Islands,4.6,566.71,-179.4453,-22.4614,earthquake,,0,reviewed,",us6000cc9n,",19,10,4,0.17863472222222224,MEDIUM,1,1,0.45999999999999996,0.19041428571428565,3.8712428571428568
2016-10-18 16:36:41.760,south of the Fiji Islands,5.9,540.0,-179.843,-23.3265,earthquake,green,0,reviewed,",us20007f3s,gcmt20161018163641,iscgem609631629,",16,10,1,3.4709194444444442,MEDIUM,1,1,0.5900000000000001,0.22857142857142854,4.635714285714286
2015-04-30 19:21:18.100,"3 km SW of Tuensang, India",4.8,10.0,94.7996,26.2401,earthquake,,0,reviewed,",us20002aid,",19,4,3,0.8135527777777778,MEDIUM,1,0,0.48,0.9857142857142858,6.357142857142857
2019-12-17 06:00:53.699,"8 km SSE of Kiblawan, Philippines",4.5,10.0,125.2602,6.5371,earthquake,,0,reviewed,",us60006sju,",6,12,1,3.946865277777778,MEDIUM,1,0,0.45,0.9857142857142858,6.207142857142856
2021-08-01 01:25:53.596,"180 km SW of Grindavík, Iceland",4.7,10.0,-25.206,62.8073,earthquake,,0,reviewed,",us6000f147,",1,8,6,0.2759302777777778,MEDIUM,1,0,0.47000000000000003,0.9857142857142858,6.307142857142857
2021-11-11 01:46:13.610,Kermadec Islands region,4.5,39.3,-178.2121,-31.3534,earthquake,,0,reviewed,",us7000fulb,",1,11,3,0.5682969444444445,MEDIUM,1,1,0.45,0.9438571428571428,6.081571428571428
2017-05-02 03:48:25.520,"137 km NNE of Neiafu, Tonga",4.6,10.56,-173.6557,-17.4442,earthquake,,0,reviewed,",us10008qr0,",3,5,1,2.9431666666666665,MEDIUM,1,1,0.45999999999999996,0.9849142857142857,6.2547428571428565
2024-07-01 19:58:49.531,"162 km E of Kuril’sk, Russia",4.5,57.823,149.9256,45.0166,earthquake,,0,reviewed,",us6000n9nz,",19,7,0,2.7965769444444444,MEDIUM,1,0,0.45,0.9173957142857143,6.002187142857142
2015-09-21 18:08:04.000,"64 km SW of Ovalle, Chile",4.5,33.0,-71.655,-31.026,earthquake,,0,reviewed,",us20003mid,",18,9,0,0.16392222222222222,MEDIUM,1,0,0.45,0.9528571428571428,6.1085714285714285
2016-03-06 00:54:41.400,"14 km NNE of Paján, Ecuador",5.1,10.0,-80.4011,-1.4279,earthquake,,0,reviewed,",us10004vl0,iscgem608461159,",0,3,6,0.8273861111111112,MEDIUM,1,0,0.51,0.9857142857142858,6.507142857142857
2023-05-20 07:55:38.066,"270 km ESE of Vao, New Caledonia",4.7,10.0,170.0789,-23.1785,earthquake,,0,reviewed,",us6000kdez,",7,5,5,0.3569702777777778,MEDIUM,1,0,0.47000000000000003,0.9857142857142858,6.307142857142857
2019-11-27 16:52:10.830,Carlsberg Ridge,5.3,10.0,64.173,3.603,earthquake,,0,reviewed,",us70006dte,",16,11,2,0.3334436111111111,MEDIUM,1,0,0.53,0.9857142857142858,6.607142857142857
2023-07-23 16:02:25.465,southwestern Atlantic Ocean,4.9,10.0,-10.3998,-49.2853,earthquake,,0,reviewed,",us7000khty,",16,7,6,1.8013172222222222,MEDIUM,1,0,0.49000000000000005,0.9857142857142858,6.407142857142857
2018-12-26 23:36:20.710,"210 km S of ‘Ohonua, Tonga",5.1,10.0,-174.9055,-23.2352,earthquake,,0,reviewed,",us2000ixw6,",23,12,2,1.352661111111111,MEDIUM,1,1,0.51,0.9857142857142858,6.507142857142857
2020-08-31 03:03:26.988,"145 km E of Kimbe, Papua New Guinea",4.6,35.0,151.4465,-5.6917,earthquake,,0,reviewed,",us7000bf59,",3,8,0,0.984715,MEDIUM,1,0,0.45999999999999996,0.95,6.149999999999999
2019-06-24 05:40:23.884,"226 km W of Abepura, Indonesia",4.6,10.0,138.6082,-2.8119,earthquake,,0,reviewed,",us6000453t,",5,6,0,0.4097763888888889,MEDIUM,1,0,0.45999999999999996,0.9857142857142858,6.257142857142856
2017-04-04 15:20:44.180,"71 km SSE of Adak, Alaska",4.8,10.0,-176.393,51.2488,earthquake,,0,reviewed,",ak15680308,ak0174bpkigl,us10008ebx,",15,4,1,0.11585555555555554,MEDIUM,1,0,0.48,0.9857142857142858,6.357142857142857
2018-06-10 12:14:47.440,Mayotte region,4.5,15.08,45.5981,-13.0111,earthquake,,0,reviewed,",us1000eris,",12,6,6,3.888527777777778,MEDIUM,1,0,0.45,0.9784571428571429,6.185371428571429
2021-08-24 00:56:48.136,"Volcano Islands, Japan region",5.0,10.0,144.6872,23.133,earthquake,,0,reviewed,",us7000f74c,",0,8,1,3.9065855555555555,MEDIUM,1,0,0.5,0.9857142857142858,6.457142857142857
2023-11-05 05:50:18.034,southeast of the Loyalty Islands,4.5,10.0,172.418,-22.973,earthquake,,0,reviewed,",us7000l8yr,",5,11,6,0.5598025,MEDIUM,1,0,0.45,0.9857142857142858,6.207142857142856
2024-12-10 12:51:27.382,"119 km NW of Mejillones, Chile",4.5,10.0,-71.4011,-22.4835,earthquake,,0,reviewed,",us7000nxl2,",12,12,1,2.806885277777778,MEDIUM,1,0,0.45,0.9857142857142858,6.207142857142856
2021-12-27 12:27:55.278,western Indian-Antarctic Ridge,4.6,10.0,125.7843,-49.7176,earthquake,,0,reviewed,",us7000g9x7,",12,12,0,0.4893397222222222,MEDIUM,1,0,0.45999999999999996,0.9857142857142858,6.257142857142856
2024-04-03 03:57:17.840,"20 km SSW of Hualien City, Taiwan",4.9,29.509,121.5444,23.7997,earthquake,,0,reviewed,",us7000m9is,",3,4,2,0.1947861111111111,MEDIUM,1,0,0.49000000000000005,0.9578442857142857,6.323532857142857
2023-06-25 04:31:01.444,"112 km SE of Angoram, Papua New Guinea",4.5,100.56,144.7865,-4.7795,earthquake,,0,reviewed,",us7000kaxu,",4,6,6,0.4988430555555556,MEDIUM,1,0,0.45,0.8563428571428571,5.8190285714285706
2016-08-25 22:09:46.490,"82 km N of Lae, Papua New Guinea",4.5,107.97,147.0052,-5.9806,earthquake,,0,reviewed,",us20006vch,",22,8,3,0.26269444444444445,MEDIUM,1,0,0.45,0.8457571428571429,5.787271428571429
2017-06-29 10:33:30.040,"22 km ESE of Kalbay, Philippines",4.7,137.22,125.6928,5.6795,earthquake,,0,reviewed,",us1000958m,",10,6,3,2.2770944444444448,MEDIUM,1,0,0.47000000000000003,0.8039714285714286,5.761914285714286
2021-08-25 11:17:04.709,South Sandwich Islands region,4.5,30.31,-25.1756,-58.9122,earthquake,,0,reviewed,",us7000f7gl,",11,8,2,0.3908963888888889,MEDIUM,1,0,0.45,0.9567,6.120099999999999
2015-12-20 22:04:34.870,"89 km W of Panguna, Papua New Guinea",5.0,52.89,154.6759,-6.2785,earthquake,,0,reviewed,",us100048hu,gcmt20151220220434,iscgem608114875,",22,12,6,0.4323666666666667,MEDIUM,1,0,0.5,0.9244428571428571,6.2733285714285705
2016-10-17 08:59:59.760,"86 km W of Kandrian, Papua New Guinea",4.6,42.49,148.7792,-6.084,earthquake,,0,reviewed,",us20007erm,",8,10,0,0.8916083333333333,MEDIUM,1,0,0.45999999999999996,0.9393,6.1179
2015-11-25 20:05:13.630,east of the Kuril Islands,4.5,23.48,154.3908,45.8505,earthquake,,0,reviewed,",us100041s6,",20,11,2,0.4220861111111111,MEDIUM,1,0,0.45,0.9664571428571429,6.1493714285714285
2018-05-25 19:09:45.730,"108 km SE of Naze, Japan",4.6,19.91,130.1042,27.5625,earthquake,,0,reviewed,",us1000ecb1,",19,5,4,0.020641666666666666,MEDIUM,1,0,0.45999999999999996,0.9715571428571429,6.214671428571429
2024-08-30 02:49:39.814,"Izu Islands, Japan region",4.5,447.02,139.1231,29.3238,earthquake,,0,reviewed,",us6000nnln,",2,8,4,6.503822499999999,MEDIUM,1,0,0.45,0.36140000000000005,4.3342
2020-03-26 20:34:11.304,West Chile Rise,4.8,10.0,-95.8833,-36.7269,earthquake,,0,reviewed,",us70008grd,",20,3,3,0.15464333333333333,MEDIUM,1,0,0.48,0.9857142857142858,6.357142857142857
2015-04-02 18:07:10.030,southeast of Easter Island,4.6,15.7,-98.7841,-35.5184,earthquake,,0,reviewed,",us10001taf,",18,4,3,0.40507777777777776,MEDIUM,1,0,0.45999999999999996,0.9775714285714285,6.232714285714286
2016-07-05 12:16:02.330,"82 km E of Kyzyl-Eshme, Kyrgyzstan",4.5,10.0,73.2126,39.4251,earthquake,,0,reviewed,",us1000601h,",12,7,1,0.45341944444444443,MEDIUM,1,0,0.45,0.9857142857142858,6.207142857142856
2023-03-13 03:11:49.705,"42 km SSW of Alianza Cristiana, Peru",4.6,111.925,-76.5998,-3.8227,earthquake,,0,reviewed,",us7000jjgg,",3,3,0,1.5761119444444445,MEDIUM,1,0,0.45999999999999996,0.8401071428571428,5.820321428571428
2024-03-22 09:55:46.162,"110 km N of Paciran, Indonesia",4.6,10.0,112.4008,-5.8799,earthquake,,0,reviewed,",us7000m89n,",9,3,4,0.6052658333333333,MEDIUM,1,0,0.45999999999999996,0.9857142857142858,6.257142857142856
2020-03-05 20:39:36.336,south of the Kermadec Islands,4.7,10.0,-178.1634,-32.6067,earthquake,,0,reviewed,",us60008d86,",20,3,3,0.6707777777777778,MEDIUM,1,1,0.47000000000000003,0.9857142857142858,6.307142857142857
2016-07-26 07:05:42.980,"102 km WNW of Rabaul, Papua New Guinea",4.6,4.84,151.3786,-3.7147,earthquake,,0,reviewed,",us100068fb,",7,7,1,0.5703138888888889,MEDIUM,1,0,0.45999999999999996,0.9930857142857142,6.279257142857142
2015-01-08 02:02:53.840,"19 km E of Tofino, Canada",4.8,24.64,-125.647,49.1709,earthquake,,1,reviewed,",at00nhu5ot,usc000td14,uw60945742,",2,1,3,0.555663888888889,MEDIUM,1,0,0.48,0.9648,6.294399999999999
2023-01-13 04:17:23.421,"35 km SE of Calingasta, Argentina",4.5,40.986,-69.148,-31.556,earthquake,,0,reviewed,",us7000j420,",4,1,4,0.7631844444444444,MEDIUM,1,0,0.45,0.9414485714285714,6.074345714285714
2020-04-28 16:08:13.154,Tonga,4.7,10.0,-173.0571,-19.5826,earthquake,,0,reviewed,",us700099z5,",16,4,1,2.878592222222222,MEDIUM,1,1,0.47000000000000003,0.9857142857142858,6.307142857142857
2017-09-08 05:33:37.820,"98 km SW of Cabeza de Toro, Mexico",5.2,45.81,-94.4082,15.2843,earthquake,,0,reviewed,",us2000ahvy,",5,9,4,0.07518888888888889,MEDIUM,1,0,0.52,0.9345571428571429,6.403671428571428
2023-04-28 04:57:27.078,south of the Fiji Islands,4.5,582.631,178.4359,-25.0551,earthquake,,0,reviewed,",us7000jwk3,",4,4,4,0.5447541666666667,MEDIUM,1,0,0.45,0.16766999999999999,3.7530099999999997
2021-07-29 23:47:25.920,"16 km ENE of Bandar-e Gen?veh, Iran",4.5,10.0,50.6575,29.6568,earthquake,,0,reviewed,",us6000f0fs,",23,7,3,0.6366119444444445,MEDIUM,1,0,0.45,0.9857142857142858,6.207142857142856
2019-08-05 00:40:46.024,central Mid-Atlantic Ridge,5.8,10.0,-27.8703,1.0417,earthquake,green,0,reviewed,",us600050ny,",0,8,0,0.14265583333333334,MEDIUM,1,0,0.58,0.9857142857142858,6.857142857142856
2021-03-06 21:41:14.802,Mariana Islands region,4.8,10.0,144.454,21.0726,earthquake,,0,reviewed,",us7000dgns,",21,3,5,0.08833611111111112,MEDIUM,1,0,0.48,0.9857142857142858,6.357142857142857
2024-03-12 14:47:29.385,Mid-Indian Ridge,4.7,10.0,77.4768,-33.7079,earthquake,,0,reviewed,",us6000mjm9,",14,3,1,4.1071897222222224,MEDIUM,1,0,0.47000000000000003,0.9857142857142858,6.307142857142857
2019-10-01 18:19:10.273,south of Africa,4.5,10.0,24.5387,-53.4572,earthquake,,0,reviewed,",us70005t2g,",18,10,1,6.604483611111111,MEDIUM,1,0,0.45,0.9857142857142858,6.207142857142856
2023-06-06 17:10:44.599,"Near the south coast of Papua, Indonesia",4.5,10.0,133.75,-4.8096,earthquake,,0,reviewed,",us7000k87a,",17,6,1,0.04451777777777778,MEDIUM,1,0,0.45,0.9857142857142858,6.207142857142856
2018-02-28 06:15:14.810,Banda Sea,4.7,162.92,129.7486,-6.846,earthquake,,0,reviewed,",us2000d91j,",6,2,2,0.7985472222222222,MEDIUM,1,0,0.47000000000000003,0.7672571428571429,5.651771428571428
2024-04-17 01:45:14.861,"86 km E of Loreto, Mexico",5.0,10.0,-110.4997,26.1567,earthquake,,0,reviewed,",us7000mckg,usauto7000mckg,",1,4,2,0.9452869444444444,MEDIUM,1,0,0.5,0.9857142857142858,6.457142857142857
2023-03-15 01:16:17.338,Tonga,4.6,10.0,-173.4139,-19.4326,earthquake,,0,reviewed,",us7000jjz7,",1,3,2,0.6585497222222222,MEDIUM,1,1,0.45999999999999996,0.9857142857142858,6.257142857142856
2019-11-14 18:45:39.058,"134 km WNW of Ternate, Indonesia",5.8,27.23,126.3608,1.4326,earthquake,green,0,reviewed,",us60006bmg,",18,11,3,0.2556408333333333,MEDIUM,1,0,0.58,0.9611,6.7833
2022-10-27 10:10:53.566,Kuril Islands,5.2,68.693,152.5744,46.7091,earthquake,,0,reviewed,",usauto7000ikmy,us7000ikmy,",10,10,3,1.4246058333333333,MEDIUM,1,0,0.52,0.9018671428571429,6.305601428571429
2021-04-21 14:11:18.705,South Shetland Islands,4.5,10.0,-58.3074,-62.3516,earthquake,,0,reviewed,",us7000dxx3,",14,4,2,0.7145266666666666,MEDIUM,1,0,0.45,0.9857142857142858,6.207142857142856
2017-03-18 20:08:03.170,Southwest Indian Ridge,4.7,10.0,61.2019,-29.0637,earthquake,,0,reviewed,",us20008ubz,",20,3,5,3.1895472222222225,MEDIUM,1,0,0.47000000000000003,0.9857142857142858,6.307142857142857
2018-12-25 02:37:13.480,"44 km NW of Gizo, Solomon Islands",4.8,35.0,156.5346,-7.8396,earthquake,,0,reviewed,",us2000ixbv,",2,12,1,0.9295361111111111,MEDIUM,1,0,0.48,0.95,6.249999999999999
2021-04-27 16:58:09.389,"111 km E of Sarangani, Philippines",4.5,51.83,126.4644,5.2683,earthquake,,0,reviewed,",us7000dxy6,",16,4,1,0.2496486111111111,MEDIUM,1,0,0.45,0.9259571428571428,6.027871428571428
2024-06-07 16:31:04.714,"162 km WSW of Abepura, Indonesia",5.3,39.22,139.2269,-2.994,earthquake,green,0,reviewed,",usauto7000mr12,us7000mr12,",16,6,4,0.3068458333333333,MEDIUM,1,0,0.53,0.9439714285714286,6.481914285714286
2021-08-22 09:28:50.666,South Sandwich Islands region,4.5,10.0,-24.1229,-57.2394,earthquake,,0,reviewed,",us7000f6s5,",9,8,6,0.48405944444444443,MEDIUM,1,0,0.45,0.9857142857142858,6.207142857142856
2015-01-20 12:08:49.830,"132 km W of Panguna, Papua New Guinea",4.6,35.0,154.2952,-6.2199,earthquake,,0,reviewed,",usc000tk3q,",12,1,1,0.02529722222222222,MEDIUM,1,0,0.45999999999999996,0.95,6.149999999999999
2017-03-02 04:50:53.070,"100 km N of Lae, Papua New Guinea",4.7,70.06,147.1309,-5.8238,earthquake,,0,reviewed,",us100086fu,",4,3,3,2.656218888888889,MEDIUM,1,0,0.47000000000000003,0.8999142857142857,6.049742857142856
2020-12-06 04:18:59.188,Mid-Indian Ridge,4.9,10.0,77.7692,-40.2367,earthquake,,0,reviewed,",us7000cps7,",4,12,6,0.20235833333333333,MEDIUM,1,0,0.49000000000000005,0.9857142857142858,6.407142857142857
2015-07-22 15:18:42.590,South Sandwich Islands region,4.9,119.96,-27.5125,-56.1623,earthquake,,0,reviewed,",us20002z8s,",15,7,2,0.8895694444444444,MEDIUM,1,0,0.49000000000000005,0.8286285714285715,5.935885714285715
2016-06-19 05:00:08.780,"136 km ESE of Laikit, Laikit II (Dimembe), Indonesia",5.2,7.91,126.1072,1.0227,earthquake,,0,reviewed,",us200065c7,iscgem609050719,",5,6,6,3.099938888888889,MEDIUM,1,0,0.52,0.9887,6.5661000000000005
2017-12-29 03:41:42.810,"85 km NW of Rabaul, Papua New Guinea",4.6,48.15,151.6376,-3.63,earthquake,,0,reviewed,",iscgem611610953,us1000bxgx,",3,12,4,4.663427777777778,MEDIUM,1,0,0.45999999999999996,0.9312142857142858,6.093642857142857
2018-04-06 17:11:38.050,"Izu Islands, Japan region",4.9,9.27,143.1684,29.9638,earthquake,,0,reviewed,",us2000dvnv,",17,4,4,0.9727555555555556,MEDIUM,1,0,0.49000000000000005,0.9867571428571429,6.410271428571429
2017-10-31 05:37:47.400,"83 km NE of Hihifo, Tonga",4.6,10.0,-173.2299,-15.4305,earthquake,,0,reviewed,",us1000ayx3,",5,10,1,0.11870555555555555,MEDIUM,1,1,0.45999999999999996,0.9857142857142858,6.257142857142856
2018-04-13 13:30:36.010,"63 km ENE of Contamana, Peru",4.5,171.63,-74.4526,-7.2132,earthquake,,0,reviewed,",us2000dzmq,",13,4,4,6.140791666666666,MEDIUM,1,0,0.45,0.7548142857142857,5.514442857142857
2022-06-10 23:07:21.479,east of the North Island of New Zealand,5.6,10.0,-179.621,-35.0476,earthquake,green,0,reviewed,",us7000hgm3,usauto7000hgm3,pt22161000,",23,6,4,2.4031375,MEDIUM,1,1,0.5599999999999999,0.9857142857142858,6.757142857142856
2018-08-19 19:09:31.990,"143 km NNW of Sola, Vanuatu",4.8,207.83,167.057,-12.6717,earthquake,,0,reviewed,",us1000gdgb,",19,8,6,0.33409444444444447,MEDIUM,1,0,0.48,0.7031000000000001,5.5093000000000005
2024-01-12 08:01:49.432,Galapagos Triple Junction region,4.9,10.0,-101.1966,1.384,earthquake,,0,reviewed,",us6000m39d,",8,1,4,0.25785027777777775,MEDIUM,1,0,0.49000000000000005,0.9857142857142858,6.407142857142857
2015-05-19 13:08:21.790,"182 km ESE of Kimbe, Papua New Guinea",4.7,27.52,151.7264,-5.9881,earthquake,,0,reviewed,",us10002aig,",13,5,1,0.11046111111111112,MEDIUM,1,0,0.47000000000000003,0.9606857142857143,6.232057142857142
2019-11-26 13:14:53.412,central Mid-Atlantic Ridge,4.9,10.0,-39.7939,8.7691,earthquake,,0,reviewed,",us70006d6j,",13,11,1,0.16472138888888888,MEDIUM,1,0,0.49000000000000005,0.9857142857142858,6.407142857142857
2018-11-28 04:38:05.440,"68 km NE of Kainantu, Papua New Guinea",4.5,92.87,146.2645,-5.8154,earthquake,,0,reviewed,",us1000hxbk,",4,11,2,2.2445916666666665,MEDIUM,1,0,0.45,0.8673285714285714,5.851985714285714
2021-08-14 11:42:52.084,"47 km SSE of Isangel, Vanuatu",4.5,107.06,169.4685,-19.9354,earthquake,,0,reviewed,",us6000f656,",11,8,5,0.1621377777777778,MEDIUM,1,0,0.45,0.8470571428571428,5.7911714285714275
2019-03-12 03:04:45.676,Owen Fracture Zone region,4.8,10.0,59.8352,17.8552,earthquake,,0,reviewed,",us1000jdzt,",3,3,1,1.8723441666666667,MEDIUM,1,0,0.48,0.9857142857142858,6.357142857142857
2018-10-25 18:36:09.090,"43 km ESE of Ishinomaki, Japan",5.7,40.0,141.785,38.3158,earthquake,green,0,reviewed,",us1000hh6r,iscgem613513848,",18,10,3,0.05780277777777778,MEDIUM,1,0,0.5700000000000001,0.9428571428571428,6.678571428571428
2015-03-16 01:01:55.070,south of the Fiji Islands,4.5,515.78,179.4991,-26.3011,earthquake,,0,reviewed,",us10001nsa,",1,3,0,1.7439333333333333,MEDIUM,1,0,0.45,0.2631714285714286,4.0395142857142865
2022-09-14 08:44:35.359,"45 km WSW of Jiquilillo, Nicaragua",5.3,66.8,-87.8211,12.5455,earthquake,,0,reviewed,",us7000i7w6,usauto7000i7w6,pt22257001,",8,9,2,1.2936208333333332,MEDIUM,1,0,0.53,0.9045714285714286,6.363714285714285
2015-04-02 12:53:51.500,"Kermadec Islands, New Zealand",4.7,12.89,-178.8423,-30.1115,earthquake,,0,reviewed,",us10001t3u,",12,4,3,0.20834999999999998,MEDIUM,1,1,0.47000000000000003,0.9815857142857143,6.294757142857143
2015-02-11 03:30:11.780,"174 km NNW of Bamboo Flat, India",5.1,20.15,92.3474,13.2332,earthquake,,0,reviewed,",usc000tnwj,iscgem606723623,",3,2,2,6.020980555555555,MEDIUM,1,0,0.51,0.9712142857142857,6.463642857142856
2018-04-18 11:46:13.980,"147 km E of Miyako, Japan",4.7,10.0,143.6576,39.7368,earthquake,,0,reviewed,",us2000e22e,",11,4,2,2.198375,MEDIUM,1,0,0.47000000000000003,0.9857142857142858,6.307142857142857
2021-07-13 22:59:24.915,"5 km SSE of Hualien City, Taiwan",4.7,10.0,121.6287,23.9296,earthquake,,0,reviewed,",us7000elqh,",22,7,1,0.12213388888888889,MEDIUM,1,0,0.47000000000000003,0.9857142857142858,6.307142857142857
2020-08-15 10:53:18.027,"79 km S of Sarangani, Philippines",4.9,139.45,125.5347,4.6843,earthquake,,0,reviewed,",us6000bf5g,",10,8,5,0.07681861111111112,MEDIUM,1,0,0.49000000000000005,0.8007857142857143,5.852357142857143
2021-09-22 02:53:09.204,South Sandwich Islands region,4.6,35.0,-26.2661,-60.0135,earthquake,,0,reviewed,",us7000fevj,",2,9,2,0.08761916666666666,MEDIUM,1,0,0.45999999999999996,0.95,6.149999999999999
2023-04-29 00:50:33.278,western Indian-Antarctic Ridge,4.9,10.0,115.5072,-50.0964,earthquake,,0,reviewed,",us6000k9nl,",0,4,5,4.0664066666666665,MEDIUM,1,0,0.49000000000000005,0.9857142857142858,6.407142857142857
2018-08-02 02:59:03.030,"90 km NE of Hihifo, Tonga",4.6,35.0,-173.1312,-15.4533,earthquake,,0,reviewed,",us1000g1j1,",2,8,3,0.10865277777777776,MEDIUM,1,1,0.45999999999999996,0.95,6.149999999999999
2024-05-05 19:33:39.569,southeast of Easter Island,4.9,10.0,-95.556,-37.1794,earthquake,,0,reviewed,",us6000mwjw,",19,5,6,0.06728111111111111,MEDIUM,1,0,0.49000000000000005,0.9857142857142858,6.407142857142857
2017-07-30 20:56:09.540,"33 km E of Sho‘rchi, Uzbekistan",4.6,10.0,68.1623,37.9536,earthquake,,0,reviewed,",us2000a2r3,",20,7,6,0.6362111111111112,MEDIUM,1,0,0.45999999999999996,0.9857142857142858,6.257142857142856
2023-04-01 15:57:40.689,"34 km SSE of Mohr, Iran",5.1,27.754,53.0322,27.2714,earthquake,,0,reviewed,",us6000k1d6,",15,4,5,1.9094333333333333,MEDIUM,1,0,0.51,0.9603514285714285,6.431054285714285
2020-07-24 13:34:24.853,"210 km NNE of Shi Yomi, India",4.9,10.0,94.8313,30.3884,earthquake,,0,reviewed,",us6000b3ee,",13,7,4,0.16266916666666667,MEDIUM,1,0,0.49000000000000005,0.9857142857142858,6.407142857142857
2022-05-24 18:28:11.431,"267 km WNW of Haveluloto, Tonga",5.0,505.64,-177.6866,-20.4831,earthquake,,0,reviewed,",us7000hc9e,",18,5,1,4.891483055555556,MEDIUM,1,1,0.5,0.2776571428571428,4.332971428571428
2015-12-06 21:56:56.080,Vanuatu region,4.8,32.16,172.8176,-17.9617,earthquake,,0,reviewed,",us100044hx,gcmt20151206215656,",21,12,6,0.3846277777777778,MEDIUM,1,0,0.48,0.9540571428571428,6.262171428571428
2024-03-09 13:43:55.987,South Sandwich Islands region,4.6,9.954,-28.5071,-56.5306,earthquake,,0,reviewed,",us6000mj10,",13,3,5,1.7130391666666667,MEDIUM,1,0,0.45999999999999996,0.98578,6.257339999999999
2023-06-19 07:45:16.796,"61 km NNE of Ambunti, Papua New Guinea",4.5,10.0,142.9791,-3.6837,earthquake,,0,reviewed,",us6000knfe,",7,6,0,2.4348241666666666,MEDIUM,1,0,0.45,0.9857142857142858,6.207142857142856
2018-01-28 07:29:26.370,"248 km SE of Lorengau, Papua New Guinea",5.5,10.0,148.71,-3.7505,earthquake,green,0,reviewed,",us2000cqzc,iscgem617446847,",7,1,6,0.015297222222222222,MEDIUM,1,0,0.55,0.9857142857142858,6.707142857142857
2016-05-10 01:22:08.690,"158 km W of Isangel, Vanuatu",4.8,23.55,167.7858,-19.3679,earthquake,,0,reviewed,",us10005i8p,",1,5,1,2.291933333333333,MEDIUM,1,0,0.48,0.9663571428571429,6.299071428571429
2024-07-30 17:36:16.390,south of the Fiji Islands,4.5,10.0,-177.0744,-24.3146,earthquake,,0,reviewed,",us7000n77f,",17,7,1,0.03163666666666667,MEDIUM,1,1,0.45,0.9857142857142858,6.207142857142856
2020-10-23 01:46:17.720,West Chile Rise,5.9,10.0,-97.1088,-36.3799,earthquake,green,0,reviewed,",us6000cbug,pt20297000,",1,10,4,0.7855308333333334,MEDIUM,1,0,0.5900000000000001,0.9857142857142858,6.9071428571428575
2023-08-02 03:22:34.426,"39 km W of Challapata, Bolivia",4.5,238.648,-67.142,-18.968,earthquake,,0,reviewed,",us6000kx87,",3,8,2,1.833278888888889,MEDIUM,1,0,0.45,0.6590742857142857,5.227222857142857
2019-05-27 23:29:32.371,South Sandwich Islands region,5.7,115.32,-27.7782,-56.3368,earthquake,green,0,reviewed,",us60003sv9,",23,5,0,9.130031388888888,MEDIUM,1,0,0.5700000000000001,0.8352571428571429,6.35577142857143
2016-04-26 21:07:14.990,northern Mid-Atlantic Ridge,4.8,10.0,-44.621,26.472,earthquake,,0,reviewed,",us10005bse,",21,4,1,0.6428677777777778,MEDIUM,1,0,0.48,0.9857142857142858,6.357142857142857
2018-02-27 01:44:51.480,"44 km SSW of Mendi, Papua New Guinea",4.5,10.0,143.5181,-6.5235,earthquake,,0,reviewed,",us1000d1gi,",1,2,1,0.22916944444444445,MEDIUM,1,0,0.45,0.9857142857142858,6.207142857142856
2018-07-19 01:27:19.230,"54 km SSW of La Gomera, Guatemala",4.5,41.52,-91.255,13.6272,earthquake,,0,reviewed,",us2000g8d0,",1,7,3,2.6928888888888887,MEDIUM,1,0,0.45,0.9406857142857142,6.072057142857142
2015-04-21 18:40:44.160,Kuril Islands,4.6,42.93,152.8837,46.2771,earthquake,,0,reviewed,",us2000286h,",18,4,1,0.882363888888889,MEDIUM,1,0,0.45999999999999996,0.9386714285714286,6.116014285714285
2024-10-02 23:27:06.853,"8 km E of Sulat, Philippines",4.7,40.157,125.5329,11.8155,earthquake,,0,reviewed,",us6000nw6t,",23,10,2,1.755794722222222,MEDIUM,1,0,0.47000000000000003,0.9426328571428572,6.177898571428572
2019-01-17 03:36:29.850,"41 km SSW of Gýtheio, Greece",4.5,10.0,22.32,36.4365,earthquake,,0,reviewed,",us2000j4vp,",3,1,3,0.02496388888888889,MEDIUM,1,0,0.45,0.9857142857142858,6.207142857142856
2024-05-11 00:47:16.033,"107 km SE of Hiroo, Japan",5.0,11.196,144.3234,41.6969,earthquake,,0,reviewed,",us6000mxw5,",0,5,5,0.34306250000000005,MEDIUM,1,0,0.5,0.9840057142857143,6.452017142857143
2017-08-05 22:42:40.230,"Auckland Islands, New Zealand region",4.6,10.0,162.2578,-51.2867,earthquake,,0,reviewed,",us2000a597,",22,8,5,1.1662972222222223,MEDIUM,1,0,0.45999999999999996,0.9857142857142858,6.257142857142856
2022-04-18 14:30:04.572,"81 km WNW of Cabra, Philippines",4.8,10.0,119.3548,14.1805,earthquake,,0,reviewed,",us7000h331,",14,4,0,0.11616916666666667,MEDIUM,1,0,0.48,0.9857142857142858,6.357142857142857
2023-07-21 13:14:58.745,"126 km WSW of Ternate, Indonesia",4.5,24.994,126.2781,0.5371,earthquake,,0,reviewed,",us6000kw87,",13,7,4,0.025752777777777777,MEDIUM,1,0,0.45,0.9642942857142858,6.142882857142857
2023-01-13 19:40:12.263,"Pagan region, Northern Mariana Islands",4.5,10.0,145.6785,18.3446,earthquake,,0,reviewed,",us7000j5uu,",19,1,4,0.7357752777777778,MEDIUM,1,0,0.45,0.9857142857142858,6.207142857142856
2024-07-12 18:55:00.205,"47 km WSW of Atiquipa, Peru",4.8,26.202,-74.7739,-15.966,earthquake,,0,reviewed,",us7000myxy,",18,7,4,0.5985352777777777,MEDIUM,1,0,0.48,0.9625685714285714,6.287705714285714
2020-05-28 12:54:24.357,"68 km NNW of Finschhafen, Papua New Guinea",4.5,82.66,147.6767,-5.9588,earthquake,,0,reviewed,",us6000a10g,",12,5,3,0.5688944444444445,MEDIUM,1,0,0.45,0.8819142857142858,5.895742857142857
2024-10-06 02:56:52.795,"195 km SE of Attu Station, Alaska",4.5,51.324,175.4168,51.7454,earthquake,,0,reviewed,",ak024cv49jfo,us6000nwtm,",2,10,6,1.1230163888888889,MEDIUM,1,0,0.45,0.92668,6.03004
2018-11-09 11:09:51.890,Fiji region,4.5,591.4,-178.1564,-19.8821,earthquake,,0,reviewed,",us1000hpnh,",11,11,4,0.8214472222222222,MEDIUM,1,1,0.45,0.15514285714285714,3.7154285714285717
2019-08-26 18:47:14.057,"126 km WNW of Ishikawa, Japan",4.9,118.96,126.7468,27.0378,earthquake,,0,reviewed,",us700058gn,",18,8,0,3.561927777777778,MEDIUM,1,0,0.49000000000000005,0.8300571428571428,5.940171428571428
2023-12-08 20:18:09.582,"113 km E of Barcelona, Philippines",4.7,10.0,127.4591,8.293,earthquake,,0,reviewed,",us7000lhks,",20,12,4,1.092011111111111,MEDIUM,1,0,0.47000000000000003,0.9857142857142858,6.307142857142857
2022-07-26 06:56:41.150,southeast of Easter Island,4.6,10.0,-99.894,-36.1961,earthquake,,0,reviewed,",us6000i8c1,",6,7,1,1.1719361111111113,MEDIUM,1,0,0.45999999999999996,0.9857142857142858,6.257142857142856
2023-06-06 21:53:53.387,"273 km E of Vao, New Caledonia",4.6,10.0,170.1138,-23.1251,earthquake,,0,reviewed,",us7000k879,",21,6,1,0.09747083333333333,MEDIUM,1,0,0.45999999999999996,0.9857142857142858,6.257142857142856
2019-12-23 10:19:52.868,"23 km ENE of Lata, Solomon Islands",4.5,142.74,166.0012,-10.6452,earthquake,,0,reviewed,",us70006x3b,",10,12,0,1.9299411111111109,MEDIUM,1,0,0.45,0.7960857142857143,5.638257142857142
2016-07-17 01:35:10.900,northern Mid-Atlantic Ridge,4.9,10.0,-41.7023,30.7166,earthquake,,0,reviewed,",us20006gnu,",1,7,6,0.05676944444444445,MEDIUM,1,0,0.49000000000000005,0.9857142857142858,6.407142857142857
2015-11-23 23:46:36.060,south of Tonga,4.5,10.0,-175.3194,-24.4826,earthquake,,0,reviewed,",us100040l3,",23,11,0,3.0873777777777778,MEDIUM,1,1,0.45,0.9857142857142858,6.207142857142856
2020-08-22 04:07:44.815,northern Mid-Atlantic Ridge,4.6,10.0,-46.3277,17.2138,earthquake,,0,reviewed,",us6000biw7,",4,8,5,0.8329669444444444,MEDIUM,1,0,0.45999999999999996,0.9857142857142858,6.257142857142856
2021-08-12 18:41:58.470,South Sandwich Islands region,5.8,35.0,-26.5403,-60.2917,earthquake,green,0,reviewed,",us6000f903,",18,8,3,0.009975,MEDIUM,1,0,0.58,0.95,6.749999999999999
2022-02-06 13:03:10.588,"216 km E of Levuka, Fiji",4.5,550.02,-178.672,-17.7244,earthquake,,0,reviewed,",us7000gjrg,",13,2,6,0.1131025,MEDIUM,1,1,0.45,0.21425714285714292,3.8927714285714288
2022-08-27 20:49:51.251,"289 km SSW of Bambanglipuro, Indonesia",4.6,10.0,109.5031,-10.4482,earthquake,,0,reviewed,",us7000i2yv,",20,8,5,2.3708483333333334,MEDIUM,1,0,0.45999999999999996,0.9857142857142858,6.257142857142856
2023-11-08 04:53:49.631,Banda Sea,7.1,6.0,129.5466,-6.416,earthquake,green,0,reviewed,",us7000l9h4,",4,11,2,0.01617722222222222,HIGH,0,0,0.71,0.9914285714285714,7.524285714285713
2024-12-15 21:42:38.965,"112 km ESE of Petropavlovsk-Kamchatsky, Russia",5.1,39.447,160.2654,52.864,earthquake,,0,reviewed,",us7000nz5a,",21,12,6,0.5053497222222222,MEDIUM,1,0,0.51,0.9436471428571429,6.380941428571428
2016-11-29 18:26:51.660,Fiji region,5.0,12.49,-176.575,-17.417,earthquake,,0,reviewed,",us10007d4z,",18,11,1,0.3183888888888889,MEDIUM,1,1,0.5,0.9821571428571428,6.446471428571429
2022-11-30 03:47:06.852,"149 km NW of Panguna, Papua New Guinea",4.5,10.0,154.4684,-5.4311,earthquake,,0,reviewed,",us6000j72l,",3,11,2,0.01888888888888889,MEDIUM,1,0,0.45,0.9857142857142858,6.207142857142856
2015-12-28 19:24:15.480,central Mid-Atlantic Ridge,5.1,10.0,-19.9606,-0.5089,earthquake,,0,reviewed,",us10004a4l,gcmt20151228192415,",19,12,0,0.8132194444444445,MEDIUM,1,0,0.51,0.9857142857142858,6.507142857142857
2017-12-27 16:13:03.650,"256 km NE of Port Mathurin, Mauritius",4.6,10.0,65.2135,-18.1148,earthquake,,0,reviewed,",us2000ciap,",16,12,2,1.0343111111111112,MEDIUM,1,0,0.45999999999999996,0.9857142857142858,6.257142857142856
2020-12-25 20:52:05.249,"166 km SW of Port-Vila, Vanuatu",4.9,10.0,167.4247,-18.9838,earthquake,,0,reviewed,",us6000d63f,",20,12,4,0.07173805555555555,MEDIUM,1,0,0.49000000000000005,0.9857142857142858,6.407142857142857
2022-11-11 17:32:24.166,"Ryukyu Islands, Japan",5.3,10.0,128.8451,25.0518,earthquake,,0,reviewed,",us7000ip48,usauto7000ip48,",17,11,4,1.3677455555555555,MEDIUM,1,0,0.53,0.9857142857142858,6.607142857142857
2019-05-02 17:13:23.228,"102 km NNW of Tocopilla, Chile",4.5,39.55,-70.7396,-21.3161,earthquake,,0,reviewed,",us70003fuq,",17,5,3,0.33270472222222225,MEDIUM,1,0,0.45,0.9435,6.0805
2024-11-23 10:25:35.232,"195 km WSW of Lorengau, Papua New Guinea",5.1,10.0,145.7214,-2.8697,earthquake,,0,reviewed,",us6000p78e,",10,11,5,1.8755152777777777,MEDIUM,1,0,0.51,0.9857142857142858,6.507142857142857
2020-12-14 21:20:10.831,"26 km S of Mina, Nevada",4.7,5.2,-118.1231,38.1554,earthquake,green,0,reviewed,",us7000cr37,nn00792158,",21,12,0,1.3472966666666666,MEDIUM,1,0,0.47000000000000003,0.9925714285714285,6.327714285714285
2015-09-03 14:24:10.000,"26 km SW of San Pedro de Atacama, Chile",4.5,135.3,-68.371,-23.094,earthquake,,0,reviewed,",us20003fz6,",14,9,3,0.7697222222222222,MEDIUM,1,0,0.45,0.8067142857142857,5.6701428571428565
2022-04-30 23:00:18.237,east of the South Sandwich Islands,4.6,10.0,-19.8914,-60.8404,earthquake,,0,reviewed,",us7000h7ka,",23,4,5,0.3471088888888889,MEDIUM,1,0,0.45999999999999996,0.9857142857142858,6.257142857142856
2020-07-02 18:16:55.951,central Mid-Atlantic Ridge,4.9,10.0,-38.0876,8.0775,earthquake,,0,reviewed,",us7000agvf,",18,7,3,0.43136388888888894,MEDIUM,1,0,0.49000000000000005,0.9857142857142858,6.407142857142857
2022-04-01 14:00:19.657,"158 km WNW of Malango, Solomon Islands",4.7,10.0,158.4222,-9.0654,earthquake,,0,reviewed,",us7000h06e,",14,4,4,0.91687,MEDIUM,1,0,0.47000000000000003,0.9857142857142858,6.307142857142857
2016-06-08 13:30:58.200,central East Pacific Rise,4.5,10.0,-104.5244,-4.1738,earthquake,,0,reviewed,",us2000649u,",13,6,2,1.1046166666666666,MEDIUM,1,0,0.45,0.9857142857142858,6.207142857142856
2022-01-27 03:27:32.827,"64 km NNW of Rabaul, Papua New Guinea",4.7,10.0,151.8954,-3.6782,earthquake,,0,reviewed,",us7000ghdd,",3,1,3,0.44572055555555556,MEDIUM,1,0,0.47000000000000003,0.9857142857142858,6.307142857142857
2018-06-27 06:40:56.780,"46 km E of Pamandzi, Mayotte",5.1,10.0,45.698,-12.8615,earthquake,,0,reviewed,",us1000f35z,iscgem612172751,",6,6,2,1.053963888888889,MEDIUM,1,0,0.51,0.9857142857142858,6.507142857142857
2016-11-10 07:53:16.830,Southwest Indian Ridge,4.5,10.0,61.3048,-28.9838,earthquake,,0,reviewed,",us100078t6,",7,11,3,0.23903611111111112,MEDIUM,1,0,0.45,0.9857142857142858,6.207142857142856
2016-11-11 04:53:37.530,"3 km WNW of Toba, Japan",4.7,348.86,136.8059,34.5025,earthquake,,0,reviewed,",us100076t5,",4,11,4,2.1316805555555556,MEDIUM,1,0,0.47000000000000003,0.5016285714285714,4.854885714285714
2018-09-15 03:47:55.040,"42 km SSE of Khorugh, Tajikistan",4.5,167.24,71.8104,37.1672,earthquake,,0,reviewed,",us2000hez5,",3,9,5,0.25240555555555555,MEDIUM,1,0,0.45,0.7610857142857143,5.533257142857143
2024-03-07 10:09:15.384,"223 km NNE of Nagqu, China",5.0,10.0,92.8542,33.3794,earthquake,,0,reviewed,",us7000m3ut,",10,3,3,0.045718611111111106,MEDIUM,1,0,0.5,0.9857142857142858,6.457142857142857
2022-07-25 04:39:16.601,"251 km NE of Saipan, Northern Mariana Islands",4.6,28.43,147.2477,16.9672,earthquake,,0,reviewed,",us7000ht8x,",4,7,0,3.4913925000000003,MEDIUM,1,0,0.45999999999999996,0.9593857142857143,6.178157142857143
2017-07-27 14:02:07.680,"56 km NE of Santa Rosa, Peru",4.6,120.96,-74.5667,-10.5165,earthquake,,0,reviewed,",us2000a1rn,",14,7,3,0.1145361111111111,MEDIUM,1,0,0.45999999999999996,0.8272,5.7816
2023-04-27 08:06:59.501,"Ryukyu Islands, Japan",4.9,10.0,128.5497,25.9913,earthquake,,0,reviewed,",us7000jw7k,",8,4,3,0.38937,MEDIUM,1,0,0.49000000000000005,0.9857142857142858,6.407142857142857
2022-05-16 13:33:44.526,"145 km SW of Islay (Matarani), Peru",4.6,10.0,-73.0711,-17.918,earthquake,,0,reviewed,",us6000hlgl,",13,5,0,0.09517583333333333,MEDIUM,1,0,0.45999999999999996,0.9857142857142858,6.257142857142856
2015-09-08 09:38:04.180,"214 km W of Port McNeill, Canada",4.5,13.97,-130.1086,50.7444,earthquake,,0,reviewed,",us20003h7l,",9,9,1,1.1250499999999999,MEDIUM,1,0,0.45,0.9800428571428571,6.190128571428572
2021-06-19 07:50:18.073,"129 km SSW of Merizo Village, Guam",4.8,10.0,144.2239,12.1799,earthquake,,0,reviewed,",us7000eed1,",7,6,5,0.36185083333333334,MEDIUM,1,0,0.48,0.9857142857142858,6.357142857142857
2021-04-18 02:15:15.478,South Shetland Islands,5.1,10.0,-58.5207,-62.3521,earthquake,,0,reviewed,",us6000e2il,",2,4,6,0.20965777777777778,MEDIUM,1,0,0.51,0.9857142857142858,6.507142857142857
2020-07-08 18:08:19.885,Falkland Islands region,4.6,10.0,-60.3785,-54.1902,earthquake,,0,reviewed,",us7000ak9w,",18,7,2,0.7585316666666666,MEDIUM,1,0,0.45999999999999996,0.9857142857142858,6.257142857142856
2022-01-19 21:27:31.228,"50 km WNW of Lebu, Chile",4.5,11.57,-74.1585,-37.4026,earthquake,,0,reviewed,",us7000gdbn,",21,1,2,1.1557994444444444,MEDIUM,1,0,0.45,0.9834714285714286,6.200414285714285
2016-08-01 08:01:28.180,Kermadec Islands region,4.9,35.0,-176.4056,-28.0607,earthquake,,0,reviewed,",us1000695h,",8,8,0,0.020333333333333335,MEDIUM,1,1,0.49000000000000005,0.95,6.3
2022-11-01 12:36:06.828,Tonga region,4.5,10.0,-172.4148,-18.2665,earthquake,,0,reviewed,",us7000imiz,",12,11,1,3.2940463888888885,MEDIUM,1,1,0.45,0.9857142857142858,6.207142857142856
2024-11-04 08:32:26.724,"8 km W of Lingig, Philippines",4.9,10.0,126.3317,8.0352,earthquake,,0,reviewed,",us7000nptx,",8,11,0,0.5849969444444445,MEDIUM,1,0,0.49000000000000005,0.9857142857142858,6.407142857142857
2015-11-23 10:59:50.410,south of the Fiji Islands,4.6,60.03,-176.7751,-25.0619,earthquake,,0,reviewed,",us100040gj,",10,11,0,0.7898027777777777,MEDIUM,1,1,0.45999999999999996,0.9142428571428571,6.0427285714285714
2018-08-08 06:09:23.550,"67 km S of Sumberpucung, Indonesia",4.9,78.83,112.4729,-8.7694,earthquake,,0,reviewed,",us1000g57n,",6,8,2,1.3520944444444445,MEDIUM,1,0,0.49000000000000005,0.8873857142857143,6.112157142857143
2015-11-22 16:16:05.810,west of Macquarie Island,4.6,10.0,141.0923,-53.5121,earthquake,,0,reviewed,",us100040cg,",16,11,6,0.6994111111111111,MEDIUM,1,0,0.45999999999999996,0.9857142857142858,6.257142857142856
2024-11-09 11:04:02.567,"63 km SE of Burica, Panama",4.5,10.0,-82.4935,7.5987,earthquake,,0,reviewed,",us7000nqvb,",11,11,5,0.8043991666666667,MEDIUM,1,0,0.45,0.9857142857142858,6.207142857142856
2015-04-13 13:37:35.240,"88 km ESE of Kokopo, Papua New Guinea",5.3,50.0,152.9866,-4.6872,earthquake,,0,reviewed,",us2000263s,iscgem610587638,",13,4,0,2.3614555555555556,MEDIUM,1,0,0.53,0.9285714285714286,6.435714285714286
2021-03-04 07:23:16.319,"104 km NW of Malango, Solomon Islands",5.0,514.6,158.9719,-9.1146,earthquake,,0,reviewed,",us7000dfd5,",7,3,3,0.1928986111111111,MEDIUM,1,0,0.5,0.2648571428571428,4.2945714285714285
2024-05-21 11:09:53.344,Pacific-Antarctic Ridge,5.3,10.0,-129.7333,-54.9581,earthquake,,0,reviewed,",us6000n00r,",11,5,1,1.3195216666666667,MEDIUM,1,0,0.53,0.9857142857142858,6.607142857142857
2021-10-08 22:55:34.735,South Sandwich Islands region,5.0,10.0,-24.3033,-60.1841,earthquake,,0,reviewed,",us6000ft50,",22,10,4,1.031095,MEDIUM,1,0,0.5,0.9857142857142858,6.457142857142857
2023-08-22 07:45:24.999,"43 km SW of Ollagüe, Chile",4.7,103.448,-68.4979,-21.5455,earthquake,,0,reviewed,",us7000kq2f,",7,8,1,2.442607222222222,MEDIUM,1,0,0.47000000000000003,0.8522171428571429,5.906651428571429
2015-05-12 19:47:08.160,"140 km S of Kokopo, Papua New Guinea",4.7,10.0,152.2557,-5.6156,earthquake,,0,reviewed,",us10002bgr,",19,5,1,0.15756944444444446,MEDIUM,1,0,0.47000000000000003,0.9857142857142858,6.307142857142857
2023-12-25 17:32:35.442,"150 km S of False Pass, Alaska",4.6,22.866,-163.4534,53.4991,earthquake,,0,reviewed,",us7000lldz,ak023gi08wby,",17,12,0,2.782458055555556,MEDIUM,1,0,0.45999999999999996,0.9673342857142857,6.2020028571428565
2018-07-10 23:23:11.760,"253 km WNW of Attu Station, Alaska",4.7,32.66,169.8068,53.8933,earthquake,,0,reviewed,",us2000g1q8,",23,7,1,0.8240000000000001,MEDIUM,1,0,0.47000000000000003,0.9533428571428572,6.210028571428571
2015-02-13 16:58:40.910,"216 km WSW of Kavieng, Papua New Guinea",4.7,10.0,149.0219,-3.3871,earthquake,,0,reviewed,",usb000tp80,",16,2,4,0.29520277777777776,MEDIUM,1,0,0.47000000000000003,0.9857142857142858,6.307142857142857
2019-04-12 21:03:26.502,"97 km WNW of Port-Vila, Vanuatu",4.6,10.0,167.442,-17.4579,earthquake,,0,reviewed,",us7000356s,",21,4,4,0.8052030555555556,MEDIUM,1,0,0.45999999999999996,0.9857142857142858,6.257142857142856
2019-02-27 20:39:46.660,"162 km E of Nago, Japan",4.5,10.0,129.6158,26.5741,earthquake,,0,reviewed,",us1000jce4,",20,2,2,1.7470277777777778,MEDIUM,1,0,0.45,0.9857142857142858,6.207142857142856
2017-08-16 17:08:32.000,"28 km SE of Pondaguitan, Philippines",4.5,73.83,126.337,6.1583,earthquake,,0,reviewed,",us2000aakw,",17,8,2,1.2509444444444444,MEDIUM,1,0,0.45,0.8945285714285715,5.933585714285714
2019-06-15 21:56:10.835,"82 km ENE of ‘Ohonua, Tonga",6.1,13.0,-174.169,-21.1807,earthquake,green,0,reviewed,",us60004177,",21,6,5,0.5771394444444445,HIGH,0,1,0.61,0.9814285714285714,6.994285714285714
2022-03-19 16:32:25.580,"144 km SW of Tual, Indonesia",4.7,10.0,131.8574,-6.5762,earthquake,,0,reviewed,",us6000h61w,",16,3,5,0.18689805555555555,MEDIUM,1,0,0.47000000000000003,0.9857142857142858,6.307142857142857
2020-09-24 05:10:20.070,"15 km WNW of Lefkáda, Greece",4.7,10.0,20.5387,38.8823,earthquake,,0,reviewed,",us6000c0er,",5,9,3,0.42295916666666666,MEDIUM,1,0,0.47000000000000003,0.9857142857142858,6.307142857142857
2021-08-06 17:30:02.639,Honduras,4.8,202.7,-87.6323,13.1416,earthquake,,0,reviewed,",us6000f2yc,",17,8,4,0.9867883333333334,MEDIUM,1,0,0.48,0.7104285714285714,5.531285714285714
2020-01-28 04:47:27.467,"184 km SSE of Kupang, Indonesia",4.5,10.0,124.3402,-11.6731,earthquake,,0,reviewed,",us60007hxq,",4,1,1,0.3886394444444445,MEDIUM,1,0,0.45,0.9857142857142858,6.207142857142856
2020-01-30 22:10:10.125,"121 km E of Alianza Cristiana, Peru",5.1,10.0,-75.3493,-3.6423,earthquake,,0,reviewed,",us60007kt4,",22,1,3,0.28432694444444445,MEDIUM,1,0,0.51,0.9857142857142858,6.507142857142857
2020-07-30 18:25:42.755,Vanuatu region,4.7,10.0,171.4548,-14.0154,earthquake,,0,reviewed,",us6000b9qg,",18,7,3,2.2899766666666665,MEDIUM,1,0,0.47000000000000003,0.9857142857142858,6.307142857142857
2015-03-19 06:23:44.550,"291 km SSE of Latung, Philippines",4.5,589.67,122.3051,3.2785,earthquake,,0,reviewed,",us10001nqx,",6,3,3,2.1087916666666664,MEDIUM,1,0,0.45,0.15761428571428582,3.722842857142857
2022-12-06 20:39:55.799,"34 km SE of Hitachi, Japan",4.5,54.701,140.9664,36.4215,earthquake,,0,reviewed,",us6000j7fk,",20,12,1,0.7536958333333333,MEDIUM,1,0,0.45,0.9218557142857142,6.015567142857142
2018-08-30 08:02:09.490,"13 km NNE of Golfito, Costa Rica",4.7,14.37,-83.089,8.719,earthquake,,0,reviewed,",us2000h59l,",8,8,3,0.08556666666666667,MEDIUM,1,0,0.47000000000000003,0.9794714285714285,6.2884142857142855
2019-01-30 17:11:14.580,southern Mid-Atlantic Ridge,4.7,10.0,-16.5829,-39.4453,earthquake,,0,reviewed,",us2000jheg,",17,1,2,0.973375,MEDIUM,1,0,0.47000000000000003,0.9857142857142858,6.307142857142857
2015-09-25 13:56:45.800,"235 km WSW of Merizo Village, Guam",4.9,35.0,142.7567,12.2614,earthquake,,0,reviewed,",us20003p0v,",13,9,4,1.168611111111111,MEDIUM,1,0,0.49000000000000005,0.95,6.3
2024-03-22 05:20:40.487,"32 km WSW of Agios Georgis, Greece",4.8,10.0,19.3362,39.6534,earthquake,,0,reviewed,",us6000mkf2,",5,3,4,0.6236061111111111,MEDIUM,1,0,0.48,0.9857142857142858,6.357142857142857
2019-07-06 03:22:03.570,"16km E of Little Lake, CA",4.64,8.17,-117.729,35.9216667,earthquake,green,0,reviewed,",ci38457519,us70004bq4,",3,7,5,0.022897222222222225,MEDIUM,1,0,0.46399999999999997,0.9883285714285714,6.284985714285715
2019-08-27 05:25:35.277,"110 km NNE of Gisborne, New Zealand",4.8,35.0,178.6013,-37.7784,earthquake,,0,reviewed,",us700058nf,",5,8,1,1.527949722222222,MEDIUM,1,0,0.48,0.95,6.249999999999999
2022-09-26 13:47:16.471,Reykjanes Ridge,4.5,10.0,-35.2869,54.412,earthquake,,0,reviewed,",us6000ippr,",13,9,0,0.14291638888888888,MEDIUM,1,0,0.45,0.9857142857142858,6.207142857142856
2017-09-05 20:51:06.050,Fiji region,4.5,568.4,-178.1367,-20.5162,earthquake,,0,reviewed,",us2000arpg,",20,9,1,1.558225,MEDIUM,1,1,0.45,0.18800000000000006,3.814000000000001
2021-09-09 23:48:23.618,"51 km S of Zangguy, China",5.0,10.0,78.7332,36.8193,earthquake,,0,reviewed,",us7000f9v9,",23,9,3,0.08557055555555555,MEDIUM,1,0,0.5,0.9857142857142858,6.457142857142857
2016-06-10 23:11:18.920,"24 km ENE of Khorugh, Tajikistan",4.6,118.54,71.8189,37.563,earthquake,,0,reviewed,",us200063q6,",23,6,4,0.677125,MEDIUM,1,0,0.45999999999999996,0.8306571428571429,5.791971428571428
2022-06-09 20:37:28.379,"101 km S of Cairima, China",4.5,10.0,101.9985,32.4515,earthquake,,0,reviewed,",us7000hgax,",20,6,3,1.1738938888888888,MEDIUM,1,0,0.45,0.9857142857142858,6.207142857142856
2017-09-20 13:17:38.180,"141 km SSW of Singkil, Indonesia",4.5,34.47,97.2894,1.1132,earthquake,,0,reviewed,",us2000arv9,",13,9,2,0.8630861111111111,MEDIUM,1,0,0.45,0.9507571428571429,6.102271428571429
2019-05-11 12:49:22.277,"155 km S of Lata, Solomon Islands",4.6,10.0,166.0092,-12.1145,earthquake,,0,reviewed,",us70003mm6,",12,5,5,2.339541111111111,MEDIUM,1,0,0.45999999999999996,0.9857142857142858,6.257142857142856
2019-12-14 07:27:01.421,"99 km SW of Acajutla, El Salvador",4.5,10.0,-90.4331,12.9159,earthquake,,0,reviewed,",us60006rfn,",7,12,5,0.5692972222222221,MEDIUM,1,0,0.45,0.9857142857142858,6.207142857142856
2015-02-25 19:36:56.160,"103 km W of Neiafu, Tonga",4.9,45.09,-174.9617,-18.7135,earthquake,,0,reviewed,",usc000tt6u,",19,2,2,0.06315555555555556,MEDIUM,1,1,0.49000000000000005,0.9355857142857142,6.2567571428571425
2022-08-17 12:56:31.898,"171 km N of Metinaro, Timor Leste",5.5,480.972,125.4656,-7.0024,earthquake,green,0,reviewed,",usauto6000ibju,us6000ibju,",12,8,2,3.30367,MEDIUM,1,0,0.55,0.3128971428571429,4.6886914285714285
2015-09-30 12:29:50.670,"31 km E of Tocopilla, Chile",4.5,72.99,-69.8941,-22.1329,earthquake,,0,reviewed,",us10003j2n,",12,9,2,1.040488888888889,MEDIUM,1,0,0.45,0.8957285714285714,5.9371857142857145
2020-02-02 01:01:23.806,Balleny Islands region,4.7,10.0,165.7901,-61.9426,earthquake,,0,reviewed,",us70007n42,",1,2,6,2.7093236111111114,MEDIUM,1,0,0.47000000000000003,0.9857142857142858,6.307142857142857
2023-12-17 20:33:09.689,"61 km E of Aras-asan, Philippines",4.6,26.334,126.8702,8.8902,earthquake,,0,reviewed,",us7000lkp2,",20,12,6,0.5642597222222222,MEDIUM,1,0,0.45999999999999996,0.96238,6.1871399999999985
2015-03-10 14:39:47.950,"Kermadec Islands, New Zealand",4.5,16.08,-177.9011,-30.4788,earthquake,,0,reviewed,",us10001m3v,",14,3,1,3.3720055555555555,MEDIUM,1,1,0.45,0.9770285714285715,6.1810857142857145
2016-09-28 16:50:46.400,"17 km NE of La Paz Centro, Nicaragua",4.8,10.0,-86.5545,12.4409,earthquake,,0,reviewed,",us20007dgk,",16,9,2,0.030775,MEDIUM,1,0,0.48,0.9857142857142858,6.357142857142857
2024-08-09 05:42:17.731,"Kermadec Islands, New Zealand",5.0,27.074,-177.7306,-30.3918,earthquake,,0,reviewed,",us6000nj0y,",5,8,4,0.14322027777777777,MEDIUM,1,1,0.5,0.9613228571428571,6.383968571428571
2017-09-10 14:59:05.760,"148 km SE of San Jose Village, Northern Mariana Islands",4.9,10.0,146.6784,14.1109,earthquake,,0,reviewed,",us2000ajgm,",14,9,6,1.3158583333333334,MEDIUM,1,0,0.49000000000000005,0.9857142857142858,6.407142857142857
2020-11-27 12:21:07.052,southeast Indian Ridge,4.6,10.0,87.9857,-41.964,earthquake,,0,reviewed,",us7000clpt,",12,11,4,2.5657783333333333,MEDIUM,1,0,0.45999999999999996,0.9857142857142858,6.257142857142856
2020-02-02 19:35:12.611,"Bonin Islands, Japan region",4.5,468.95,140.3477,27.5885,earthquake,,0,reviewed,",us60007mw5,",19,2,6,1.5216397222222222,MEDIUM,1,0,0.45,0.33007142857142857,4.240214285714286
2018-07-08 16:00:34.170,"31 km ESE of ?hara, Japan",4.5,39.09,140.7261,35.1702,earthquake,,0,reviewed,",us2000g42t,",16,7,6,5.037725,MEDIUM,1,0,0.45,0.9441571428571428,6.082471428571427
2021-03-05 10:08:25.283,Kermadec Islands region,4.8,10.0,-176.699,-29.1316,earthquake,,0,reviewed,",us7000dih3,",10,3,4,0.055753055555555556,MEDIUM,1,1,0.48,0.9857142857142858,6.357142857142857
2021-12-23 03:02:42.557,South Sandwich Islands region,4.6,35.0,-25.8404,-57.3553,earthquake,,0,reviewed,",us7000g998,",3,12,3,0.11409,MEDIUM,1,0,0.45999999999999996,0.95,6.149999999999999
2018-01-02 00:09:46.830,"45 km E of Farkh?r, Afghanistan",4.5,198.92,70.3663,36.522,earthquake,,0,reviewed,",us1000byvs,",0,1,1,4.0272250000000005,MEDIUM,1,0,0.45,0.7158285714285715,5.397485714285715
2018-08-19 03:06:52.420,"284 km E of Levuka, Fiji",4.9,578.42,-177.9996,-18.1646,earthquake,,0,reviewed,",us1000gcu4,",3,8,6,0.11673611111111111,MEDIUM,1,1,0.49000000000000005,0.17368571428571433,3.971057142857143
2019-03-26 17:01:20.373,"266 km NNW of Manokwari, Indonesia",4.8,10.0,132.9585,1.2763,earthquake,,0,reviewed,",us1000jlud,",17,3,1,1.4827675,MEDIUM,1,0,0.48,0.9857142857142858,6.357142857142857
2015-09-07 14:51:34.440,south of the Kermadec Islands,4.5,10.0,-178.2254,-32.9693,earthquake,,0,reviewed,",us20003lae,",14,9,0,0.5474416666666666,MEDIUM,1,1,0.45,0.9857142857142858,6.207142857142856
2015-06-15 11:30:47.650,"84 km WSW of Ternate, Indonesia",4.5,65.55,126.6637,0.5377,earthquake,,0,reviewed,",us20002pxe,",11,6,0,5.383638888888888,MEDIUM,1,0,0.45,0.9063571428571429,5.969071428571429
2015-07-15 11:25:59.580,"81 km SW of Khuzdar, Pakistan",5.3,10.0,65.985,27.3323,earthquake,green,0,reviewed,",us20002xn1,gcmt20150715112559,iscgem607457802,atlas20150715112559,",11,7,2,2.0600222222222224,MEDIUM,1,0,0.53,0.9857142857142858,6.607142857142857
2024-12-09 17:25:21.272,Mid-Indian Ridge,5.6,10.0,66.8004,-9.106,earthquake,green,0,reviewed,",usauto7000nxct,us7000nxct,",17,12,0,0.6194388888888889,MEDIUM,1,0,0.5599999999999999,0.9857142857142858,6.757142857142856
2016-11-15 22:14:35.170,"61 km E of Wewak, Papua New Guinea",4.6,10.0,144.182,-3.4835,earthquake,,0,reviewed,",us100078jr,",22,11,1,2.3594083333333336,MEDIUM,1,0,0.45999999999999996,0.9857142857142858,6.257142857142856
2015-03-20 00:21:46.090,"132 km SSE of Lata, Solomon Islands",4.9,141.97,166.436,-11.7409,earthquake,,0,reviewed,",us10001p1p,",0,3,4,0.8569083333333333,MEDIUM,1,0,0.49000000000000005,0.7971857142857143,5.841557142857143
2019-01-24 10:28:28.420,"18 km S of Coquimbo, Chile",5.1,58.3,-71.3753,-30.1191,earthquake,,0,reviewed,",us2000j86l,",10,1,3,1.4414111111111112,MEDIUM,1,0,0.51,0.9167142857142857,6.300142857142857
2021-12-22 11:43:31.251,"58 km N of Neiafu, Tonga",4.5,10.0,-174.0282,-18.1249,earthquake,,0,reviewed,",us7000g98l,",11,12,2,2.1463569444444444,MEDIUM,1,1,0.45,0.9857142857142858,6.207142857142856
2018-08-21 21:31:47.600,"40 km ENE of Carúpano, Venezuela",7.3,146.82,-62.9019,10.7731,earthquake,yellow,1,reviewed,",at00pdtygt,pt18233000,us1000gez7,",21,8,1,0.002036111111111111,HIGH,0,0,0.73,0.7902571428571429,7.020771428571429
2018-09-10 21:05:47.690,"133 km WSW of Haveluloto, Tonga",4.5,167.57,-176.3109,-21.7882,earthquake,,0,reviewed,",us2000hgs2,",21,9,0,0.3058666666666666,MEDIUM,1,1,0.45,0.7606142857142857,5.531842857142857
2024-07-15 13:29:21.161,Fiji region,4.6,612.164,-177.703,-18.7387,earthquake,,0,reviewed,",us7000mzce,",13,7,0,2.3682702777777775,MEDIUM,1,1,0.45999999999999996,0.12548000000000004,3.6764399999999995
2023-09-08 16:34:49.754,"152 km WNW of Fangale’ounga, Tonga",5.2,216.61,-175.5564,-19.0323,earthquake,,0,reviewed,",us7000kubs,",16,9,4,0.6919883333333333,MEDIUM,1,1,0.52,0.6905571428571429,5.671671428571429
2018-12-18 20:38:35.170,south of the Fiji Islands,5.1,150.5,-177.4227,-25.5826,earthquake,,0,reviewed,",us2000iuw4,",20,12,1,1.1491388888888887,MEDIUM,1,1,0.51,0.785,5.905
2019-03-12 01:12:25.237,"107 km NNW of Batang, Indonesia",4.8,569.07,110.2922,-5.6015,earthquake,,0,reviewed,",us1000jdyx,",1,3,1,0.6120658333333333,MEDIUM,1,0,0.48,0.18704285714285707,3.9611285714285716
2024-06-16 12:09:42.517,South Sandwich Islands region,4.6,77.672,-25.5677,-57.7135,earthquake,,0,reviewed,",us6000n8e6,",12,6,6,0.3438055555555556,MEDIUM,1,0,0.45999999999999996,0.88904,5.96712
2016-09-07 03:53:18.540,"201 km ENE of Neiafu, Tonga",4.6,39.54,-172.1365,-18.1989,earthquake,,0,reviewed,",us10006peh,",3,9,2,0.46523888888888887,MEDIUM,1,1,0.45999999999999996,0.9435142857142857,6.130542857142856
2021-02-27 08:07:46.777,"8 km SW of Álftanes, Iceland",5.2,10.0,-22.1455,64.044,earthquake,,0,reviewed,",us7000de48,usauto7000de48,",8,2,5,5.581492222222222,MEDIUM,1,0,0.52,0.9857142857142858,6.557142857142857
2020-01-22 22:14:48.754,South Sandwich Islands region,5.2,18.76,-27.1563,-60.341,earthquake,green,0,reviewed,",us60007d99,",22,1,2,1.462362777777778,MEDIUM,1,0,0.52,0.9732,6.5196
2017-05-04 04:44:29.390,"40 km ENE of Nishinoomote, Japan",4.8,30.77,131.4164,30.8082,earthquake,,0,reviewed,",us10008p5b,",4,5,3,1.5122083333333334,MEDIUM,1,0,0.48,0.9560428571428572,6.268128571428572
2018-04-06 07:46:58.890,"237 km E of Biak, Indonesia",5.6,10.0,138.2026,-1.4171,earthquake,green,0,reviewed,",us2000dveh,iscgem611870904,",7,4,4,5.260219444444445,MEDIUM,1,0,0.5599999999999999,0.9857142857142858,6.757142857142856
2021-07-16 10:01:59.647,"152 km NE of Neiafu, Tonga",5.4,10.0,-173.0537,-17.6004,earthquake,green,0,reviewed,",us7000emgs,",10,7,4,0.4604816666666666,MEDIUM,1,1,0.54,0.9857142857142858,6.657142857142857
2020-02-17 14:20:24.900,Azores-Cape St. Vincent Ridge,4.7,10.0,-14.6205,37.0873,earthquake,,0,reviewed,",us70007rv1,",14,2,0,0.5008622222222222,MEDIUM,1,0,0.47000000000000003,0.9857142857142858,6.307142857142857
2016-09-14 20:16:05.520,"131 km ESE of Katsuura, Japan",4.6,10.0,141.5402,34.5183,earthquake,,0,reviewed,",us10006plg,",20,9,2,0.7532277777777777,MEDIUM,1,0,0.45999999999999996,0.9857142857142858,6.257142857142856
2021-10-25 04:50:39.157,"148 km NE of Neiafu, Tonga",4.5,10.0,-173.0142,-17.6836,earthquake,,0,reviewed,",us7000fpsa,",4,10,0,1.1742880555555555,MEDIUM,1,1,0.45,0.9857142857142858,6.207142857142856
2015-09-19 19:06:12.910,"89 km W of Ovalle, Chile",4.5,15.65,-72.1248,-30.5226,earthquake,,0,reviewed,",us10003jut,",19,9,5,0.492425,MEDIUM,1,0,0.45,0.9776428571428571,6.182928571428571
2023-07-19 02:50:28.454,"21 km E of San Jose, Philippines",4.5,10.0,125.2292,10.9666,earthquake,,0,reviewed,",us6000kvwu,",2,7,2,0.058695,MEDIUM,1,0,0.45,0.9857142857142858,6.207142857142856
2022-02-02 23:58:17.257,Kermadec Islands region,5.2,10.0,-176.9808,-29.6881,earthquake,,0,reviewed,",us7000ghgx,",23,2,2,0.057313611111111114,MEDIUM,1,1,0.52,0.9857142857142858,6.557142857142857
2016-07-19 20:01:57.070,"1 km S of Santa Catarina Loxicha, Mexico",4.8,26.61,-96.7526,16.0568,earthquake,,0,reviewed,",us20006fxs,",20,7,1,0.3964111111111111,MEDIUM,1,0,0.48,0.9619857142857143,6.285957142857143
2023-08-04 23:38:42.834,"106 km NE of Neiafu, Tonga",4.8,35.0,-173.4149,-17.8621,earthquake,,0,reviewed,",us6000kxzs,",23,8,4,1.3481530555555554,MEDIUM,1,1,0.48,0.95,6.249999999999999
2016-11-08 00:58:43.840,"93 km NE of Kainantu, Papua New Guinea",5.4,53.21,146.5227,-5.7549,earthquake,,0,reviewed,",us1000766z,iscgem615021824,",0,11,1,0.5471444444444444,MEDIUM,1,0,0.54,0.9239857142857143,6.471957142857142
2022-12-07 15:08:09.273,"28 km NE of Port-Olry, Vanuatu",4.6,142.025,167.2868,-14.8929,earthquake,,0,reviewed,",us6000j8sx,",15,12,2,0.14327638888888888,MEDIUM,1,0,0.45999999999999996,0.7971071428571428,5.6913214285714275
2024-03-31 11:20:41.839,Banda Sea,4.5,159.442,129.5881,-6.7485,earthquake,,0,reviewed,",us7000m928,",11,3,6,0.27058944444444444,MEDIUM,1,0,0.45,0.7722257142857143,5.566677142857142
2020-12-14 15:20:49.542,"75 km NNE of Calama, Chile",6.0,114.0,-68.7079,-21.8063,earthquake,green,0,reviewed,",us7000cqyz,usauto7000cqyz,pt20349000,",15,12,0,1.3017730555555556,HIGH,0,0,0.6,0.8371428571428572,6.511428571428572
2017-07-22 17:33:41.630,"93 km ESE of Port-Vila, Vanuatu",4.6,22.2,169.0923,-18.1321,earthquake,,0,reviewed,",us2000a1pj,",17,7,5,0.1321277777777778,MEDIUM,1,0,0.45999999999999996,0.9682857142857143,6.204857142857142
2018-12-11 10:59:41.900,"138 km ENE of Tadine, New Caledonia",4.6,10.0,169.1791,-21.2686,earthquake,,0,reviewed,",us2000iupx,",10,12,1,2.0773055555555557,MEDIUM,1,0,0.45999999999999996,0.9857142857142858,6.257142857142856
2017-10-27 06:34:48.320,Kermadec Islands region,4.6,10.0,-176.4726,-31.9721,earthquake,,0,reviewed,",us1000axfg,",6,10,4,2.7537249999999998,MEDIUM,1,1,0.45999999999999996,0.9857142857142858,6.257142857142856
2023-09-29 19:05:45.546,"122 km SE of Lajes das Flores, Portugal",5.0,14.127,-30.347,38.4809,earthquake,,0,reviewed,",us6000lbs5,",19,9,4,0.7444141666666667,MEDIUM,1,0,0.5,0.9798185714285714,6.439455714285715
2016-08-24 03:22:48.930,"107 km NNW of Nuku‘alofa, Tonga",4.5,183.26,-175.5939,-20.2398,earthquake,,0,reviewed,",us10006g87,",3,8,2,0.8220777777777778,MEDIUM,1,1,0.45,0.7382,5.464599999999999
2022-11-11 12:34:45.866,"88 km SW of Tarauacá, Brazil",4.9,626.976,-71.428,-8.612,earthquake,,0,reviewed,",pt22315001,us7000ip1g,",12,11,4,0.15661638888888887,MEDIUM,1,0,0.49000000000000005,0.10431999999999997,3.7629599999999996
2021-02-23 20:51:21.776,"184 km ESE of Alo, Wallis and Futuna",4.9,10.0,-176.5679,-15.0337,earthquake,,0,reviewed,",us6000dkhc,",20,2,1,0.11194805555555555,MEDIUM,1,1,0.49000000000000005,0.9857142857142858,6.407142857142857
2018-11-18 20:25:46.590,"187 km E of Levuka, Fiji",6.8,540.0,-178.9273,-17.8735,earthquake,green,1,reviewed,",pt18322000,at00pieoqx,us1000htm5,iscgem615091717,",20,11,6,0.6162944444444444,HIGH,0,1,0.6799999999999999,0.22857142857142854,5.085714285714285
2022-03-02 09:58:27.468,"34 km NE of B?z?rak, Afghanistan",5.2,91.19,69.7845,35.5378,earthquake,,0,reviewed,",us6000h1c9,",9,3,2,2.040821944444444,MEDIUM,1,0,0.52,0.8697285714285714,6.209185714285713
2021-09-08 09:42:46.245,"124 km E of Hihifo, Tonga",4.7,10.0,-172.6458,-15.8251,earthquake,,0,reviewed,",us7000fbfx,",9,9,2,0.7019372222222222,MEDIUM,1,1,0.47000000000000003,0.9857142857142858,6.307142857142857
2015-11-25 11:23:01.960,"134 km SSE of Sarangani, Philippines",5.0,140.97,125.766,4.2222,earthquake,,0,reviewed,",us1000417j,",11,11,2,0.10668888888888889,MEDIUM,1,0,0.5,0.7986142857142857,5.895842857142856
2017-09-04 08:25:56.020,South Sandwich Islands region,4.5,35.0,-25.2639,-57.6594,earthquake,,0,reviewed,",us2000arqk,",8,9,0,0.2889583333333333,MEDIUM,1,0,0.45,0.95,6.1
2018-06-20 19:04:15.790,"167 km SSE of Port Blair, India",4.5,70.72,93.0909,10.1921,earthquake,,0,reviewed,",us1000f229,",19,6,2,5.622602777777778,MEDIUM,1,0,0.45,0.8989714285714285,5.946914285714286
2018-04-01 04:25:53.250,"188 km SSW of Kokopo, Papua New Guinea",4.6,10.0,151.9356,-6.0189,earthquake,,0,reviewed,",us2000dwyi,",4,4,6,3.1213722222222224,MEDIUM,1,0,0.45999999999999996,0.9857142857142858,6.257142857142856
2015-06-27 15:16:01.860,"6 km S of Pasaco, Guatemala",4.7,107.56,-90.2122,13.921,earthquake,,0,reviewed,",us10002m37,",15,6,5,0.26361388888888887,MEDIUM,1,0,0.47000000000000003,0.8463428571428572,5.889028571428572
2024-01-29 17:43:30.091,"36 km SSW of Andalgalá, Argentina",4.5,161.545,-66.5064,-27.8601,earthquake,,0,reviewed,",us7000lush,",17,1,0,0.7714325000000001,MEDIUM,1,0,0.45,0.7692214285714286,5.557664285714285
2017-04-20 22:59:24.600,"112 km SE of Pangai, Tonga",5.6,13.0,-173.6017,-20.5417,earthquake,green,0,reviewed,",us10008jeq,iscgem611833495,",22,4,3,0.9193666666666667,MEDIUM,1,1,0.5599999999999999,0.9814285714285714,6.744285714285714
2016-05-04 00:28:31.030,off the coast of Central America,4.7,10.0,-84.5609,2.2197,earthquake,,0,reviewed,",us10005dim,",0,5,2,0.07327222222222221,MEDIUM,1,0,0.47000000000000003,0.9857142857142858,6.307142857142857
2024-06-07 07:55:57.321,"6 km NNE of Sevilla, Colombia",4.5,11.719,-75.9119,4.3193,earthquake,,0,reviewed,",us7000mqwq,",7,6,4,1.0249322222222221,MEDIUM,1,0,0.45,0.9832585714285714,6.199775714285714
2022-11-30 02:04:40.249,Kermadec Islands region,4.9,13.149,-178.4113,-31.1544,earthquake,,0,reviewed,",us6000j5np,",2,11,2,0.5137583333333333,MEDIUM,1,1,0.49000000000000005,0.9812157142857143,6.393647142857143
2015-08-18 15:07:17.950,"107 km SSE of San Pedro de Atacama, Chile",4.5,167.43,-67.7001,-23.7689,earthquake,,0,reviewed,",us1000336c,",15,8,1,3.231213888888889,MEDIUM,1,0,0.45,0.7608142857142857,5.532442857142856
2015-06-09 12:38:51.640,"70 km W of Iquique, Chile",4.7,13.43,-70.821,-20.2057,earthquake,,0,reviewed,",us20002n8y,",12,6,1,3.6151388888888887,MEDIUM,1,0,0.47000000000000003,0.9808142857142857,6.2924428571428574
2016-11-05 15:51:31.940,Kermadec Islands region,4.6,148.99,-177.6179,-28.3861,earthquake,,0,reviewed,",us100074bv,",15,11,5,1.3314222222222223,MEDIUM,1,1,0.45999999999999996,0.7871571428571429,5.661471428571429
2023-01-18 03:26:32.922,"11 km ESE of Hirara, Japan",4.6,35.0,125.4156,24.7752,earthquake,,0,reviewed,",us7000j54d,",3,1,2,1.4876358333333333,MEDIUM,1,0,0.45999999999999996,0.95,6.149999999999999
2015-05-17 21:07:55.000,"152 km ESE of Iquique, Chile",4.6,101.6,-68.867,-20.865,earthquake,,0,reviewed,",us10002a12,",21,5,6,1.0384083333333334,MEDIUM,1,0,0.45999999999999996,0.8548571428571429,5.864571428571428
2015-10-16 04:13:34.470,south of the Kermadec Islands,4.6,225.51,179.0675,-34.484,earthquake,,0,reviewed,",us10003p1v,",4,10,4,0.48499166666666665,MEDIUM,1,0,0.45999999999999996,0.6778428571428572,5.3335285714285705
2015-07-23 20:22:41.020,"229 km SW of George Town, Cayman Islands",4.9,12.8,-82.6199,17.5853,earthquake,,0,reviewed,",us20002znk,",20,7,3,0.4622972222222222,MEDIUM,1,0,0.49000000000000005,0.9817142857142858,6.395142857142857
2021-09-17 16:44:49.589,Kermadec Islands region,4.5,10.0,-177.132,-27.2256,earthquake,,0,reviewed,",us7000fdip,",16,9,4,0.040918333333333334,MEDIUM,1,1,0.45,0.9857142857142858,6.207142857142856
2019-09-12 09:22:32.739,"25 km SSW of Jurm, Afghanistan",4.9,261.4,70.6855,36.6697,earthquake,,0,reviewed,",us70005fas,",9,9,3,0.5645933333333334,MEDIUM,1,0,0.49000000000000005,0.6265714285714286,5.329714285714285
2023-11-09 12:32:56.649,south of the Fiji Islands,4.6,165.808,-177.1858,-24.4171,earthquake,,0,reviewed,",us7000l9tz,",12,11,3,1.892848888888889,MEDIUM,1,1,0.45999999999999996,0.7631314285714286,5.5893942857142855
2016-08-19 07:58:11.250,South Georgia Island region,4.8,10.0,-31.941,-55.271,earthquake,,0,reviewed,",us10006gi1,",7,8,4,0.05481388888888889,MEDIUM,1,0,0.48,0.9857142857142858,6.357142857142857
2022-12-30 22:42:08.690,"137 km ESE of Petropavlovsk-Kamchatsky, Russia",4.7,10.0,160.3568,52.4068,earthquake,,0,reviewed,",us7000j154,",22,12,4,0.8010405555555555,MEDIUM,1,0,0.47000000000000003,0.9857142857142858,6.307142857142857
2015-02-15 08:04:39.040,"29 km W of Dehlor?n, Iran",4.8,10.0,46.9529,32.7323,earthquake,,0,reviewed,",usb000tphb,",8,2,6,1.5927250000000002,MEDIUM,1,0,0.48,0.9857142857142858,6.357142857142857
2017-03-16 19:37:32.570,east of the North Island of New Zealand,5.0,35.0,-179.5836,-35.4243,earthquake,,0,reviewed,",us20008sj2,",19,3,3,0.9684166666666667,MEDIUM,1,1,0.5,0.95,6.349999999999999
2017-03-17 08:02:56.560,"46 km W of La Ligua, Chile",4.8,27.26,-71.7298,-32.4468,earthquake,,0,reviewed,",us20008smr,",8,3,4,0.7910333333333333,MEDIUM,1,0,0.48,0.9610571428571428,6.283171428571428
2015-09-28 04:53:10.910,"125 km SSW of La Esperanza (El Zapotal), Mexico",4.5,10.0,-93.691,14.4378,earthquake,,0,reviewed,",us20003plx,",4,9,0,1.7652472222222224,MEDIUM,1,0,0.45,0.9857142857142858,6.207142857142856
2023-01-03 07:08:35.706,"86 km NE of Miyako, Japan",5.1,35.0,142.6435,40.2108,earthquake,,0,reviewed,",us7000j1s3,",7,1,1,2.281081944444445,MEDIUM,1,0,0.51,0.95,6.4
2016-07-23 07:27:48.400,"135 km W of Ternate, Indonesia",4.9,44.9,126.1691,0.8056,earthquake,,0,reviewed,",us20006h24,",7,7,5,1.1609083333333334,MEDIUM,1,0,0.49000000000000005,0.9358571428571428,6.257571428571428
2015-10-18 13:00:20.020,"210 km NW of Tobelo, Indonesia",5.0,42.61,126.4992,2.8811,earthquake,,0,reviewed,",us10003phr,",13,10,6,0.19361666666666666,MEDIUM,1,0,0.5,0.9391285714285714,6.317385714285714
2018-04-07 08:05:57.720,"129 km NE of Tobelo, Indonesia",4.6,235.26,128.6616,2.701,earthquake,,0,reviewed,",us2000dvyh,",8,4,5,1.568927777777778,MEDIUM,1,0,0.45999999999999996,0.6639142857142857,5.291742857142857
2022-11-10 13:32:59.045,"66 km SSE of Port-Vila, Vanuatu",4.5,102.843,168.5182,-18.3002,earthquake,,0,reviewed,",us7000int1,",13,11,3,0.17488777777777778,MEDIUM,1,0,0.45,0.8530814285714285,5.809244285714286
2017-04-08 10:16:01.620,"106 km SSE of Pondaguitan, Philippines",4.8,136.05,126.4987,5.4531,earthquake,,0,reviewed,",us10008ftg,",10,4,5,1.6572333333333333,MEDIUM,1,0,0.48,0.8056428571428571,5.816928571428571
2020-05-06 13:53:55.940,Banda Sea,6.8,96.0,129.7852,-6.7761,earthquake,green,0,reviewed,",us70009b14,at00q9wx9x,pt20127000,",13,5,2,3.048667222222222,HIGH,0,0,0.6799999999999999,0.8628571428571429,6.9885714285714275
2023-12-02 17:08:41.827,"43 km ENE of Barcelona, Philippines",4.6,55.013,126.7874,8.3445,earthquake,,0,reviewed,",us7000lgzi,",17,12,5,0.04956388888888889,MEDIUM,1,0,0.45999999999999996,0.9214100000000001,6.06423
2023-12-09 05:56:48.697,"46 km ENE of Aras-asan, Philippines",4.5,58.988,126.6986,9.051,earthquake,,0,reviewed,",us7000lizr,",5,12,5,0.04021916666666666,MEDIUM,1,0,0.45,0.9157314285714285,5.9971942857142855
2018-11-16 20:58:35.390,South Sandwich Islands region,4.7,30.58,-26.1272,-56.9511,earthquake,,0,reviewed,",us1000hvs7,",20,11,4,0.693811111111111,MEDIUM,1,0,0.47000000000000003,0.9563142857142857,6.218942857142857
2024-01-05 16:59:03.311,south of the Fiji Islands,4.7,500.551,179.7373,-24.7291,earthquake,,0,reviewed,",us6000m21v,",16,1,4,0.015618333333333333,MEDIUM,1,0,0.47000000000000003,0.2849271428571428,4.20478142857143
2021-12-29 21:30:22.185,"northern Qinghai, China",5.0,10.0,94.6585,36.9982,earthquake,,0,reviewed,",us7000g7t4,",21,12,2,0.9582469444444444,MEDIUM,1,0,0.5,0.9857142857142858,6.457142857142857
2022-03-20 05:58:43.712,"69 km W of Cabra, Philippines",4.5,10.0,119.4044,13.9351,earthquake,,0,reviewed,",us7000gwy0,",5,3,6,0.4772616666666667,MEDIUM,1,0,0.45,0.9857142857142858,6.207142857142856
2021-08-22 22:30:55.858,South Sandwich Islands region,5.0,10.0,-24.7869,-60.34,earthquake,,0,reviewed,",us7000f6tx,",22,8,6,0.21063138888888888,MEDIUM,1,0,0.5,0.9857142857142858,6.457142857142857
2017-06-17 03:40:37.360,"15 km WSW of Plomári, Greece",4.6,10.0,26.2153,38.8989,earthquake,,0,reviewed,",us20009n8a,",3,6,5,1.3035805555555557,MEDIUM,1,0,0.45999999999999996,0.9857142857142858,6.257142857142856
2023-08-12 10:55:34.143,"186 km NW of Neiafu, Tonga",4.5,274.638,-175.3075,-17.5328,earthquake,,0,reviewed,",us6000kzji,",10,8,5,6.519077222222222,MEDIUM,1,1,0.45,0.6076600000000001,5.07298
2017-10-19 21:30:44.060,"115 km NW of Gizo, Solomon Islands",4.5,113.07,156.0401,-7.4284,earthquake,,0,reviewed,",us1000axiz,",21,10,3,0.03051388888888889,MEDIUM,1,0,0.45,0.8384714285714285,5.765414285714286
2021-08-23 00:49:24.723,South Sandwich Islands region,4.5,10.0,-23.4021,-58.2651,earthquake,,0,reviewed,",us7000f71x,",0,8,0,0.5874205555555555,MEDIUM,1,0,0.45,0.9857142857142858,6.207142857142856
2023-12-28 09:15:16.131,"115 km SE of Kuril’sk, Russia",6.5,31.0,149.0388,44.596,earthquake,green,0,reviewed,",us6000m05c,pt23362000,at00s6ddpi,",9,12,3,0.03789833333333333,HIGH,0,0,0.65,0.9557142857142857,7.1171428571428565
2018-07-26 01:09:44.310,"53 km N of Claveria, Philippines",5.0,15.89,121.0354,19.0854,earthquake,,0,reviewed,",iscgem612370851,us2000ge2d,",1,7,3,0.14375833333333332,MEDIUM,1,0,0.5,0.9773,6.431899999999999
2019-09-25 01:02:05.325,Fiji region,4.8,589.54,-178.7451,-20.9862,earthquake,,0,reviewed,",us70005ky0,",1,9,2,0.7391577777777777,MEDIUM,1,1,0.48,0.15780000000000005,3.8734
2023-01-25 15:13:35.749,"Kodiak Island region, Alaska",4.5,53.3,-154.9097,57.4916,earthquake,,1,reviewed,",at00rp1rmm,us6000jj6k,ak02315lg1dw,",15,1,2,0.06687416666666667,MEDIUM,1,0,0.45,0.9238571428571428,6.021571428571429
2021-11-29 18:23:46.264,south of the Kermadec Islands,5.4,45.26,-179.3344,-33.1514,earthquake,green,0,reviewed,",usauto6000g7p3,us6000g7p3,",18,11,0,1.7721983333333333,MEDIUM,1,1,0.54,0.9353428571428571,6.506028571428572
2021-04-01 15:11:18.213,Fiji region,6.0,595.0,-179.3796,-21.8006,earthquake,green,0,reviewed,",us6000dy9x,usauto6000dy9x,pt21091002,",15,4,3,0.6290275,HIGH,0,1,0.6,0.15000000000000002,4.449999999999999
2021-01-24 23:14:47.952,"106 km S of Kundiawa, Papua New Guinea",4.5,10.0,144.878,-6.9784,earthquake,,0,reviewed,",us6000ddpe,",23,1,6,1.4195483333333332,MEDIUM,1,0,0.45,0.9857142857142858,6.207142857142856
2024-06-24 21:44:15.965,"91 km SW of Isangel, Vanuatu",4.7,10.0,168.6615,-20.1206,earthquake,,0,reviewed,",us6000n9mw,",21,6,0,0.5701030555555556,MEDIUM,1,0,0.47000000000000003,0.9857142857142858,6.307142857142857
2024-06-09 10:17:55.835,Pacific-Antarctic Ridge,5.1,10.0,-134.0696,-53.8417,earthquake,,0,reviewed,",us7000mrbx,",10,6,6,0.36845944444444445,MEDIUM,1,0,0.51,0.9857142857142858,6.507142857142857
2024-10-21 15:15:13.675,"59 km SSW of Labuha, Indonesia",4.7,10.0,127.3576,-1.1539,earthquake,,0,reviewed,",us6000p03l,",15,10,0,1.0613341666666667,MEDIUM,1,0,0.47000000000000003,0.9857142857142858,6.307142857142857
2018-12-28 05:58:39.570,"Volcano Islands, Japan region",4.7,10.0,142.5559,24.5739,earthquake,,0,reviewed,",us2000iyjc,",5,12,4,0.13205833333333333,MEDIUM,1,0,0.47000000000000003,0.9857142857142858,6.307142857142857
2017-01-27 20:51:26.740,"61 km ESE of Archángelos, Greece",4.8,20.41,28.7487,36.0062,earthquake,,0,reviewed,",us10007vud,",20,1,4,0.12796944444444444,MEDIUM,1,0,0.48,0.9708428571428571,6.3125285714285715
2021-07-25 15:49:52.668,Carlsberg Ridge,4.6,10.0,65.1284,3.1183,earthquake,,0,reviewed,",us6000f0m4,",15,7,6,0.6752883333333334,MEDIUM,1,0,0.45999999999999996,0.9857142857142858,6.257142857142856
2018-03-13 21:23:58.530,"51 km S of Angoram, Papua New Guinea",4.5,99.05,143.978,-4.5152,earthquake,,0,reviewed,",us1000d41v,",21,3,1,3.815163888888889,MEDIUM,1,0,0.45,0.8585,5.8255
2015-06-14 21:54:14.440,"181 km SE of Kirakira, Solomon Islands",4.7,34.99,163.2734,-11.407,earthquake,,0,reviewed,",us20002psn,",21,6,6,0.9310555555555556,MEDIUM,1,0,0.47000000000000003,0.9500142857142857,6.200042857142857
2023-02-02 02:02:31.840,"141 km W of Neiafu, Tonga",4.5,236.193,-175.3227,-18.6562,earthquake,,0,reviewed,",us6000jmrn,",2,2,3,0.3468291666666667,MEDIUM,1,1,0.45,0.6625814285714285,5.237744285714285
2020-10-17 17:55:00.713,"179 km SW of Sungai Penuh, Indonesia",5.2,23.44,100.3043,-3.2572,earthquake,,0,reviewed,",us6000c90z,",17,10,5,0.5646997222222222,MEDIUM,1,0,0.52,0.9665142857142857,6.499542857142856
2022-06-29 12:22:10.104,south of Tonga,4.6,10.0,-175.5757,-26.7131,earthquake,,0,reviewed,",us6000hzsy,",12,6,2,4.1075333333333335,MEDIUM,1,1,0.45999999999999996,0.9857142857142858,6.257142857142856
2021-02-11 09:25:57.691,southeast of the Loyalty Islands,4.5,10.0,171.6399,-23.4183,earthquake,,0,reviewed,",us6000dj63,",9,2,3,0.2350502777777778,MEDIUM,1,0,0.45,0.9857142857142858,6.207142857142856
2015-12-17 03:04:44.760,"266 km SSE of Port Blair, India",4.6,55.42,93.7925,9.4948,earthquake,,0,reviewed,",us100048r3,",3,12,3,5.053538888888889,MEDIUM,1,0,0.45999999999999996,0.9208285714285714,6.062485714285714
2020-07-07 20:32:26.280,"291 km S of Punta de Burica, Panama",5.2,10.0,-82.7166,5.3976,earthquake,,0,reviewed,",us7000ajnd,",20,7,1,1.3878916666666665,MEDIUM,1,0,0.52,0.9857142857142858,6.557142857142857
2016-01-18 03:20:38.750,"150 km ENE of Savannah Bight, Honduras",5.4,10.0,-84.6345,17.1333,earthquake,,0,reviewed,",us10004fa4,gcmt20160118032038,",3,1,0,0.04507777777777778,MEDIUM,1,0,0.54,0.9857142857142858,6.657142857142857
2019-07-21 11:45:59.293,"50 km W of Kandrian, Papua New Guinea",4.6,70.55,149.0997,-6.2787,earthquake,,0,reviewed,",us70004q0z,",11,7,6,7.056661111111111,MEDIUM,1,0,0.45999999999999996,0.8992142857142857,5.997642857142857
2015-08-21 12:16:57.570,"275 km SSE of Ambon, Indonesia",4.5,266.9,128.8783,-6.0855,earthquake,,0,reviewed,",us20003gfc,",12,8,4,1.061636111111111,MEDIUM,1,0,0.45,0.6187142857142858,5.106142857142856
2024-11-09 00:48:33.569,"6 km W of Tingloy, Philippines",4.5,10.0,120.8082,13.6508,earthquake,,0,reviewed,",us7000nqt8,",0,11,5,1.3660852777777779,MEDIUM,1,0,0.45,0.9857142857142858,6.207142857142856
2016-09-15 15:31:07.220,"26 km S of Cañete, Chile",4.8,25.68,-73.4203,-38.0349,earthquake,,0,reviewed,",us10006pti,",15,9,3,1.7400527777777777,MEDIUM,1,0,0.48,0.9633142857142857,6.289942857142857
2024-03-24 00:17:06.578,"29 km NE of Ambunti, Papua New Guinea",4.5,35.0,143.0083,-4.0308,earthquake,,0,reviewed,",us7000m8jm,",0,3,6,0.4983563888888889,MEDIUM,1,0,0.45,0.95,6.1
2018-11-30 15:04:35.600,"108 km SSE of Ierápetra, Greece",4.6,10.0,26.0671,34.0683,earthquake,,0,reviewed,",us1000hyam,",15,11,4,0.2508083333333333,MEDIUM,1,0,0.45999999999999996,0.9857142857142858,6.257142857142856
2016-02-08 16:35:45.850,"182 km E of Mata-Utu, Wallis and Futuna",4.6,35.0,-174.4986,-13.4112,earthquake,,0,reviewed,",us20004zil,",16,2,0,0.2758527777777778,MEDIUM,1,1,0.45999999999999996,0.95,6.149999999999999
2018-05-10 10:57:13.250,"67 km ENE of Namie, Japan",4.8,37.22,141.6406,37.8161,earthquake,,0,reviewed,",us1000e1y2,",10,5,3,0.05569166666666667,MEDIUM,1,0,0.48,0.9468285714285715,6.240485714285714
2019-10-14 01:11:29.005,"42 km SSW of Jurm, Afghanistan",5.0,202.56,70.6021,36.5287,earthquake,,0,reviewed,",us70005tzl,",1,10,0,0.3869858333333333,MEDIUM,1,0,0.5,0.7106285714285714,5.631885714285714
2023-03-16 01:46:09.833,Kermadec Islands region,5.2,10.0,-176.3963,-30.161,earthquake,,0,reviewed,",us7000jkbr,",1,3,3,0.08083805555555555,MEDIUM,1,1,0.52,0.9857142857142858,6.557142857142857
2022-12-24 04:58:42.393,"51 km ENE of Colonia, Micronesia",5.0,10.0,138.5394,9.7245,earthquake,,0,reviewed,",us7000j2bb,",4,12,5,0.4145419444444445,MEDIUM,1,0,0.5,0.9857142857142858,6.457142857142857
2017-05-20 06:02:14.290,"201 km SSW of Barra de Navidad, Mexico",5.7,10.0,-105.3228,17.4893,earthquake,green,0,reviewed,",us10008tqj,iscgem610645717,",6,5,5,0.7455472222222221,MEDIUM,1,0,0.5700000000000001,0.9857142857142858,6.807142857142857
2018-05-13 11:55:14.930,south of the Fiji Islands,4.7,610.4,179.4641,-21.9725,earthquake,,0,reviewed,",us1000e42t,",11,5,6,1.409261111111111,MEDIUM,1,0,0.47000000000000003,0.128,3.734000000000001
2019-04-09 19:37:04.754,"158 km NE of Angoram, Papua New Guinea",4.5,10.09,145.2356,-3.24,earthquake,,0,reviewed,",us700037nf,",19,4,1,1.2839838888888888,MEDIUM,1,0,0.45,0.9855857142857143,6.206757142857143
2023-11-30 09:08:41.455,"44 km N of Labuan Bajo, Indonesia",4.5,175.981,119.8861,-8.0933,earthquake,,0,reviewed,",us7000lggy,",9,11,3,1.228916111111111,MEDIUM,1,0,0.45,0.7485985714285714,5.495795714285714
2020-06-08 22:34:15.679,"47 km W of Kigorobya, Uganda",4.5,10.0,30.8804,1.615,earthquake,,0,reviewed,",us6000aawt,",22,6,0,2.748850277777778,MEDIUM,1,0,0.45,0.9857142857142858,6.207142857142856
2017-08-30 08:03:42.440,"99 km SE of Yigo Village, Guam",5.2,10.0,145.6228,12.9924,earthquake,,0,reviewed,",us2000ad3j,",8,8,2,0.6925722222222223,MEDIUM,1,0,0.52,0.9857142857142858,6.557142857142857
2021-09-09 01:43:33.032,West Chile Rise,4.6,10.0,-93.6231,-38.3436,earthquake,,0,reviewed,",us7000f9iw,",1,9,3,0.32883388888888887,MEDIUM,1,0,0.45999999999999996,0.9857142857142858,6.257142857142856
2017-05-25 10:45:29.440,"115 km SSW of Padangsidempuan, Indonesia",4.8,67.16,98.8923,0.4103,earthquake,,0,reviewed,",us10008v9l,",10,5,3,0.7150472222222223,MEDIUM,1,0,0.48,0.9040571428571429,6.112171428571428
2018-08-19 00:52:32.450,"253 km E of Levuka, Fiji",5.3,511.33,-178.2859,-18.1161,earthquake,,0,reviewed,",us1000gck9,",0,8,6,0.018091666666666666,MEDIUM,1,1,0.53,0.26952857142857145,4.458585714285714
2022-03-24 19:45:19.432,"115 km SSW of La Esperanza (El Zapotal), Mexico",4.5,10.0,-93.7464,14.5722,earthquake,,0,reviewed,",us7000gwz6,",19,3,3,0.9697975000000001,MEDIUM,1,0,0.45,0.9857142857142858,6.207142857142856
2023-05-01 22:39:52.980,South Sandwich Islands region,4.5,23.323,-24.9186,-58.5847,earthquake,,0,reviewed,",us6000k9sk,",22,5,0,6.742890833333333,MEDIUM,1,0,0.45,0.9666814285714286,6.150044285714285
2022-12-05 01:11:29.887,South Sandwich Islands region,4.6,61.89,-28.2916,-55.7929,earthquake,,0,reviewed,",us6000j859,",1,12,0,1.5531816666666667,MEDIUM,1,0,0.45999999999999996,0.9115857142857143,6.034757142857142
2019-05-14 14:56:12.772,"100 km ESE of Kokopo, Papua New Guinea",4.5,10.0,153.0517,-4.804,earthquake,,0,reviewed,",us60003qlz,",14,5,1,0.03201194444444444,MEDIUM,1,0,0.45,0.9857142857142858,6.207142857142856
2015-08-13 11:24:57.330,Banda Sea,4.5,160.87,129.8305,-6.5116,earthquake,,0,reviewed,",us100031xe,",11,8,3,0.7509694444444444,MEDIUM,1,0,0.45,0.7701857142857143,5.560557142857142
2021-01-18 15:55:31.813,"83 km NE of Hihifo, Tonga",4.9,10.0,-173.1907,-15.474,earthquake,,0,reviewed,",us7000d3pi,",15,1,0,0.9792236111111111,MEDIUM,1,1,0.49000000000000005,0.9857142857142858,6.407142857142857
2022-08-30 03:49:34.548,Greece,4.6,10.0,20.4475,38.6584,earthquake,,0,reviewed,",us7000i3l9,",3,8,1,2.8579577777777776,MEDIUM,1,0,0.45999999999999996,0.9857142857142858,6.257142857142856
2023-10-06 11:34:03.435,"72 km SSW of Nikolski, Alaska",4.5,34.085,-169.2712,52.3393,earthquake,,0,reviewed,",us6000ldf6,ak023ctlow6o,",11,10,4,0.09909944444444443,MEDIUM,1,0,0.45,0.9513071428571429,6.103921428571429
2015-03-24 00:29:59.210,"Tarapaca, Chile",4.6,135.86,-69.3575,-18.5012,earthquake,,0,reviewed,",us10001q3c,",0,3,1,0.5258861111111112,MEDIUM,1,0,0.45999999999999996,0.8059142857142857,5.717742857142857
2023-09-28 00:08:01.049,Carlsberg Ridge,4.6,10.0,66.3947,2.6204,earthquake,,0,reviewed,",us6000lbb9,",0,9,3,0.14907277777777778,MEDIUM,1,0,0.45999999999999996,0.9857142857142858,6.257142857142856
2015-04-08 00:45:17.380,South Sandwich Islands region,4.6,49.85,-25.1553,-57.5213,earthquake,,0,reviewed,",us200026xl,",0,4,2,0.091175,MEDIUM,1,0,0.45999999999999996,0.9287857142857143,6.086357142857143
2016-08-22 04:52:49.520,South Georgia Island region,5.0,10.0,-31.1641,-55.1969,earthquake,,0,reviewed,",us10006fpi,",4,8,0,0.06874722222222222,MEDIUM,1,0,0.5,0.9857142857142858,6.457142857142857
2024-01-02 02:49:31.315,"99 km E of Aras-asan, Philippines",4.6,10.0,127.2178,8.8429,earthquake,,0,reviewed,",us6000m12p,",2,1,1,1.5332630555555555,MEDIUM,1,0,0.45999999999999996,0.9857142857142858,6.257142857142856
2021-11-18 19:29:59.114,South Sandwich Islands region,4.6,35.0,-26.6216,-59.7073,earthquake,,0,reviewed,",us7000fwhn,",19,11,3,0.6587475,MEDIUM,1,0,0.45999999999999996,0.95,6.149999999999999
2024-02-24 17:44:36.190,"58 km W of Neiafu, Tonga",4.7,98.888,-174.5411,-18.6314,earthquake,,0,reviewed,",us7000m1dr,",17,2,5,0.004516666666666667,MEDIUM,1,1,0.47000000000000003,0.8587314285714286,5.926194285714286
2015-11-28 02:22:00.750,Reykjanes Ridge,4.7,10.0,-35.3016,53.3977,earthquake,,0,reviewed,",gcmt20151128022200,us100042pq,",2,11,5,1.4937444444444443,MEDIUM,1,0,0.47000000000000003,0.9857142857142858,6.307142857142857
2021-03-06 16:36:19.338,Greece,4.5,10.0,22.2378,39.6816,earthquake,,0,reviewed,",us7000dgjq,",16,3,5,0.12216833333333332,MEDIUM,1,0,0.45,0.9857142857142858,6.207142857142856
2024-06-13 11:38:09.080,"67 km SE of Fīrūzābād, Iran",4.6,10.0,53.0169,28.3842,earthquake,,0,reviewed,",us7000ms44,",11,6,3,0.3444336111111111,MEDIUM,1,0,0.45999999999999996,0.9857142857142858,6.257142857142856
2020-03-27 22:08:02.701,"158 km W of Neiafu, Tonga",4.5,266.65,-175.4813,-18.6868,earthquake,,0,reviewed,",us70008kaf,",22,3,4,0.23518888888888886,MEDIUM,1,1,0.45,0.6190714285714286,5.107214285714285
2022-05-17 03:04:23.541,South Sandwich Islands region,4.6,10.0,-26.6822,-60.3735,earthquake,,0,reviewed,",us6000hnbf,",3,5,1,1.3336497222222223,MEDIUM,1,0,0.45999999999999996,0.9857142857142858,6.257142857142856
2015-04-29 04:56:58.320,South Indian Ocean,4.5,10.0,80.7108,-0.9402,earthquake,,0,reviewed,",us20002c97,",4,4,2,1.5152805555555555,MEDIUM,1,0,0.45,0.9857142857142858,6.207142857142856
2021-01-08 03:54:44.220,"117 km NE of Aksu, China",4.7,10.0,81.0862,42.0518,earthquake,,0,reviewed,",us7000d131,",3,1,4,0.09623222222222222,MEDIUM,1,0,0.47000000000000003,0.9857142857142858,6.307142857142857
2019-05-16 16:22:17.474,"41 km WSW of Jiquilillo, Nicaragua",5.9,71.96,-87.8168,12.6436,earthquake,green,0,reviewed,",us70003m2q,",16,5,3,1.7208166666666667,MEDIUM,1,0,0.5900000000000001,0.8972,6.6415999999999995
2023-05-05 10:17:17.692,"108 km SW of Kokopo, Papua New Guinea",4.9,134.857,151.5373,-4.9972,earthquake,,0,reviewed,",us6000k9ps,",10,5,4,1.6545891666666666,MEDIUM,1,0,0.49000000000000005,0.8073471428571428,5.872041428571428
2015-03-14 00:18:43.950,Drake Passage,4.7,10.0,-66.8721,-57.475,earthquake,,0,reviewed,",us10001mae,",0,3,5,1.5886722222222223,MEDIUM,1,0,0.47000000000000003,0.9857142857142858,6.307142857142857
2016-09-15 01:06:30.870,South Sandwich Islands region,4.9,112.55,-27.4112,-56.0176,earthquake,,0,reviewed,",us10006ry3,",1,9,3,1.9681722222222222,MEDIUM,1,0,0.49000000000000005,0.8392142857142857,5.967642857142858
2017-11-13 01:27:52.730,Guam region,4.8,41.18,143.9224,12.4819,earthquake,,0,reviewed,",us2000bmh9,",1,11,0,0.8951555555555556,MEDIUM,1,0,0.48,0.9411714285714285,6.223514285714286
2022-10-14 15:35:32.111,"107 km SSW of Curahuara de Carangas, Bolivia",4.7,154.514,-68.9446,-18.7075,earthquake,,0,reviewed,",us6000itny,",15,10,4,1.0907841666666667,MEDIUM,1,0,0.47000000000000003,0.7792657142857142,5.687797142857143
2022-09-30 20:37:38.689,"35 km NNE of Sibolga, Indonesia",5.0,10.098,98.9447,2.0209,earthquake,,0,reviewed,",us6000ips6,",20,9,4,0.7195872222222223,MEDIUM,1,0,0.5,0.9855742857142857,6.456722857142857
2016-02-14 07:10:45.870,"260 km SE of Hihifo, Tonga",5.3,22.83,-171.8895,-17.4196,earthquake,,0,reviewed,",us2000502w,gcmt20160214071045,",7,2,6,4.855605555555556,MEDIUM,1,1,0.53,0.9673857142857143,6.552157142857143
2023-08-19 06:34:36.212,"1 km SSE of Bacolod, Philippines",4.8,69.143,126.292,8.9217,earthquake,,0,reviewed,",us7000kpfc,",6,8,5,2.852736666666667,MEDIUM,1,0,0.48,0.9012242857142857,6.103672857142857
2018-06-14 19:46:59.170,"109 km N of Tobelo, Indonesia",5.0,52.19,128.1231,2.7075,earthquake,,0,reviewed,",us1000erqd,",19,6,3,1.578752777777778,MEDIUM,1,0,0.5,0.9254428571428571,6.2763285714285715
2023-01-30 14:11:33.407,"19 km ENE of Jacó, Costa Rica",4.5,44.932,-84.4658,9.6802,earthquake,,0,reviewed,",us6000jkc9,",14,1,0,0.7618075,MEDIUM,1,0,0.45,0.9358114285714285,6.057434285714285
2016-06-13 06:54:56.620,"178 km SSE of Naze, Japan",4.5,10.0,130.1395,26.8655,earthquake,,0,reviewed,",us200065is,",6,6,0,1.9954666666666667,MEDIUM,1,0,0.45,0.9857142857142858,6.207142857142856
2024-05-06 20:03:39.043,South Atlantic Ocean,4.7,10.0,-4.7752,-0.4089,earthquake,,0,reviewed,",us6000mwtf,",20,5,0,1.1322308333333333,MEDIUM,1,0,0.47000000000000003,0.9857142857142858,6.307142857142857
2018-05-29 00:30:51.890,"67 km WNW of Neiafu, Tonga",4.9,93.9,-174.6075,-18.5181,earthquake,,0,reviewed,",us1000edp4,",0,5,1,2.3046249999999997,MEDIUM,1,1,0.49000000000000005,0.8658571428571429,6.047571428571429
2017-12-03 21:32:45.120,"196 km N of Sola, Vanuatu",4.9,168.14,167.3133,-12.1128,earthquake,,0,reviewed,",us1000bkmx,",21,12,6,1.9583972222222221,MEDIUM,1,0,0.49000000000000005,0.7598,5.7294
2015-05-17 20:05:36.730,east of the North Island of New Zealand,4.6,35.0,-179.2203,-35.2151,earthquake,,0,reviewed,",us10002civ,",20,5,6,0.2460111111111111,MEDIUM,1,1,0.45999999999999996,0.95,6.149999999999999
2015-03-29 07:50:54.290,"138 km NW of Ternate, Indonesia",5.6,45.05,126.4846,1.6535,earthquake,green,0,reviewed,",us10001rqx,gcmt20150329075053,iscgem610587211,",7,3,6,0.8438027777777778,MEDIUM,1,0,0.5599999999999999,0.9356428571428571,6.606928571428571
2018-02-14 21:28:58.140,"20 km NW of Poso, Indonesia",5.0,38.89,120.615,-1.2755,earthquake,,0,reviewed,",us2000d2c0,",21,2,2,1.1577111111111111,MEDIUM,1,0,0.5,0.9444428571428571,6.33332857142857
2017-12-21 01:56:53.290,"Izu Islands, Japan region",5.2,7.8,142.5379,29.293,earthquake,,0,reviewed,",us1000bu37,",1,12,3,1.2383805555555556,MEDIUM,1,0,0.52,0.9888571428571429,6.566571428571429
2023-02-09 06:09:30.629,"121 km WNW of Tobelo, Indonesia",4.5,106.673,127.0319,2.22,earthquake,,0,reviewed,",us6000jmni,",6,2,3,2.2430891666666666,MEDIUM,1,0,0.45,0.84761,5.79283
2015-03-01 16:50:11.930,south of the Fiji Islands,4.7,548.12,179.2501,-23.9842,earthquake,,0,reviewed,",usc000tu7j,",16,3,6,1.0315055555555557,MEDIUM,1,0,0.47000000000000003,0.2169714285714286,4.000914285714286
2022-05-20 12:31:06.120,"149 km SE of Sarangani, Philippines",4.6,87.18,126.2774,4.3248,earthquake,,0,reviewed,",us6000hmlc,",12,5,4,3.3037205555555555,MEDIUM,1,0,0.45999999999999996,0.8754571428571428,5.926371428571429
2017-02-20 03:56:45.190,"109 km SSE of Lata, Solomon Islands",5.0,49.66,166.3501,-11.5455,earthquake,,0,reviewed,",us20008kus,iscgem610231661,",3,2,0,0.9684611111111111,MEDIUM,1,0,0.5,0.9290571428571428,6.287171428571429
2017-06-14 07:23:51.470,"87 km WSW of Puerto Madero, Mexico",5.4,10.0,-93.1019,14.2914,earthquake,,0,reviewed,",us20009mbr,",7,6,2,0.7512249999999999,MEDIUM,1,0,0.54,0.9857142857142858,6.657142857142857
2019-04-16 00:54:13.922,"107 km NW of Vallenar, Chile",4.6,34.8,-71.4598,-27.8289,earthquake,,0,reviewed,",us700036qr,",0,4,1,0.10707611111111111,MEDIUM,1,0,0.45999999999999996,0.9502857142857143,6.150857142857142
2016-06-04 05:56:26.960,"100 km S of Fukuech?, Japan",4.8,1.65,128.8191,31.7956,earthquake,,0,reviewed,",us20006209,",5,6,5,0.9397222222222222,MEDIUM,1,0,0.48,0.9976428571428572,6.3929285714285715
2021-07-11 22:09:58.328,"Kermadec Islands, New Zealand",4.6,131.35,-178.1072,-30.0985,earthquake,,0,reviewed,",us7000em9m,",22,7,6,0.5328430555555556,MEDIUM,1,1,0.45999999999999996,0.8123571428571429,5.737071428571428
2018-09-06 14:43:48.700,"37 km ESE of Chitose, Japan",4.5,35.0,142.0853,42.7233,earthquake,,0,reviewed,",us2000h9cw,",14,9,3,1.3687333333333331,MEDIUM,1,0,0.45,0.95,6.1
2023-12-02 16:29:28.206,"42 km NE of Barcelona, Philippines",4.8,61.367,126.7321,8.4037,earthquake,,0,reviewed,",us7000lgze,",16,12,5,0.04775722222222222,MEDIUM,1,0,0.48,0.9123328571428572,6.136998571428571
2016-09-24 21:37:01.960,Fiji region,5.0,591.28,-178.1748,-19.9265,earthquake,,0,reviewed,",us10006v0j,",21,9,5,0.03309722222222222,MEDIUM,1,1,0.5,0.15531428571428574,3.9659428571428568
2015-05-08 03:33:47.360,"118 km SSW of Panguna, Papua New Guinea",4.5,10.0,154.9049,-7.2159,earthquake,,0,reviewed,",us100029gc,",3,5,4,0.35717777777777776,MEDIUM,1,0,0.45,0.9857142857142858,6.207142857142856
2022-02-03 23:53:31.646,"99 km SSE of King Cove, Alaska",5.4,31.22,-161.5975,54.2697,earthquake,green,1,reviewed,",ak0221kma6yf,us7000ghrq,at00r6r6d5,usauto7000ghrq,",23,2,3,0.903143888888889,MEDIUM,1,0,0.54,0.9554,6.5662
2023-12-03 08:41:55.724,"37 km NE of Barcelona, Philippines",4.9,71.598,126.6878,8.3892,earthquake,,0,reviewed,",us7000lfsw,",8,12,6,0.004686944444444445,MEDIUM,1,0,0.49000000000000005,0.8977171428571429,6.143151428571429
2021-01-11 10:51:16.721,"270 km WNW of Haveluloto, Tonga",4.8,470.84,-177.6905,-20.4215,earthquake,,0,reviewed,",us6000d7eh,",10,1,0,3.5369591666666667,MEDIUM,1,1,0.48,0.32737142857142865,4.382114285714286
2023-02-11 11:35:48.278,"64 km S of Hualien City, Taiwan",4.7,35.037,121.6211,23.3969,earthquake,,0,reviewed,",us6000jnal,",11,2,5,2.6786830555555556,MEDIUM,1,0,0.47000000000000003,0.9499471428571429,6.199841428571428
2022-01-26 17:23:29.030,"75 km N of Hihifo, Tonga",4.5,35.0,-173.8123,-15.2721,earthquake,,0,reviewed,",us7000ghcr,",17,1,2,0.7860794444444444,MEDIUM,1,1,0.45,0.95,6.1
2019-01-21 16:47:48.700,"187 km ESE of Sarangani, Philippines",5.0,14.07,126.885,4.4905,earthquake,,0,reviewed,",us2000j6va,",16,1,0,0.7802666666666667,MEDIUM,1,0,0.5,0.9799,6.4397
2020-02-08 06:17:57.956,"165 km ESE of Iquique, Chile",5.2,108.34,-68.7137,-20.8279,earthquake,,0,reviewed,",us70007leh,",6,2,5,3.409765,MEDIUM,1,0,0.52,0.8452285714285714,6.135685714285714
2016-12-21 01:04:51.620,"5 km SW of Esmeraldas, Ecuador",4.8,10.0,-79.6856,0.9239,earthquake,,0,reviewed,",us10007llb,",1,12,2,0.7935083333333334,MEDIUM,1,0,0.48,0.9857142857142858,6.357142857142857
2020-05-24 03:52:21.175,"117 km SW of La Esperanza (El Zapotal), Mexico",5.3,11.92,-93.814,14.5973,earthquake,green,0,reviewed,",us70009pb6,",3,5,6,0.14480805555555554,MEDIUM,1,0,0.53,0.9829714285714286,6.598914285714286
2015-07-08 06:55:52.080,South Sandwich Islands region,4.5,10.0,-29.5345,-59.5285,earthquake,,0,reviewed,",us200030wx,",6,7,2,0.04242777777777778,MEDIUM,1,0,0.45,0.9857142857142858,6.207142857142856
2019-07-06 03:25:27.970,"23km ESE of Little Lake, CA",4.61,10.32,-117.6708333,35.8606667,earthquake,green,0,reviewed,",us70004bpr,ci37219172,",3,7,5,0.02701388888888889,MEDIUM,1,0,0.461,0.9852571428571428,6.260771428571427
2020-10-10 17:38:00.765,"33 km WNW of Moir?ng, India",5.5,53.0,93.4997,24.6661,earthquake,green,0,reviewed,",us6000c7ce,pt20284000,",17,10,5,0.30228944444444444,MEDIUM,1,0,0.55,0.9242857142857143,6.522857142857142
2022-09-15 22:01:19.158,"276 km NE of Hadibu, Yemen",4.5,10.0,55.7462,14.4879,earthquake,,0,reviewed,",us7000ia5t,",22,9,3,0.9242863888888889,MEDIUM,1,0,0.45,0.9857142857142858,6.207142857142856
2015-03-22 02:20:34.320,"118 km W of Copiapó, Chile",4.6,16.78,-71.5076,-27.5491,earthquake,,0,reviewed,",us10001piy,",2,3,6,0.1679027777777778,MEDIUM,1,0,0.45999999999999996,0.9760285714285715,6.228085714285713
2023-02-07 05:59:52.508,"78 km NNE of Saipan, Northern Mariana Islands",4.7,113.88,145.9842,15.8878,earthquake,,0,reviewed,",us6000jm66,",5,2,1,2.543408888888889,MEDIUM,1,0,0.47000000000000003,0.8373142857142857,5.861942857142857
2024-10-30 02:18:41.991,"17 km ENE of Murghob, Tajikistan",4.5,131.267,74.1476,38.2418,earthquake,,0,reviewed,",us7000nnxq,",2,10,2,2.569656944444444,MEDIUM,1,0,0.45,0.8124757142857143,5.6874271428571435
2024-11-01 08:48:09.334,"135 km W of Abepura, Indonesia",4.9,32.937,139.4168,-2.713,earthquake,,0,reviewed,",us7000npbh,",8,11,4,0.23777944444444443,MEDIUM,1,0,0.49000000000000005,0.9529471428571429,6.308841428571429
2016-11-02 05:33:26.590,"28 km SSE of Takanosu, Japan",4.7,10.36,140.502,39.9916,earthquake,,0,reviewed,",us100073mu,",5,11,2,1.8152472222222222,MEDIUM,1,0,0.47000000000000003,0.9852,6.3056
2019-10-21 14:02:05.111,South Sandwich Islands region,4.6,10.0,-26.6345,-55.4016,earthquake,,0,reviewed,",us7000617q,",14,10,0,0.14983638888888887,MEDIUM,1,0,0.45999999999999996,0.9857142857142858,6.257142857142856
2015-12-22 10:06:54.850,"Pulau Pulau Tanimbar, Indonesia",4.7,46.74,130.1344,-7.7705,earthquake,,0,reviewed,",us100048qt,",10,12,1,6.296905555555556,MEDIUM,1,0,0.47000000000000003,0.9332285714285714,6.149685714285714
2019-12-01 09:04:30.474,"54 km W of Pangai, Tonga",4.6,142.18,-174.8776,-19.8481,earthquake,,0,reviewed,",us60006pgf,",9,12,6,3.2655080555555553,MEDIUM,1,1,0.45999999999999996,0.7968857142857143,5.690657142857143
2023-05-24 15:17:49.137,"78 km WNW of Candelaria, Argentina",4.6,136.761,-66.6227,-31.8581,earthquake,,0,reviewed,",us7000k3gx,",15,5,2,2.0449108333333332,MEDIUM,1,0,0.45999999999999996,0.8046271428571429,5.713881428571428
2023-07-22 15:31:42.107,"158 km WSW of Fakfak, Indonesia",4.5,31.693,130.9006,-3.2059,earthquake,,0,reviewed,",us6000kwvj,",15,7,5,0.46948694444444444,MEDIUM,1,0,0.45,0.9547242857142857,6.114172857142856
2017-02-10 04:49:01.850,"75 km SE of Farkh?r, Afghanistan",4.6,115.93,70.4511,36.0949,earthquake,,0,reviewed,",us20008iua,",4,2,4,1.835136111111111,MEDIUM,1,0,0.45999999999999996,0.8343857142857143,5.803157142857143
2015-10-20 18:32:33.100,"35 km SSE of Istaravshan, Tajikistan",4.5,20.9,69.1746,39.6217,earthquake,,0,reviewed,",us10003pyt,",18,10,1,2.8362,MEDIUM,1,0,0.45,0.9701428571428572,6.160428571428572
2016-03-01 18:45:22.500,"116 km E of Port-Olry, Vanuatu",4.6,20.91,168.1588,-15.0732,earthquake,,0,reviewed,",us10004uq5,",18,3,1,0.24624722222222223,MEDIUM,1,0,0.45999999999999996,0.9701285714285715,6.210385714285715
2021-03-13 12:57:30.396,Kermadec Islands region,4.6,10.0,-176.9015,-28.71,earthquake,,0,reviewed,",us7000dj2z,",12,3,5,1.000558611111111,MEDIUM,1,1,0.45999999999999996,0.9857142857142858,6.257142857142856
2022-04-18 15:38:22.520,"151 km ESE of Sarangani, Philippines",4.5,47.5,126.751,4.9483,earthquake,,0,reviewed,",us6000hfns,",15,4,0,0.11164583333333333,MEDIUM,1,0,0.45,0.9321428571428572,6.046428571428572
2015-04-28 05:11:02.230,"138 km NE of Tual, Indonesia",4.5,15.61,133.7716,-4.9106,earthquake,,0,reviewed,",us200029sh,",5,4,1,0.12689444444444445,MEDIUM,1,0,0.45,0.9777,6.1831000000000005
2017-06-14 07:53:18.560,south of the Fiji Islands,4.7,495.42,179.7997,-25.0801,earthquake,,0,reviewed,",us20009nqj,",7,6,2,0.010036111111111112,MEDIUM,1,0,0.47000000000000003,0.2922571428571429,4.226771428571428
2018-04-18 12:50:09.140,southern Mid-Atlantic Ridge,5.1,10.0,-13.2875,-24.8006,earthquake,,0,reviewed,",us2000e23a,",12,4,2,0.8469416666666666,MEDIUM,1,0,0.51,0.9857142857142858,6.507142857142857
2018-08-18 16:41:53.060,"76 km SE of Kuril’sk, Russia",4.6,70.34,148.6014,44.7627,earthquake,,0,reviewed,",us1000gccn,",16,8,5,4.634316666666667,MEDIUM,1,0,0.45999999999999996,0.8995142857142857,5.998542857142857
2016-10-07 20:24:50.760,"235 km NNE of Fais, Micronesia",4.6,35.0,141.5054,11.6584,earthquake,,0,reviewed,",us20007dvv,",20,10,4,0.5973388888888889,MEDIUM,1,0,0.45999999999999996,0.95,6.149999999999999
2020-06-25 20:29:39.466,"277 km SE of Hotan, China",4.9,10.0,82.4619,35.6587,earthquake,,0,reviewed,",us7000abky,",20,6,3,0.2254363888888889,MEDIUM,1,0,0.49000000000000005,0.9857142857142858,6.407142857142857
2020-01-17 03:19:27.585,"58 km W of Vallenar, Chile",4.5,35.0,-71.3603,-28.5996,earthquake,,0,reviewed,",us700071g0,",3,1,4,1.1394691666666668,MEDIUM,1,0,0.45,0.95,6.1
2016-08-21 00:03:06.830,South Georgia Island region,4.5,10.0,-31.1975,-55.1494,earthquake,,0,reviewed,",us20006txc,",0,8,6,1.492775,MEDIUM,1,0,0.45,0.9857142857142858,6.207142857142856
2017-04-17 21:14:29.410,"44 km SE of Tocopilla, Chile",4.5,63.8,-69.8948,-22.3842,earthquake,,0,reviewed,",us10008ifs,",21,4,0,2.0004666666666666,MEDIUM,1,0,0.45,0.9088571428571428,5.976571428571428
2016-08-12 18:20:12.230,"39 km W of Waingapu, Indonesia",5.4,48.88,119.9051,-9.6475,earthquake,,0,reviewed,",us10006dd8,iscgem609329878,",18,8,4,0.3196916666666667,MEDIUM,1,0,0.54,0.9301714285714285,6.490514285714285
2022-06-05 22:00:20.504,"138 km SW of Gataivai, Samoa",4.5,10.0,-173.2621,-14.6862,earthquake,,0,reviewed,",us7000hg8u,",22,6,6,5.418271388888888,MEDIUM,1,1,0.45,0.9857142857142858,6.207142857142856
2015-02-27 16:24:50.560,"187 km N of Saipan, Northern Mariana Islands",5.7,20.09,145.8303,16.9041,earthquake,green,0,reviewed,",usc000ttnw,iscgem606755385,",16,2,4,0.9482944444444444,MEDIUM,1,0,0.5700000000000001,0.9713,6.7639
2023-12-22 01:41:54.871,"216 km SSW of Pelabuhanratu, Indonesia",4.7,10.0,105.5688,-8.6868,earthquake,,0,reviewed,",us7000lkse,",1,12,4,0.5059675,MEDIUM,1,0,0.47000000000000003,0.9857142857142858,6.307142857142857
2023-05-19 04:33:08.520,southeast of the Loyalty Islands,5.1,35.908,170.5591,-23.22,earthquake,,0,reviewed,",us6000kd23,",4,5,4,0.06969388888888889,MEDIUM,1,0,0.51,0.9487028571428572,6.396108571428572
2018-05-22 20:11:02.840,"46 km N of Shimokizukuri, Japan",4.6,151.89,140.3652,41.2337,earthquake,,0,reviewed,",us1000ea4r,",20,5,1,0.5436916666666667,MEDIUM,1,0,0.45999999999999996,0.7830142857142858,5.649042857142858
2024-12-14 22:08:20.801,south of the Kermadec Islands,4.9,10.0,-178.4204,-33.3155,earthquake,,0,reviewed,",us7000nyxd,",22,12,5,0.34091999999999995,MEDIUM,1,1,0.49000000000000005,0.9857142857142858,6.407142857142857
2019-08-12 10:35:28.468,"80 km NW of Queenstown, New Zealand",5.4,10.0,167.9051,-44.5471,earthquake,green,0,reviewed,",us600053z3,",10,8,0,2.0679688888888887,MEDIUM,1,0,0.54,0.9857142857142858,6.657142857142857
2023-05-20 11:02:31.076,southeast of the Loyalty Islands,4.7,10.0,170.4765,-22.9527,earthquake,,0,reviewed,",us7000k3z5,",11,5,5,1.253936388888889,MEDIUM,1,0,0.47000000000000003,0.9857142857142858,6.307142857142857
2016-03-06 00:05:02.810,"203 km W of Ad Darb, Saudi Arabia",4.5,10.0,40.3383,17.9024,earthquake,,0,reviewed,",us10004vkr,",0,3,6,2.0543694444444442,MEDIUM,1,0,0.45,0.9857142857142858,6.207142857142856
2021-10-18 07:03:49.081,"118 km N of Tobelo, Indonesia",4.6,150.07,128.1005,2.8002,earthquake,,0,reviewed,",us6000fvk9,",7,10,0,0.6592855555555556,MEDIUM,1,0,0.45999999999999996,0.7856142857142857,5.656842857142856
2023-02-04 12:22:37.925,"42 km ESE of Kainantu, Papua New Guinea",5.8,121.0,146.2298,-6.4048,earthquake,green,0,reviewed,",us6000jlds,usauto6000jlds,pt23035000,",12,2,5,0.5049663888888889,MEDIUM,1,0,0.58,0.8271428571428572,6.381428571428572
2020-11-14 22:57:27.313,"104 km WNW of Naha, Japan",4.9,104.18,126.7257,26.6095,earthquake,,0,reviewed,",us7000cf3i,",22,11,5,1.9723602777777778,MEDIUM,1,0,0.49000000000000005,0.8511714285714286,6.003514285714285
2015-01-11 16:34:55.460,"17 km W of Puerto Armuelles, Panama",4.5,23.22,-83.0206,8.2571,earthquake,,0,reviewed,",usc000tibp,",16,1,6,0.4584972222222222,MEDIUM,1,0,0.45,0.9668285714285715,6.150485714285714
2022-09-26 23:02:56.679,"167 km ESE of Kokopo, Papua New Guinea",4.6,11.168,153.7334,-4.7143,earthquake,,0,reviewed,",us6000ipqp,",23,9,0,0.31531305555555555,MEDIUM,1,0,0.45999999999999996,0.9840457142857143,6.252137142857142
2024-12-20 03:49:40.776,west of Macquarie Island,4.5,10.0,147.3108,-57.123,earthquake,,0,reviewed,",us6000phi3,",3,12,4,3.5692580555555553,MEDIUM,1,0,0.45,0.9857142857142858,6.207142857142856
2017-03-31 10:40:42.820,"160 km E of Hirara, Japan",4.9,15.2,126.8909,24.8237,earthquake,,0,reviewed,",us10008dhj,",10,3,4,0.2791444444444444,MEDIUM,1,0,0.49000000000000005,0.9782857142857143,6.384857142857143
2024-12-11 01:43:31.246,"138 km ENE of Hihifo, Tonga",4.5,10.0,-172.5485,-15.6268,earthquake,,0,reviewed,",us6000ph1q,",1,12,2,0.29199583333333334,MEDIUM,1,1,0.45,0.9857142857142858,6.207142857142856
2015-11-30 05:42:36.710,"108 km ENE of Naze, Japan",4.7,10.0,130.5664,28.5802,earthquake,,0,reviewed,",us1000423c,",5,11,0,0.8607888888888889,MEDIUM,1,0,0.47000000000000003,0.9857142857142858,6.307142857142857
2024-01-02 06:57:54.621,"11 km WSW of Anamizu, Japan",4.8,10.0,136.7831,37.1828,earthquake,,0,reviewed,",us6000m13h,",6,1,1,1.0334891666666668,MEDIUM,1,0,0.48,0.9857142857142858,6.357142857142857
2020-06-24 12:14:52.847,"198 km WNW of Panguna, Papua New Guinea",4.9,10.0,153.7679,-5.7939,earthquake,,0,reviewed,",us6000ahrw,",12,6,2,1.6944980555555555,MEDIUM,1,0,0.49000000000000005,0.9857142857142858,6.407142857142857
2021-09-24 01:59:53.721,"27 km SSW of La Esperanza (El Zapotal), Mexico",4.9,78.58,-93.2448,15.2105,earthquake,,0,reviewed,",us7000fdyg,",1,9,4,0.15893555555555555,MEDIUM,1,0,0.49000000000000005,0.8877428571428572,6.1132285714285715
2021-08-15 05:49:11.828,South Sandwich Islands region,5.1,50.64,-25.1106,-58.6137,earthquake,,0,reviewed,",us6000f6gh,",5,8,6,0.15256666666666666,MEDIUM,1,0,0.51,0.9276571428571428,6.332971428571429
2024-03-17 15:28:12.611,"77 km SW of Atiquipa, Peru",4.6,10.0,-74.9577,-16.1941,earthquake,,0,reviewed,",us6000mjg7,",15,3,6,4.298867777777778,MEDIUM,1,0,0.45999999999999996,0.9857142857142858,6.257142857142856
2023-10-06 06:54:34.820,"Izu Islands, Japan region",4.7,10.0,139.7779,30.1326,earthquake,,0,reviewed,",us6000lesf,",6,10,4,1.0868769444444444,MEDIUM,1,0,0.47000000000000003,0.9857142857142858,6.307142857142857
2018-05-23 21:32:08.030,"50 km NNE of Norsup, Vanuatu",4.5,130.66,167.6521,-15.6782,earthquake,,0,reviewed,",us1000ec3c,",21,5,2,4.333138888888889,MEDIUM,1,0,0.45,0.8133428571428571,5.690028571428572
2017-01-19 23:04:21.150,"65 km W of Kirakira, Solomon Islands",6.5,36.0,161.3355,-10.3506,earthquake,green,1,reviewed,",us10007u7n,pt17019050,at00ok1ura,iscgem615190385,",23,1,3,0.15694444444444444,HIGH,0,0,0.65,0.9485714285714286,7.095714285714286
2015-07-15 07:09:17.550,"185 km SSE of Shimoda, Japan",4.6,17.61,139.5008,33.069,earthquake,,0,reviewed,",us10002xwl,",7,7,2,0.022808333333333333,MEDIUM,1,0,0.45999999999999996,0.9748428571428571,6.2245285714285705
2022-03-11 09:46:27.320,"56 km NW of Nuku‘alofa, Tonga",4.9,10.0,-175.5835,-20.7721,earthquake,,0,reviewed,",us6000h3rh,",9,3,4,1.979745,MEDIUM,1,1,0.49000000000000005,0.9857142857142858,6.407142857142857
2023-12-19 03:43:22.060,"Maug Islands region, Northern Mariana Islands",4.6,10.0,145.3771,20.0816,earthquake,,0,reviewed,",us6000m16j,",3,12,1,1.0031541666666666,MEDIUM,1,0,0.45999999999999996,0.9857142857142858,6.257142857142856
2020-06-24 23:19:48.478,south of the Kermadec Islands,4.7,10.0,-178.4473,-33.9165,earthquake,,0,reviewed,",us7000aai3,",23,6,2,0.12776805555555554,MEDIUM,1,1,0.47000000000000003,0.9857142857142858,6.307142857142857
2018-05-22 02:24:25.250,"78 km SE of Inarajan Village, Guam",5.2,35.0,145.2942,12.8057,earthquake,,0,reviewed,",us1000e9nq,",2,5,1,1.8755666666666666,MEDIUM,1,0,0.52,0.95,6.449999999999999
2016-05-16 09:19:05.010,"18 km WNW of Aïn Bessem, Algeria",4.7,13.16,3.4758,36.3384,earthquake,,0,reviewed,",us10005hq2,",9,5,0,0.479425,MEDIUM,1,0,0.47000000000000003,0.9812,6.2936
2023-07-25 15:35:05.938,"144 km WNW of Tobelo, Indonesia",5.1,55.246,126.8188,2.2525,earthquake,,0,reviewed,",us7000ki9d,",15,7,1,0.9048758333333333,MEDIUM,1,0,0.51,0.9210771428571428,6.313231428571427
2022-07-04 21:03:56.176,"219 km SE of Port Blair, India",4.9,10.0,94.2481,10.3526,earthquake,,0,reviewed,",us6000hzuu,",21,7,0,0.33543972222222224,MEDIUM,1,0,0.49000000000000005,0.9857142857142858,6.407142857142857
2023-12-03 21:57:11.415,"13 km ENE of Bacolod, Philippines",4.5,59.477,126.397,8.9968,earthquake,,0,reviewed,",us7000lhed,",21,12,6,0.15911916666666664,MEDIUM,1,0,0.45,0.9150328571428572,5.995098571428571
2017-01-04 01:06:10.880,"127 km W of Port-Vila, Vanuatu",5.6,22.1,167.1235,-17.8694,earthquake,green,0,reviewed,",us10007pkn,iscgem609975350,",1,1,2,0.035949999999999996,MEDIUM,1,0,0.5599999999999999,0.9684285714285714,6.705285714285713
2020-01-13 03:05:20.480,"3 km S of Indios, Puerto Rico",4.5,9.0,-66.8131,17.9638,earthquake,green,0,reviewed,",pt20013001,us70006z0c,pr2020013001,",3,1,0,0.2967577777777778,MEDIUM,1,0,0.45,0.9871428571428571,6.211428571428571
2020-08-13 04:27:59.201,"211 km N of Shi Yomi, India",4.9,10.0,94.7198,30.4144,earthquake,,0,reviewed,",us6000bdty,",4,8,3,1.30797,MEDIUM,1,0,0.49000000000000005,0.9857142857142858,6.407142857142857
2022-10-14 05:08:08.043,Kermadec Islands region,4.8,10.0,-177.9401,-31.6977,earthquake,,0,reviewed,",us6000itkk,",5,10,4,1.3097133333333333,MEDIUM,1,1,0.48,0.9857142857142858,6.357142857142857
2015-01-10 13:52:00.000,"120 km NNW of Constitución, Chile",4.5,29.4,-72.888,-34.316,earthquake,,0,reviewed,",usc000tegq,",13,1,5,0.7567666666666667,MEDIUM,1,0,0.45,0.958,6.124
2021-08-16 11:10:36.583,South Sandwich Islands region,6.9,16.7,-23.3552,-58.3686,earthquake,green,1,reviewed,",us6000f6wt,pt21228001,at00qxxj1v,usauto6000f6wt,",11,8,0,0.5856233333333334,HIGH,0,0,0.6900000000000001,0.9761428571428572,7.378428571428572
2021-08-15 23:44:45.563,South Sandwich Islands region,4.5,35.0,-27.4547,-60.148,earthquake,,0,reviewed,",us7000f49g,",23,8,6,0.2974013888888889,MEDIUM,1,0,0.45,0.95,6.1
2022-06-08 04:39:19.425,"Merida, Venezuela",4.5,10.0,-71.4059,8.6017,earthquake,,0,reviewed,",us7000hftl,",4,6,2,2.764014166666666,MEDIUM,1,0,0.45,0.9857142857142858,6.207142857142856
2022-04-05 15:37:20.284,"50 km WSW of Sola, Vanuatu",4.5,159.72,167.1388,-14.0979,earthquake,,0,reviewed,",us7000h0qy,",15,4,1,0.5573,MEDIUM,1,0,0.45,0.7718285714285714,5.565485714285714
2021-09-24 09:44:27.870,"52 km WSW of Jiquilillo, Nicaragua",4.6,35.0,-87.8937,12.5451,earthquake,,0,reviewed,",us7000fe12,",9,9,4,1.7809766666666667,MEDIUM,1,0,0.45999999999999996,0.95,6.149999999999999
2017-07-15 20:30:17.110,"23 km WSW of Néa Anatolí, Greece",5.3,9.93,25.4294,34.925,earthquake,,0,reviewed,",us20009wn5,iscgem616640104,",20,7,5,3.5663777777777774,MEDIUM,1,0,0.53,0.9858142857142858,6.607442857142857
2017-07-27 17:53:24.610,North Atlantic Ocean,6.0,10.0,-49.3259,13.396,earthquake,green,0,reviewed,",us2000a1uk,iscgem611834489,",17,7,3,3.854702777777778,HIGH,0,0,0.6,0.9857142857142858,6.957142857142856
2023-12-30 15:00:11.442,"110 km SE of Lata, Solomon Islands",5.0,155.602,166.415,-11.5203,earthquake,,0,reviewed,",us6000m0mg,",15,12,5,4.247959444444445,MEDIUM,1,0,0.5,0.7777114285714286,5.833134285714285
2020-01-09 10:11:11.245,"Chukotskiy Avtonomnyy Okrug, Russia",4.9,10.0,171.0177,62.2323,earthquake,,0,reviewed,",us70006wv3,",10,1,3,0.23987916666666667,MEDIUM,1,0,0.49000000000000005,0.9857142857142858,6.407142857142857
2017-02-12 23:42:39.630,"190 km W of Panguna, Papua New Guinea",4.5,35.0,153.7646,-6.353,earthquake,,0,reviewed,",us20008lii,",23,2,6,1.6206083333333332,MEDIUM,1,0,0.45,0.95,6.1
2021-08-13 20:37:15.544,South Sandwich Islands region,4.7,42.63,-26.3851,-59.7298,earthquake,,0,reviewed,",us7000f35r,",20,8,4,0.19682999999999998,MEDIUM,1,0,0.47000000000000003,0.9391,6.1673
2021-10-17 02:32:07.578,"86 km S of Koshima, Japan",5.1,24.62,130.6225,29.4559,earthquake,,0,reviewed,",us6000fvc3,",2,10,6,0.019544166666666665,MEDIUM,1,0,0.51,0.9648285714285714,6.4444857142857135
2019-01-13 01:20:16.040,"230 km NNE of Tobelo, Indonesia",5.0,10.0,128.7477,3.6734,earthquake,,0,reviewed,",us2000j3et,",1,1,6,0.06591944444444445,MEDIUM,1,0,0.5,0.9857142857142858,6.457142857142857
2017-10-02 21:37:57.060,"163 km NNE of Wé, New Caledonia",5.0,10.0,167.6746,-19.4934,earthquake,,0,reviewed,",us2000aya0,",21,10,0,0.29533611111111113,MEDIUM,1,0,0.5,0.9857142857142858,6.457142857142857
2016-02-28 06:00:41.150,"146 km E of Kokopo, Papua New Guinea",4.8,101.13,153.5912,-4.4075,earthquake,,0,reviewed,",us10004t9y,",6,2,6,1.5219888888888888,MEDIUM,1,0,0.48,0.8555285714285714,5.9665857142857135
2023-12-03 14:54:09.941,"31 km ENE of Barcelona, Philippines",5.1,73.552,126.689,8.2957,earthquake,,0,reviewed,",us7000lfwn,",14,12,6,0.042999166666666665,MEDIUM,1,0,0.51,0.8949257142857143,6.234777142857143
2023-04-04 14:43:29.285,"116 km E of Gigmoto, Philippines",4.7,10.0,125.47,13.7291,earthquake,,0,reviewed,",us6000k1xu,",14,4,1,1.134703611111111,MEDIUM,1,0,0.47000000000000003,0.9857142857142858,6.307142857142857
2021-08-13 06:29:39.859,South Sandwich Islands region,4.6,35.0,-25.2292,-58.6896,earthquake,,0,reviewed,",us7000f37e,",6,8,4,0.05667222222222223,MEDIUM,1,0,0.45999999999999996,0.95,6.149999999999999
2018-04-17 15:40:37.410,"39 km NW of Abra Pampa, Argentina",4.8,243.19,-65.9932,-22.4929,earthquake,,0,reviewed,",us1000dpcy,",15,4,1,0.9985083333333333,MEDIUM,1,0,0.48,0.6525857142857143,5.357757142857142
2015-09-19 22:41:50.270,"70 km WSW of Merizo Village, Guam",4.5,122.15,144.0479,13.091,earthquake,,0,reviewed,",us20003m19,",22,9,5,0.8553111111111111,MEDIUM,1,0,0.45,0.8255,5.7265
2020-09-08 17:57:56.205,Easter Island region,4.8,10.0,-111.7756,-24.4542,earthquake,,0,reviewed,",us7000blw3,",17,9,1,2.1978602777777776,MEDIUM,1,0,0.48,0.9857142857142858,6.357142857142857
2017-04-27 06:24:20.020,south of the Kermadec Islands,4.7,17.95,-178.9504,-32.3201,earthquake,,0,reviewed,",us10008ntl,",6,4,3,1.10475,MEDIUM,1,1,0.47000000000000003,0.9743571428571428,6.273071428571429
2017-12-29 23:00:57.990,southern East Pacific Rise,5.0,10.0,-118.4953,-52.8545,earthquake,,0,reviewed,",us2000ciyi,",23,12,4,0.8153722222222223,MEDIUM,1,0,0.5,0.9857142857142858,6.457142857142857
2017-02-28 21:19:42.090,"41 km ENE of Amberley, New Zealand",4.5,9.38,173.2034,-43.0259,earthquake,,0,reviewed,",us100085tp,",21,2,1,0.1961,MEDIUM,1,0,0.45,0.9866,6.2097999999999995
2019-10-06 02:14:09.190,"129 km N of Nago, Japan",4.6,10.0,128.1791,27.7744,earthquake,,0,reviewed,",us70005ud3,",2,10,6,0.573498611111111,MEDIUM,1,0,0.45999999999999996,0.9857142857142858,6.257142857142856
2017-11-04 21:08:23.570,"88 km E of Tadine, New Caledonia",4.9,10.0,168.7372,-21.5831,earthquake,,0,reviewed,",us2000bile,",21,11,5,0.04435833333333333,MEDIUM,1,0,0.49000000000000005,0.9857142857142858,6.407142857142857
2021-02-10 10:15:34.561,"210 km SSW of Bengkulu, Indonesia",5.2,10.0,101.6854,-5.6093,earthquake,,0,reviewed,",us6000dg6a,",10,2,2,0.2060091666666667,MEDIUM,1,0,0.52,0.9857142857142858,6.557142857142857
2020-07-06 07:34:08.929,"234 km NNW of Tobelo, Indonesia",4.5,10.0,126.9811,3.5844,earthquake,,0,reviewed,",us7000aleq,",7,7,0,1.3539116666666668,MEDIUM,1,0,0.45,0.9857142857142858,6.207142857142856
2022-11-03 09:04:57.402,South Sandwich Islands region,4.9,91.459,-27.0548,-56.457,earthquake,,0,reviewed,",us7000im53,",9,11,3,1.3343808333333333,MEDIUM,1,0,0.49000000000000005,0.8693442857142857,6.058032857142857
2015-07-04 04:23:50.680,"46 km SE of ?funato, Japan",4.8,23.99,142.0482,38.7407,earthquake,,0,reviewed,",us10002nd9,",4,7,5,0.3959972222222222,MEDIUM,1,0,0.48,0.9657285714285714,6.297185714285714
2016-11-26 06:35:55.970,South Sandwich Islands region,4.8,33.61,-25.4586,-56.8453,earthquake,,0,reviewed,",us10007edl,",6,11,5,1.6879916666666668,MEDIUM,1,0,0.48,0.9519857142857143,6.2559571428571425
2023-02-26 21:42:13.912,"103 km NNW of Aksu, China",4.9,10.0,79.9463,42.0818,earthquake,,0,reviewed,",us6000jrss,",21,2,6,0.11970583333333333,MEDIUM,1,0,0.49000000000000005,0.9857142857142858,6.407142857142857
2016-11-17 00:58:12.240,"7 km ENE of Bacolod, Philippines",4.9,65.79,126.3539,8.948,earthquake,,0,reviewed,",us1000795d,",0,11,3,1.743236111111111,MEDIUM,1,0,0.49000000000000005,0.9060142857142857,6.168042857142857
2022-01-23 19:47:53.515,South Sandwich Islands region,4.7,59.2,-26.3973,-60.0266,earthquake,,0,reviewed,",us7000geie,",19,1,6,0.61983,MEDIUM,1,0,0.47000000000000003,0.9154285714285715,6.096285714285714
2020-01-29 21:45:34.496,"118 km SE of Lhasa, China",4.5,10.0,91.7966,28.7675,earthquake,,0,reviewed,",us60007jiz,",21,1,2,0.8657230555555556,MEDIUM,1,0,0.45,0.9857142857142858,6.207142857142856
2016-05-04 15:20:56.630,"144 km W of Sorong, Indonesia",4.9,30.85,129.9811,-0.6403,earthquake,,0,reviewed,",us10005dn1,iscgem608636727,",15,5,2,0.7424638888888888,MEDIUM,1,0,0.49000000000000005,0.9559285714285715,6.317785714285714
2017-02-18 07:04:18.230,northern Mid-Atlantic Ridge,4.6,10.0,-44.6236,26.3261,earthquake,,0,reviewed,",us20008kmm,",7,2,5,0.04728333333333333,MEDIUM,1,0,0.45999999999999996,0.9857142857142858,6.257142857142856
2021-05-16 07:40:26.045,"153 km SSW of Kokopo, Papua New Guinea",4.8,35.0,151.7329,-5.619,earthquake,,0,reviewed,",us7000e3ic,",7,5,6,0.19227166666666667,MEDIUM,1,0,0.48,0.95,6.249999999999999
2021-08-12 22:54:48.199,South Sandwich Islands region,4.5,10.0,-24.4374,-58.2745,earthquake,,0,reviewed,",us6000f8z5,",22,8,3,0.017749722222222222,MEDIUM,1,0,0.45,0.9857142857142858,6.207142857142856
2016-06-26 14:18:42.800,"196 km SW of Merizo Village, Guam",5.4,10.0,143.3417,12.0567,earthquake,green,0,reviewed,",us200066yg,gcmt20160626141843,",14,6,6,1.069225,MEDIUM,1,0,0.54,0.9857142857142858,6.657142857142857
2015-09-16 00:23:18.740,south of the Kermadec Islands,4.5,10.0,-178.5963,-32.9588,earthquake,,0,reviewed,",us10003irr,",0,9,2,0.2617888888888889,MEDIUM,1,1,0.45,0.9857142857142858,6.207142857142856
2023-02-13 19:20:27.970,Central Turkey,4.6,7.437,36.42,38.0051,earthquake,,0,reviewed,",us6000jnmc,",19,2,0,0.6941255555555556,MEDIUM,1,0,0.45999999999999996,0.9893757142857142,6.268127142857142
2024-04-03 05:24:14.865,"69 km NNW of Kandrian, Papua New Guinea",4.6,173.825,149.4168,-5.5898,earthquake,,0,reviewed,",us7000mbg2,",5,4,2,0.435535,MEDIUM,1,0,0.45999999999999996,0.7516785714285714,5.555035714285714
2021-02-04 23:57:26.370,"191 km SE of Alo, Wallis and Futuna",4.7,10.0,-176.9812,-15.6508,earthquake,,0,reviewed,",us6000dgpw,",23,2,3,0.05948305555555556,MEDIUM,1,1,0.47000000000000003,0.9857142857142858,6.307142857142857
2016-08-19 10:27:14.020,South Georgia Island region,4.5,10.0,-31.552,-55.5103,earthquake,,0,reviewed,",us10006giz,",10,8,4,0.15126666666666666,MEDIUM,1,0,0.45,0.9857142857142858,6.207142857142856
2022-09-19 07:28:11.692,Azores Islands region,4.5,10.0,-29.3906,40.9194,earthquake,,0,reviewed,",us7000ib4p,",7,9,0,0.15927249999999998,MEDIUM,1,0,0.45,0.9857142857142858,6.207142857142856
2019-08-25 12:48:46.843,"42 km SW of Kroya, Indonesia",4.5,103.77,108.9742,-7.9083,earthquake,,0,reviewed,",us700057z8,",12,8,6,5.541039444444444,MEDIUM,1,0,0.45,0.8517571428571429,5.805271428571428
2023-08-25 22:37:57.100,south of the Kermadec Islands,4.6,29.418,-178.9634,-32.6261,earthquake,,0,reviewed,",us7000kse5,",22,8,4,0.037893055555555555,MEDIUM,1,1,0.45999999999999996,0.9579742857142857,6.173922857142856
2016-02-03 16:05:12.140,"3 km SW of Bolila, Philippines",4.6,66.96,125.5448,6.35,earthquake,,0,reviewed,",us20004wtr,",16,2,2,4.178280555555555,MEDIUM,1,0,0.45999999999999996,0.9043428571428571,6.0130285714285705
2022-03-22 18:03:48.449,"68 km SSW of Hualien City, Taiwan",4.6,23.65,121.4355,23.3766,earthquake,,0,reviewed,",us7000gxbz,",18,3,1,0.04614361111111111,MEDIUM,1,0,0.45999999999999996,0.9662142857142857,6.198642857142857
2017-02-25 14:00:31.710,"45 km W of Chilecito, Argentina",4.8,103.9,-67.9683,-29.1774,earthquake,,0,reviewed,",us20008meg,",14,2,5,0.5976944444444444,MEDIUM,1,0,0.48,0.8515714285714285,5.954714285714285
2023-08-09 03:10:37.392,"113 km WNW of Hihifo, Tonga",4.5,191.845,-174.7069,-15.4259,earthquake,,0,reviewed,",us7000knym,",3,8,2,2.222039722222222,MEDIUM,1,1,0.45,0.7259357142857144,5.427807142857143
2021-02-12 11:57:22.158,southeast of the Loyalty Islands,4.5,35.0,170.7928,-22.1916,earthquake,,0,reviewed,",us6000djam,",11,2,4,0.1915213888888889,MEDIUM,1,0,0.45,0.95,6.1
2023-08-09 00:09:21.483,Southwest Indian Ridge,4.6,10.0,60.0727,-30.5992,earthquake,,0,reviewed,",us7000knyl,",0,8,2,0.4458575,MEDIUM,1,0,0.45999999999999996,0.9857142857142858,6.257142857142856
2016-09-29 23:29:26.060,"156 km ESE of Katsuura, Japan",4.5,22.33,141.7757,34.4068,earthquake,,0,reviewed,",us20007di6,",23,9,3,0.14009722222222223,MEDIUM,1,0,0.45,0.9681,6.154299999999999
2019-12-09 08:19:04.828,"82 km WNW of San Antonio de los Cobres, Argentina",4.5,221.52,-67.0896,-23.9833,earthquake,,0,reviewed,",us60006p5f,",8,12,0,0.9686266666666666,MEDIUM,1,0,0.45,0.6835428571428571,5.300628571428572
2017-10-21 20:25:26.460,"Kepulauan Babar, Indonesia",5.1,10.0,129.7435,-8.1338,earthquake,,0,reviewed,",iscgem616640481,us1000avbq,",20,10,5,1.705625,MEDIUM,1,0,0.51,0.9857142857142858,6.507142857142857
2024-11-07 20:06:29.569,"Volcano Islands, Japan region",4.5,10.0,142.7163,25.405,earthquake,,0,reviewed,",us7000nqhs,",20,11,3,0.20986027777777777,MEDIUM,1,0,0.45,0.9857142857142858,6.207142857142856
2022-09-27 16:47:54.842,Reykjanes Ridge,4.6,10.0,-35.2374,53.8291,earthquake,,0,reviewed,",us6000iqh8,",16,9,1,0.04441611111111111,MEDIUM,1,0,0.45999999999999996,0.9857142857142858,6.257142857142856
2017-10-18 16:50:04.120,"51 km ESE of Ichinohe, Japan",4.6,32.81,141.8815,40.1166,earthquake,,0,reviewed,",us1000awpr,",16,10,2,0.09137222222222222,MEDIUM,1,0,0.45999999999999996,0.9531285714285714,6.159385714285714
2021-01-03 08:45:03.419,"11 km NNE of Larsen Bay, Alaska",4.9,59.6,-153.9182,57.6374,earthquake,green,1,reviewed,",ak02153n5s1,at00qmcob2,us6000d578,",8,1,6,2.0426330555555556,MEDIUM,1,0,0.49000000000000005,0.9148571428571428,6.194571428571428
2015-09-13 14:08:20.130,Carlsberg Ridge,4.7,10.0,56.9329,10.3747,earthquake,,0,reviewed,",us20003j5s,",14,9,6,0.7925861111111111,MEDIUM,1,0,0.47000000000000003,0.9857142857142858,6.307142857142857
2022-06-21 17:58:48.557,South Sandwich Islands region,4.5,10.0,-24.9301,-58.5298,earthquake,,0,reviewed,",us7000hjz4,",17,6,1,1.3374444444444444,MEDIUM,1,0,0.45,0.9857142857142858,6.207142857142856
2020-01-20 05:26:19.710,"3 km SW of Tallaboa, Puerto Rico",4.5,7.0,-66.7408,17.977,earthquake,green,0,reviewed,",pt20020002,us60007b4l,pr2020020003,",5,1,0,0.919068611111111,MEDIUM,1,0,0.45,0.99,6.22
2016-09-23 12:04:51.220,"149 km ESE of ?hara, Japan",4.9,10.0,141.7975,34.5504,earthquake,,0,reviewed,",us10006rzc,",12,9,4,0.9994222222222222,MEDIUM,1,0,0.49000000000000005,0.9857142857142858,6.407142857142857
2021-04-19 11:39:38.585,"111 km NNW of Lorengau, Papua New Guinea",4.5,10.0,146.9964,-1.0632,earthquake,,0,reviewed,",us6000e417,",11,4,0,0.06195305555555556,MEDIUM,1,0,0.45,0.9857142857142858,6.207142857142856
2015-12-11 02:58:12.440,"117 km WNW of Neiafu, Tonga",4.5,166.73,-174.9679,-18.1517,earthquake,,0,reviewed,",us20004gb8,",2,12,4,6.513808333333333,MEDIUM,1,1,0.45,0.7618142857142858,5.535442857142857
2017-04-04 14:44:21.440,"4 km SSE of Ilihan, Philippines",4.9,10.0,121.0822,13.5884,earthquake,,0,reviewed,",us10008ebn,",14,4,1,0.06040277777777778,MEDIUM,1,0,0.49000000000000005,0.9857142857142858,6.407142857142857
2015-05-26 16:38:27.740,"90 km NNW of Insrom, Indonesia",5.1,10.0,135.7242,-0.3871,earthquake,,0,reviewed,",us10002c8d,iscgem607265561,",16,5,1,2.3791083333333334,MEDIUM,1,0,0.51,0.9857142857142858,6.507142857142857
2024-04-26 08:37:54.174,"158 km SSW of Puerto El Triunfo, El Salvador",4.7,10.0,-89.2165,12.0041,earthquake,,0,reviewed,",us6000mtxr,",8,4,4,0.8906622222222222,MEDIUM,1,0,0.47000000000000003,0.9857142857142858,6.307142857142857
2020-06-29 15:05:07.876,southern Mid-Atlantic Ridge,4.9,10.0,-16.1704,-41.8196,earthquake,,0,reviewed,",us7000ahgp,",15,6,0,0.1993463888888889,MEDIUM,1,0,0.49000000000000005,0.9857142857142858,6.407142857142857
2018-12-07 07:10:26.360,"230 km ESE of Tadine, New Caledonia",4.6,10.0,169.9446,-22.3327,earthquake,,0,reviewed,",us2000it9p,",7,12,4,0.23676388888888888,MEDIUM,1,0,0.45999999999999996,0.9857142857142858,6.257142857142856
2024-07-22 06:06:32.599,"94 km E of Luganville, Vanuatu",4.5,10.0,168.038,-15.4482,earthquake,,0,reviewed,",us6000ni7c,",6,7,0,0.16924277777777777,MEDIUM,1,0,0.45,0.9857142857142858,6.207142857142856
2022-03-30 06:02:24.958,South Sandwich Islands region,5.2,35.0,-25.4204,-58.095,earthquake,,0,reviewed,",us7000gyb8,",6,3,2,0.7910211111111111,MEDIUM,1,0,0.52,0.95,6.449999999999999
2017-04-15 15:09:54.190,"104 km SE of Kirakira, Solomon Islands",4.6,41.8,162.6271,-11.0945,earthquake,,0,reviewed,",us10008hws,",15,4,5,3.114866666666667,MEDIUM,1,0,0.45999999999999996,0.9402857142857143,6.120857142857142
2017-06-10 00:43:59.150,"98 km SW of Port-Vila, Vanuatu",4.8,21.82,167.7943,-18.4728,earthquake,,0,reviewed,",us20009lnn,",0,6,5,1.3622722222222223,MEDIUM,1,0,0.48,0.9688285714285714,6.306485714285714
2017-12-16 00:22:30.840,"101 km SW of Banjar, Indonesia",5.2,44.0,106.8195,-7.8842,earthquake,,0,reviewed,",us2000c551,",0,12,5,1.1511722222222223,MEDIUM,1,0,0.52,0.9371428571428572,6.411428571428571
2023-06-02 18:58:51.326,"Jujuy, Argentina",4.6,204.184,-66.8171,-23.4288,earthquake,,0,reviewed,",us7000k5vc,",18,6,4,1.3129641666666667,MEDIUM,1,0,0.45999999999999996,0.7083085714285715,5.424925714285714
2019-12-02 15:46:44.452,"71 km W of Lata, Solomon Islands",4.6,35.0,165.1567,-10.6191,earthquake,,0,reviewed,",us60006q8g,",15,12,0,7.338885833333333,MEDIUM,1,0,0.45999999999999996,0.95,6.149999999999999
2018-12-03 20:05:45.510,Carlsberg Ridge,5.4,10.0,67.2943,-0.4745,earthquake,,0,reviewed,",us1000i1cg,",20,12,0,0.7957777777777778,MEDIUM,1,0,0.54,0.9857142857142858,6.657142857142857
2020-02-27 23:56:20.536,"101 km N of Zhaotong, China",4.6,10.0,103.6297,28.2322,earthquake,,0,reviewed,",us600085pz,",23,2,3,1.595448611111111,MEDIUM,1,0,0.45999999999999996,0.9857142857142858,6.257142857142856
2018-01-24 06:32:44.710,"82 km S of Labuan, Indonesia",4.5,35.03,105.8133,-7.1221,earthquake,,0,reviewed,",us2000cnls,",6,1,2,0.7084750000000001,MEDIUM,1,0,0.45,0.9499571428571428,6.099871428571428
2022-01-29 10:36:05.624,"Kermadec Islands, New Zealand",4.5,10.0,-177.0117,-29.8946,earthquake,,0,reviewed,",us7000ghuv,",10,1,5,0.21821722222222223,MEDIUM,1,1,0.45,0.9857142857142858,6.207142857142856
2016-02-12 22:32:04.330,"32 km NNW of Iquique, Chile",4.8,62.29,-70.3106,-19.9598,earthquake,,0,reviewed,",us20004zv5,",22,2,4,1.2761861111111112,MEDIUM,1,0,0.48,0.9110142857142858,6.133042857142858
2023-02-20 20:13:51.045,"southern Sumatra, Indonesia",4.8,54.981,102.192,-4.2796,earthquake,,0,reviewed,",us6000jqe3,",20,2,0,0.9075777777777778,MEDIUM,1,0,0.48,0.9214557142857143,6.1643671428571425
2023-08-05 04:05:02.805,"80 km S of Inarajan Village, Guam",4.7,30.894,144.8524,12.5494,earthquake,,0,reviewed,",us6000ky13,",4,8,5,0.9827580555555556,MEDIUM,1,0,0.47000000000000003,0.9558657142857143,6.217597142857143
2018-08-19 02:19:18.570,"281 km E of Levuka, Fiji",5.6,606.99,-178.021,-18.0727,earthquake,green,0,reviewed,",us1000giuq,iscgem617456061,",2,8,6,0.007216666666666666,MEDIUM,1,1,0.5599999999999999,0.13287142857142853,4.198614285714285
2017-03-12 09:12:38.540,"62 km S of Puerto San José, Guatemala",4.8,35.0,-90.8093,13.3607,earthquake,,0,reviewed,",us100088hp,",9,3,6,0.6648194444444444,MEDIUM,1,0,0.48,0.95,6.249999999999999
2020-04-17 02:39:02.160,"244 km ENE of Kuril’sk, Russia",4.5,72.26,150.5936,46.3267,earthquake,,0,reviewed,",us70008y36,",2,4,4,0.6878508333333333,MEDIUM,1,0,0.45,0.8967714285714286,5.940314285714285
2020-07-29 14:54:16.879,south of Africa,4.7,10.0,24.6635,-53.4126,earthquake,,0,reviewed,",us6000b986,",14,7,2,1.7518708333333333,MEDIUM,1,0,0.47000000000000003,0.9857142857142858,6.307142857142857
2018-03-30 03:56:49.250,"174 km SSW of Kokopo, Papua New Guinea",4.6,10.0,151.9395,-5.882,earthquake,,0,reviewed,",us2000dvj3,",3,3,4,0.0007805555555555556,MEDIUM,1,0,0.45999999999999996,0.9857142857142858,6.257142857142856
2019-01-09 16:09:58.810,"32 km ESE of Pamandzi, Mayotte",4.9,10.0,45.5606,-12.91,earthquake,,0,reviewed,",us2000j1yx,",16,1,2,0.4244305555555556,MEDIUM,1,0,0.49000000000000005,0.9857142857142858,6.407142857142857
2023-05-02 10:31:53.779,"42 km NNW of Ashkāsham, Afghanistan",4.6,71.425,71.2826,37.0048,earthquake,,0,reviewed,",us7000jxh6,",10,5,1,2.958018888888889,MEDIUM,1,0,0.45999999999999996,0.8979642857142858,5.993892857142857
2022-09-22 06:16:09.459,"55 km SSW of Aguililla, Mexico",6.8,20.0,-102.9554,18.2633,earthquake,yellow,1,reviewed,",pt22265000,at00rillez,us7000ia36,usauto7000ia36,",6,9,3,1.9868344444444446,HIGH,0,0,0.6799999999999999,0.9714285714285714,7.314285714285714
2018-06-27 16:48:59.660,"116 km NE of Amahai, Indonesia",4.7,10.0,129.7298,-2.6777,earthquake,,0,reviewed,",us1000f3fk,",16,6,2,0.6645805555555555,MEDIUM,1,0,0.47000000000000003,0.9857142857142858,6.307142857142857
2022-01-30 11:31:33.583,"174 km S of Sumbawa Besar, Indonesia",4.8,37.22,117.4746,-10.0718,earthquake,,0,reviewed,",us7000ggdy,",11,1,6,0.4001927777777778,MEDIUM,1,0,0.48,0.9468285714285715,6.240485714285714
2022-11-27 21:40:46.163,"134 km SSE of Shizunai-furukawach?, Japan",4.6,48.932,142.8593,41.1763,earthquake,,0,reviewed,",us7000istd,",21,11,6,0.44235222222222226,MEDIUM,1,0,0.45999999999999996,0.9300971428571428,6.090291428571428
2022-08-06 12:23:46.965,"45 km E of ?arai, Japan",5.0,22.83,141.0919,36.2828,earthquake,,0,reviewed,",us6000i8mk,",12,8,5,0.5959294444444444,MEDIUM,1,0,0.5,0.9673857142857143,6.402157142857142
2020-05-04 13:07:48.414,"6 km SE of Hasaki, Japan",5.6,42.42,140.8749,35.6865,earthquake,green,0,reviewed,",us700099s8,",13,5,0,0.5197563888888889,MEDIUM,1,0,0.5599999999999999,0.9394,6.6182
2015-06-06 22:26:56.430,"145 km SSE of Kokopo, Papua New Guinea",4.7,35.0,152.9091,-5.4889,earthquake,,0,reviewed,",us20002mmb,",22,6,5,0.5026277777777778,MEDIUM,1,0,0.47000000000000003,0.95,6.2
2019-08-27 13:39:34.027,south of the Fiji Islands,4.6,537.12,-179.6235,-23.5004,earthquake,,0,reviewed,",us700058rt,",13,8,1,0.6478541666666667,MEDIUM,1,1,0.45999999999999996,0.23268571428571427,3.9980571428571423
2022-12-05 02:31:17.176,Mariana Islands region,5.1,34.871,146.5544,19.2274,earthquake,,0,reviewed,",us6000j6y9,",2,12,0,0.9621444444444444,MEDIUM,1,0,0.51,0.9501842857142857,6.400552857142857
2019-07-12 11:22:43.454,South Sandwich Islands region,5.1,10.0,-27.9107,-54.678,earthquake,,0,reviewed,",us70004ix2,",11,7,4,0.3451611111111111,MEDIUM,1,0,0.51,0.9857142857142858,6.507142857142857
2020-02-08 15:34:55.768,"203 km W of Langlois, Oregon",4.6,10.0,-126.9015,43.2676,earthquake,,0,reviewed,",us70007lj1,",15,2,5,1.0325397222222221,MEDIUM,1,0,0.45999999999999996,0.9857142857142858,6.257142857142856
2017-09-04 21:53:16.200,South Sandwich Islands region,5.0,10.0,-26.0782,-60.6819,earthquake,,0,reviewed,",us2000arng,",21,9,0,0.9086833333333334,MEDIUM,1,0,0.5,0.9857142857142858,6.457142857142857
2015-07-03 01:13:37.340,"115 km NE of Norsup, Vanuatu",4.9,54.02,168.2795,-15.4598,earthquake,,0,reviewed,",us20002ywq,",1,7,4,0.006508333333333333,MEDIUM,1,0,0.49000000000000005,0.9228285714285714,6.218485714285714
2022-09-28 01:45:42.783,Reykjanes Ridge,4.7,10.0,-35.3643,53.8309,earthquake,,0,reviewed,",us6000iqra,",1,9,2,0.03804805555555556,MEDIUM,1,0,0.47000000000000003,0.9857142857142858,6.307142857142857
2016-08-29 11:38:34.280,Pacific-Antarctic Ridge,4.6,15.21,-141.3214,-55.3694,earthquake,,0,reviewed,",us10006jlf,",11,8,0,1.0292833333333333,MEDIUM,1,0,0.45999999999999996,0.9782714285714286,6.234814285714285
2024-07-12 23:18:47.583,"126 km SSE of Itoman, Japan",5.3,10.0,128.1823,25.0886,earthquake,,0,reviewed,",usauto7000myzm,us7000myzm,",23,7,4,0.1911263888888889,MEDIUM,1,0,0.53,0.9857142857142858,6.607142857142857
2019-05-08 12:15:16.781,"93 km S of Luwuk, Indonesia",4.7,10.0,122.6272,-1.7853,earthquake,,0,reviewed,",us70003ia5,",12,5,2,4.611419722222222,MEDIUM,1,0,0.47000000000000003,0.9857142857142858,6.307142857142857
2016-07-02 16:54:54.450,"141 km NE of Hihifo, Tonga",4.7,40.24,-172.9597,-14.9611,earthquake,,0,reviewed,",us10005zhh,",16,7,5,4.982383333333334,MEDIUM,1,1,0.47000000000000003,0.9425142857142857,6.177542857142857
2016-09-07 01:36:49.580,"88 km SSE of Atka, Alaska",4.8,42.06,-173.4949,51.5273,earthquake,,0,reviewed,",ak016bj4pd58,ak13920804,us10006mkv,",1,9,2,0.36625,MEDIUM,1,0,0.48,0.9399142857142857,6.219742857142857
2023-01-09 11:54:04.013,"29 km S of San Jose Village, Northern Mariana Islands",4.6,125.383,145.5814,14.7017,earthquake,,0,reviewed,",us7000j349,",11,1,0,5.4971152777777785,MEDIUM,1,0,0.45999999999999996,0.8208814285714285,5.762644285714286
2024-10-06 17:56:26.452,"117 km S of Akureyri, Iceland",5.1,10.0,-17.8257,64.6359,earthquake,,0,reviewed,",usauto6000nwxc,us6000nwxc,",17,10,6,0.7728280555555556,MEDIUM,1,0,0.51,0.9857142857142858,6.507142857142857
2016-04-11 09:38:15.500,"Pagan region, Northern Mariana Islands",4.5,210.95,145.6984,18.5956,earthquake,,0,reviewed,",us20005jsw,",9,4,0,0.14641944444444444,MEDIUM,1,0,0.45,0.6986428571428571,5.345928571428571
2024-07-05 16:34:05.013,"239 km WSW of Tofino, Canada",5.3,10.0,-129.0625,48.5948,earthquake,,1,reviewed,",us7000mxaz,at00sg5soy,usauto7000mxaz,pt24187000,",16,7,4,1.4841594444444446,MEDIUM,1,0,0.53,0.9857142857142858,6.607142857142857
2022-02-22 00:57:32.602,"110 km W of Mórrope, Peru",4.5,35.0,-81.006,-6.5455,earthquake,,0,reviewed,",us7000gmuw,",0,2,1,1.5552447222222223,MEDIUM,1,0,0.45,0.95,6.1
2016-08-29 10:22:00.690,"142 km SE of Katsuura, Japan",4.6,39.1,141.5571,34.3672,earthquake,,0,reviewed,",us20006v0p,",10,8,0,0.056008333333333334,MEDIUM,1,0,0.45999999999999996,0.9441428571428572,6.132428571428571
2024-12-01 13:15:24.808,off the west coast of northern Sumatra,4.5,10.0,92.5763,5.4241,earthquake,,0,reviewed,",us7000nyhc,",13,12,6,2.0308833333333336,MEDIUM,1,0,0.45,0.9857142857142858,6.207142857142856
2017-05-10 23:23:36.830,South Sandwich Islands region,6.5,15.0,-25.7432,-56.414,earthquake,green,1,reviewed,",pt17130001,at00oprfnh,us10008rb6,iscgem614818708,",23,5,2,1.2525694444444444,HIGH,0,0,0.65,0.9785714285714285,7.185714285714285
2016-04-10 18:49:08.360,"293 km N of Gorontalo, Indonesia",4.5,547.94,122.6315,3.1534,earthquake,,0,reviewed,",us20005gua,",18,4,6,0.6364222222222222,MEDIUM,1,0,0.45,0.21722857142857133,3.901685714285714
2016-12-17 12:06:37.790,"130 km W of Panguna, Papua New Guinea",4.6,66.08,154.3291,-6.0988,earthquake,,0,reviewed,",us10007pr8,",12,12,5,0.09173333333333333,MEDIUM,1,0,0.45999999999999996,0.9056,6.016799999999999
2017-05-05 06:50:56.680,"78 km W of Vallenar, Chile",4.7,21.23,-71.549,-28.7042,earthquake,,0,reviewed,",us10008pl9,",6,5,4,0.21441944444444444,MEDIUM,1,0,0.47000000000000003,0.9696714285714285,6.259014285714285
2021-06-05 12:14:35.919,South Shetland Islands,5.0,10.0,-58.3783,-62.3781,earthquake,,0,reviewed,",us7000e9zf,",12,6,5,1.4105194444444444,MEDIUM,1,0,0.5,0.9857142857142858,6.457142857142857
2022-02-12 04:07:58.279,"251 km SSW of ‘Ohonua, Tonga",4.9,10.0,-175.7479,-23.4827,earthquake,,0,reviewed,",us7000gk7r,",4,2,5,0.9519216666666667,MEDIUM,1,1,0.49000000000000005,0.9857142857142858,6.407142857142857
2019-07-09 11:33:31.642,"165 km E of Dolinsk, Russia",5.5,436.0,144.9818,47.4425,earthquake,green,0,reviewed,",us70004fqv,",11,7,1,1.8628930555555556,MEDIUM,1,0,0.55,0.3771428571428571,4.881428571428571
2020-05-29 16:13:19.990,"83 km WNW of Port-Vila, Vanuatu",5.0,11.68,167.6092,-17.396,earthquake,,0,reviewed,",us6000a1xb,",16,5,4,0.4034277777777778,MEDIUM,1,0,0.5,0.9833142857142857,6.449942857142857
2016-09-22 18:08:58.460,"3 km NNW of Xochihuehuetlán, Mexico",4.6,55.53,-98.5053,17.9342,earthquake,,0,reviewed,",us10006rqb,",18,9,3,0.7618055555555555,MEDIUM,1,0,0.45999999999999996,0.9206714285714286,6.062014285714285
2018-05-22 00:23:15.470,"86 km NW of Malango, Solomon Islands",4.6,5.0,159.1462,-9.1613,earthquake,,0,reviewed,",us1000ec05,",0,5,1,5.171752777777778,MEDIUM,1,0,0.45999999999999996,0.9928571428571429,6.278571428571428
2017-10-14 06:56:57.940,South Sandwich Islands region,4.5,10.0,-26.8003,-55.8176,earthquake,,0,reviewed,",us1000aunp,",6,10,5,0.185075,MEDIUM,1,0,0.45,0.9857142857142858,6.207142857142856
2015-12-20 01:10:59.850,"124 km NNE of Adak, Alaska",4.5,250.91,-176.0274,52.9272,earthquake,,0,reviewed,",ak015g9gwnck,us100048ez,",1,12,6,0.03993888888888889,MEDIUM,1,0,0.45,0.6415571428571429,5.174671428571429
2020-11-09 11:49:21.829,"66 km SW of Ger?sh, Iran",4.7,10.0,53.5838,27.3195,earthquake,,0,reviewed,",us7000ce9g,",11,11,0,0.6515205555555555,MEDIUM,1,0,0.47000000000000003,0.9857142857142858,6.307142857142857
2022-05-22 03:24:11.946,"46 km SE of Iwaki, Japan",5.4,10.33,141.3127,36.8145,earthquake,green,0,reviewed,",us6000hn0i,usauto6000hn0i,pt22142000,",3,5,6,0.9529727777777779,MEDIUM,1,0,0.54,0.9852428571428571,6.655728571428571
2023-10-02 02:33:43.221,"Bonin Islands, Japan region",5.0,10.0,142.6035,28.7973,earthquake,,0,reviewed,",us6000lc6i,",2,10,0,0.45913194444444444,MEDIUM,1,0,0.5,0.9857142857142858,6.457142857142857
2020-12-29 11:23:46.151,"6 km SW of Petrinja, Croatia",4.9,10.0,16.2421,45.3879,earthquake,,0,reviewed,",us6000d6ft,",11,12,1,0.06427472222222222,MEDIUM,1,0,0.49000000000000005,0.9857142857142858,6.407142857142857
2015-09-17 05:04:46.420,"64 km WNW of Illapel, Chile",4.8,14.45,-71.8268,-31.4931,earthquake,,0,reviewed,",us20003khg,",5,9,3,0.06479444444444445,MEDIUM,1,0,0.48,0.9793571428571428,6.338071428571428
2015-05-20 17:20:44.020,"158 km NW of Ternate, Indonesia",5.4,35.97,126.3984,1.8239,earthquake,green,0,reviewed,",us10002ay0,gcmt20150520172044,iscgem610588471,",17,5,2,0.32236944444444443,MEDIUM,1,0,0.54,0.9486142857142857,6.5458428571428575
2017-09-28 03:56:28.200,"112 km SSW of Kokopo, Papua New Guinea",4.9,64.99,151.8227,-5.2532,earthquake,,0,reviewed,",us2000avr2,",3,9,3,1.3790805555555554,MEDIUM,1,0,0.49000000000000005,0.9071571428571429,6.171471428571429
2023-08-11 11:33:20.617,"59 km WSW of San Juan del Sur, Nicaragua",4.8,51.686,-86.3425,10.9777,earthquake,,0,reviewed,",us6000kz83,",11,8,4,1.9981933333333333,MEDIUM,1,0,0.48,0.9261628571428572,6.178488571428571
2017-10-13 15:02:03.340,"58 km NNE of Sofifi, Indonesia",4.8,9.65,127.7706,1.2178,earthquake,,0,reviewed,",us1000arfu,",15,10,4,3.4748555555555556,MEDIUM,1,0,0.48,0.9862142857142857,6.358642857142857
2021-08-01 13:04:53.268,"11 km S of Tokoroa, New Zealand",5.0,175.18,175.8785,-38.3331,earthquake,green,0,reviewed,",us6000f18d,",13,8,6,0.028950833333333332,MEDIUM,1,0,0.5,0.7497428571428572,5.749228571428572
2018-10-29 21:11:17.140,"113 km WSW of Labuan, Indonesia",5.1,27.3,104.934,-6.883,earthquake,,0,reviewed,",us1000hir2,",21,10,0,0.06776388888888889,MEDIUM,1,0,0.51,0.961,6.433
2023-12-03 05:50:23.806,"23 km E of Barcelona, Philippines",4.9,67.484,126.646,8.1804,earthquake,,0,reviewed,",us7000lfrp,",5,12,6,0.041855555555555556,MEDIUM,1,0,0.49000000000000005,0.9035942857142857,6.160782857142857
2017-01-18 03:03:21.970,"50 km E of W?ngjing, India",4.5,63.0,94.5655,24.559,earthquake,,0,reviewed,",us10007tuu,",3,1,2,1.0154416666666668,MEDIUM,1,0,0.45,0.91,5.9799999999999995
2021-12-06 01:54:59.692,South Sandwich Islands region,5.0,44.13,-25.2661,-58.8403,earthquake,,0,reviewed,",us6000g9dj,",1,12,0,0.8055669444444445,MEDIUM,1,0,0.5,0.9369571428571428,6.310871428571429
2015-10-03 16:44:46.470,"140 km SE of Lata, Solomon Islands",4.5,201.29,166.6755,-11.6576,earthquake,,0,reviewed,",us10003k1c,",16,10,5,0.8907222222222222,MEDIUM,1,0,0.45,0.7124428571428572,5.387328571428571
2021-05-28 13:32:32.300,"37 km S of Sinabang, Indonesia",4.5,21.98,96.3353,2.1413,earthquake,,0,reviewed,",us6000egzn,",13,5,4,0.4324969444444445,MEDIUM,1,0,0.45,0.9686,6.1558
2018-08-29 04:27:13.750,"208 km ESE of Tadine, New Caledonia",5.1,10.0,169.791,-22.1487,earthquake,,0,reviewed,",us1000gjb9,",4,8,2,0.37695555555555554,MEDIUM,1,0,0.51,0.9857142857142858,6.507142857142857
2018-09-23 09:41:37.910,"62 km WSW of Yuyapichis, Peru",4.5,27.76,-75.4571,-9.9248,earthquake,,0,reviewed,",us1000h3tt,",9,9,6,2.1466694444444445,MEDIUM,1,0,0.45,0.9603428571428572,6.131028571428572
2022-07-19 13:43:21.628,West Chile Rise,4.9,10.0,-86.9263,-41.4488,earthquake,,0,reviewed,",us6000i3mk,",13,7,1,0.04856583333333333,MEDIUM,1,0,0.49000000000000005,0.9857142857142858,6.407142857142857
2018-08-05 10:58:27.860,"36 km NNE of Ngorongoro, Tanzania",4.5,14.39,35.5791,-2.9203,earthquake,,0,reviewed,",us1000g5sz,",10,8,6,0.13541666666666666,MEDIUM,1,0,0.45,0.9794428571428572,6.1883285714285705
2016-06-26 08:13:45.010,Reykjanes Ridge,4.9,10.0,-33.1505,57.5235,earthquake,,0,reviewed,",us200066wt,",8,6,6,0.8755694444444445,MEDIUM,1,0,0.49000000000000005,0.9857142857142858,6.407142857142857
2022-09-26 01:27:10.155,southern Mid-Atlantic Ridge,4.9,10.0,-11.6782,-20.577,earthquake,,0,reviewed,",us7000ib0w,",1,9,0,1.022078611111111,MEDIUM,1,0,0.49000000000000005,0.9857142857142858,6.407142857142857
2021-11-13 22:24:17.666,southern Mid-Atlantic Ridge,4.7,10.0,-13.6809,-26.4772,earthquake,,0,reviewed,",us7000fv5d,",22,11,5,0.7036194444444445,MEDIUM,1,0,0.47000000000000003,0.9857142857142858,6.307142857142857
2020-12-15 22:43:05.882,"62 km NE of Norsup, Vanuatu",5.1,119.97,167.7782,-15.6354,earthquake,,0,reviewed,",us7000crdn,",22,12,1,7.130683888888889,MEDIUM,1,0,0.51,0.8286142857142857,6.035842857142857
2015-11-14 02:48:01.880,"95 km NNE of Isangel, Vanuatu",4.6,272.26,169.4655,-18.6977,earthquake,,0,reviewed,",us10003ya3,",2,11,5,4.594408333333333,MEDIUM,1,0,0.45999999999999996,0.6110571428571429,5.133171428571428
2021-06-10 14:44:09.650,"83 km WNW of Rabaul, Papua New Guinea",4.5,10.0,151.4556,-3.9499,earthquake,,0,reviewed,",us7000ed8z,",14,6,3,2.7578711111111107,MEDIUM,1,0,0.45,0.9857142857142858,6.207142857142856
2019-03-02 20:46:29.060,"135 km NNE of Tobelo, Indonesia",4.5,227.84,128.5851,2.8048,earthquake,,0,reviewed,",us1000j9z4,",20,3,5,0.20097222222222222,MEDIUM,1,0,0.45,0.6745142857142857,5.273542857142857
2024-11-27 00:47:14.960,"220 km ESE of San Ignacio, Philippines",4.5,10.0,128.2035,6.1006,earthquake,,0,reviewed,",us7000nxvz,",0,11,2,0.6937416666666666,MEDIUM,1,0,0.45,0.9857142857142858,6.207142857142856
2019-01-31 00:22:04.630,"119 km WSW of Adak, Alaska",4.5,50.69,-178.2114,51.4379,earthquake,,0,reviewed,",ak0191f9shb2,us2000jazy,",0,1,3,0.08771944444444445,MEDIUM,1,0,0.45,0.9275857142857142,6.032757142857142
2020-08-14 17:48:53.325,"62 km S of Ierápetra, Greece",4.7,17.28,25.8256,34.4538,earthquake,,0,reviewed,",us6000bevr,",17,8,4,2.5142705555555556,MEDIUM,1,0,0.47000000000000003,0.9753142857142857,6.275942857142857
2016-12-30 13:11:20.780,south of the Kermadec Islands,4.8,10.0,-179.6688,-32.7096,earthquake,,0,reviewed,",us10007nrx,",13,12,4,0.252725,MEDIUM,1,1,0.48,0.9857142857142858,6.357142857142857
2020-06-14 22:14:43.957,Pacific-Antarctic Ridge,4.7,10.0,-147.6881,-57.4395,earthquake,,0,reviewed,",us6000aew3,",22,6,6,0.8568891666666667,MEDIUM,1,0,0.47000000000000003,0.9857142857142858,6.307142857142857
2022-07-08 17:23:46.021,Mariana Islands region,5.0,12.658,147.0719,18.8075,earthquake,,0,reviewed,",us6000i0yx,",17,7,4,0.07118805555555555,MEDIUM,1,0,0.5,0.9819171428571428,6.445751428571428
2015-12-29 21:28:30.670,South Sandwich Islands region,4.7,103.78,-26.8903,-56.3193,earthquake,,0,reviewed,",us10004brq,",21,12,1,1.055211111111111,MEDIUM,1,0,0.47000000000000003,0.8517428571428571,5.905228571428571
2017-07-15 12:12:21.490,"120 km W of Gorontalo, Indonesia",5.9,113.0,121.9844,0.4098,earthquake,green,0,reviewed,",us20009wjw,iscgem610782997,",12,7,5,4.111563888888889,MEDIUM,1,0,0.5900000000000001,0.8385714285714285,6.465714285714286
2020-04-29 22:33:41.010,"49 km WNW of Kirakira, Solomon Islands",4.5,89.11,161.5409,-10.2157,earthquake,,0,reviewed,",us70009age,",22,4,2,0.7157222222222221,MEDIUM,1,0,0.45,0.8727,5.868099999999999
2024-10-01 13:17:18.960,Prince Edward Islands region,4.5,10.0,43.4336,-41.0979,earthquake,,0,reviewed,",us7000nmfp,",13,10,1,0.877405,MEDIUM,1,0,0.45,0.9857142857142858,6.207142857142856
2016-11-21 00:09:49.710,"15 km NNW of Lebu, Chile",4.8,16.16,-73.7243,-37.4786,earthquake,,0,reviewed,",us10007b0z,",0,11,0,0.7462666666666666,MEDIUM,1,0,0.48,0.9769142857142857,6.330742857142857
2017-02-13 19:14:45.240,"7 km ENE of Tagana-an, Philippines",4.7,24.0,125.6494,9.7168,earthquake,,0,reviewed,",us20008jju,",19,2,0,2.0575972222222223,MEDIUM,1,0,0.47000000000000003,0.9657142857142857,6.247142857142856
2022-10-14 23:28:04.783,"3 km NE of San Cristóbal, Mexico",4.9,35.0,-98.3787,16.8415,earthquake,,0,reviewed,",us6000ittg,",23,10,4,2.3894597222222225,MEDIUM,1,0,0.49000000000000005,0.95,6.3
2024-08-14 02:08:05.613,"Maug Islands region, Northern Mariana Islands",4.8,10.0,145.2623,20.1358,earthquake,,0,reviewed,",us6000njyu,",2,8,2,0.3020541666666667,MEDIUM,1,0,0.48,0.9857142857142858,6.357142857142857
2021-02-02 14:45:00.693,"181 km SE of Sarangani, Philippines",4.7,39.89,126.5027,4.1327,earthquake,,0,reviewed,",us6000ddx3,",14,2,1,0.12245555555555555,MEDIUM,1,0,0.47000000000000003,0.9430142857142857,6.179042857142857
2017-05-16 13:56:21.950,"83 km WSW of Contamana, Peru",4.7,43.11,-75.731,-7.5765,earthquake,,0,reviewed,",us10008udr,",13,5,1,1.070525,MEDIUM,1,0,0.47000000000000003,0.9384142857142858,6.165242857142857
2015-11-17 05:37:01.000,"151 km NNE of Calama, Chile",4.7,130.8,-68.486,-21.154,earthquake,,0,reviewed,",us10003yw9,",5,11,1,4.978955555555556,MEDIUM,1,0,0.47000000000000003,0.8131428571428572,5.789428571428571
2017-08-10 19:01:17.540,"134 km W of Ternate, Indonesia",4.6,10.0,126.1973,0.578,earthquake,,0,reviewed,",us2000a716,",19,8,3,0.02824166666666667,MEDIUM,1,0,0.45999999999999996,0.9857142857142858,6.257142857142856
2021-01-03 12:45:29.909,"65 km E of Baculin, Philippines",4.7,10.0,127.1691,7.3832,earthquake,,0,reviewed,",us6000d81c,",12,1,6,0.11138722222222223,MEDIUM,1,0,0.47000000000000003,0.9857142857142858,6.307142857142857
2016-01-30 06:53:49.750,"57 km S of Mil’kovo, Russia",4.6,156.44,158.7115,54.1811,earthquake,,0,reviewed,",us20004w0g,",6,1,5,1.3079472222222222,MEDIUM,1,0,0.45999999999999996,0.7765142857142857,5.629542857142856
2021-03-12 01:16:16.997,"Papua, Indonesia",5.5,12.0,138.3708,-4.6982,earthquake,green,0,reviewed,",us7000dia5,usauto7000dia5,",1,3,4,0.207205,MEDIUM,1,0,0.55,0.9828571428571429,6.698571428571428
2021-09-12 05:32:02.802,"Izu Islands, Japan region",4.7,431.72,139.0553,29.8833,earthquake,,0,reviewed,",us7000fagp,",5,9,6,1.561506111111111,MEDIUM,1,0,0.47000000000000003,0.38325714285714285,4.499771428571428
2024-01-04 23:42:10.828,Fiji region,4.5,557.501,-177.5186,-19.3119,earthquake,,0,reviewed,",us6000m1vr,",23,1,3,1.0492913888888888,MEDIUM,1,1,0.45,0.20357000000000003,3.8607100000000005
2022-11-22 06:56:54.415,"23 km S of Malango, Solomon Islands",4.7,10.993,159.7423,-9.9037,earthquake,,0,reviewed,",us7000iscu,",6,11,1,0.6836527777777778,MEDIUM,1,0,0.47000000000000003,0.9842957142857143,6.302887142857143
2022-03-24 07:03:03.796,"6 km E of Yorii, Japan",4.5,119.73,139.2637,36.1243,earthquake,,0,reviewed,",us7000gwsk,",7,3,3,2.8527761111111114,MEDIUM,1,0,0.45,0.8289571428571428,5.736871428571428
2020-09-01 06:21:19.900,"71 km NNW of Vallenar, Chile",4.5,19.69,-70.9247,-27.9499,earthquake,,0,reviewed,",us7000bhv2,",6,9,1,0.7367708333333334,MEDIUM,1,0,0.45,0.9718714285714286,6.165614285714286
2024-05-21 09:50:43.066,"199 km N of Sola, Vanuatu",5.4,248.263,167.2764,-12.0892,earthquake,green,0,reviewed,",usauto6000n00g,us6000n00g,",9,5,1,0.5653866666666667,MEDIUM,1,0,0.54,0.6453385714285714,5.636015714285715
2016-12-09 23:22:01.360,"77 km SW of Kirakira, Solomon Islands",4.8,49.2,161.4983,-11.0169,earthquake,,0,reviewed,",us20007ztx,",23,12,4,0.7913166666666666,MEDIUM,1,0,0.48,0.9297142857142857,6.189142857142857
2024-09-13 12:01:44.227,"278 km N of Saipan, Northern Mariana Islands",4.6,130.9,146.1638,17.697,earthquake,,0,reviewed,",us6000nytg,",12,9,4,1.335266111111111,MEDIUM,1,0,0.45999999999999996,0.813,5.739
2016-07-16 16:43:47.320,"89 km S of Lakatoro, Vanuatu",4.9,20.98,167.3165,-16.9001,earthquake,,0,reviewed,",us20006f7c,",16,7,5,0.7032194444444445,MEDIUM,1,0,0.49000000000000005,0.9700285714285715,6.360085714285715
2016-05-04 02:42:28.810,"133 km N of Neiafu, Tonga",4.6,61.15,-174.0587,-17.4489,earthquake,,0,reviewed,",us10005dj8,",2,5,2,0.8833583333333334,MEDIUM,1,1,0.45999999999999996,0.9126428571428571,6.037928571428571
2022-04-12 23:08:06.220,Scotia Sea,4.6,10.0,-47.748,-60.2435,earthquake,,0,reviewed,",us7000h29s,",23,4,1,2.2396458333333333,MEDIUM,1,0,0.45999999999999996,0.9857142857142858,6.257142857142856
2015-05-07 02:15:04.190,"142 km SSE of Kokopo, Papua New Guinea",4.8,35.0,152.8243,-5.5095,earthquake,,0,reviewed,",us20002d8i,",2,5,3,1.2510694444444446,MEDIUM,1,0,0.48,0.95,6.249999999999999
2018-01-10 05:17:47.110,"139 km ESE of Tadine, New Caledonia",4.9,10.0,169.1629,-21.9227,earthquake,,0,reviewed,",us1000c31y,",5,1,2,0.0933,MEDIUM,1,0,0.49000000000000005,0.9857142857142858,6.407142857142857
2017-01-03 18:38:24.290,Kermadec Islands region,4.9,10.0,-175.4357,-28.1292,earthquake,,0,reviewed,",us10007ud5,",18,1,1,0.35915833333333336,MEDIUM,1,1,0.49000000000000005,0.9857142857142858,6.407142857142857
2024-11-30 07:51:40.021,south of the Kermadec Islands,4.6,10.0,-178.5993,-32.641,earthquake,,0,reviewed,",us7000nv33,",7,11,5,2.3559594444444443,MEDIUM,1,1,0.45999999999999996,0.9857142857142858,6.257142857142856
2020-04-14 02:46:26.348,"166 km E of Kuril’sk, Russia",5.0,51.24,149.9906,45.3319,earthquake,,0,reviewed,",us70008vu4,",2,4,1,0.15461055555555556,MEDIUM,1,0,0.5,0.9268,6.280399999999999
2021-08-04 04:10:20.455,"112 km WSW of Ternate, Indonesia",4.5,58.09,126.5396,0.2348,earthquake,,0,reviewed,",us6000f4ig,",4,8,2,0.0161325,MEDIUM,1,0,0.45,0.9170142857142857,6.001042857142856
2019-04-21 11:17:00.849,"76 km SW of Basco, Philippines",4.5,35.0,121.4162,19.9908,earthquake,,0,reviewed,",us700039yt,",11,4,6,1.235101111111111,MEDIUM,1,0,0.45,0.95,6.1
2016-09-04 01:26:04.530,"57 km NW of San Antonio de los Cobres, Argentina",4.9,192.57,-66.7711,-23.9103,earthquake,,0,reviewed,",us10006k7v,",1,9,6,2.2154444444444445,MEDIUM,1,0,0.49000000000000005,0.7249,5.624700000000001
2015-11-28 14:44:22.590,Fiji region,4.8,621.05,-177.7207,-18.8761,earthquake,,0,reviewed,",us100041wb,",14,11,5,1.0831444444444445,MEDIUM,1,1,0.48,0.11278571428571438,3.7383571428571427
2018-05-28 17:09:27.860,"35 km ESE of Pamandzi, Mayotte",4.7,10.0,45.5989,-12.8679,earthquake,,0,reviewed,",us1000edh5,",17,5,0,0.2765527777777778,MEDIUM,1,0,0.47000000000000003,0.9857142857142858,6.307142857142857
2021-08-13 21:44:15.871,South Sandwich Islands region,4.7,108.09,-26.7023,-56.8971,earthquake,,0,reviewed,",us7000f360,",21,8,4,0.40289611111111107,MEDIUM,1,0,0.47000000000000003,0.8455857142857143,5.886757142857143
2022-08-16 07:13:01.189,"12 km E of Tubajon, Philippines",4.7,10.0,125.6739,10.3111,earthquake,,0,reviewed,",us6000ib8x,",7,8,1,0.05337166666666667,MEDIUM,1,0,0.47000000000000003,0.9857142857142858,6.307142857142857
2017-07-06 10:31:51.600,"2 km ESE of Panalanoy, Philippines",4.6,10.0,125.0239,11.2456,earthquake,,0,reviewed,",us10009779,",10,7,3,0.7842722222222223,MEDIUM,1,0,0.45999999999999996,0.9857142857142858,6.257142857142856
2017-05-05 00:20:16.900,"190 km WNW of Abepura, Indonesia",4.5,26.01,138.9564,-2.2331,earthquake,,0,reviewed,",us10008rf1,",0,5,4,1.4178611111111112,MEDIUM,1,0,0.45,0.9628428571428571,6.138528571428571
2019-10-16 02:25:27.765,"197 km E of Amahai, Indonesia",4.7,10.0,130.6935,-3.2722,earthquake,,0,reviewed,",us70005ui7,",2,10,2,0.11847972222222222,MEDIUM,1,0,0.47000000000000003,0.9857142857142858,6.307142857142857
2015-10-17 21:21:49.340,"118 km SE of Kokopo, Papua New Guinea",4.5,35.0,152.9539,-5.1632,earthquake,,0,reviewed,",us10003pet,",21,10,5,0.32191388888888894,MEDIUM,1,0,0.45,0.95,6.1
2021-08-16 13:13:03.410,South Indian Ocean,5.0,10.0,82.2709,-4.3859,earthquake,,0,reviewed,",us6000f6ys,",13,8,0,0.034784166666666665,MEDIUM,1,0,0.5,0.9857142857142858,6.457142857142857
2017-01-25 15:44:28.320,"Kermadec Islands, New Zealand",4.5,10.0,-177.3448,-30.2499,earthquake,,0,reviewed,",us20008inx,",15,1,2,1.9247611111111111,MEDIUM,1,1,0.45,0.9857142857142858,6.207142857142856
2023-01-24 15:57:08.430,"43 km NNW of Smirnykh, Russia",4.5,10.0,142.51,50.073,earthquake,,0,reviewed,",us6000jixw,",15,1,1,2.7629119444444443,MEDIUM,1,0,0.45,0.9857142857142858,6.207142857142856
2015-06-03 09:35:47.320,"16 km W of Alt?a?ac, Azerbaijan",4.6,10.0,48.7352,40.8741,earthquake,,0,reviewed,",us20002ll7,",9,6,2,0.3800222222222222,MEDIUM,1,0,0.45999999999999996,0.9857142857142858,6.257142857142856
2021-03-28 23:45:37.767,Kermadec Islands region,4.6,10.0,-178.1804,-27.5907,earthquake,,0,reviewed,",us6000dzg6,",23,3,6,0.09240861111111111,MEDIUM,1,1,0.45999999999999996,0.9857142857142858,6.257142857142856
2023-05-03 05:04:06.693,"22 km SSW of Gusong, China",4.9,49.67,105.1572,28.1196,earthquake,,0,reviewed,",us7000jxp5,",5,5,2,0.9284213888888889,MEDIUM,1,0,0.49000000000000005,0.9290428571428572,6.237128571428572
2018-08-10 04:09:19.060,"165 km SSE of Chipinge, Zimbabwe",4.5,10.0,33.4621,-21.4558,earthquake,,0,reviewed,",us1000gad7,",4,8,4,1.3627749999999998,MEDIUM,1,0,0.45,0.9857142857142858,6.207142857142856
2019-04-10 07:37:10.685,"90 km WNW of Malango, Solomon Islands",4.7,10.0,158.9909,-9.3103,earthquake,,0,reviewed,",us700037ui,",7,4,2,0.13834611111111111,MEDIUM,1,0,0.47000000000000003,0.9857142857142858,6.307142857142857
2021-09-26 18:58:59.617,"135 km NE of Colonia, Micronesia",4.7,10.0,138.9234,10.4429,earthquake,,0,reviewed,",us7000fep3,",18,9,6,1.6116561111111112,MEDIUM,1,0,0.47000000000000003,0.9857142857142858,6.307142857142857
2017-11-10 20:33:10.270,Kermadec Islands region,4.6,314.5,-179.4232,-30.1528,earthquake,,0,reviewed,",us2000bqi2,",20,11,4,1.6167361111111112,MEDIUM,1,1,0.45999999999999996,0.5507142857142857,4.952142857142857
2022-03-21 06:49:26.786,"89 km SE of Mocímboa, Mozambique",4.5,10.0,41.0086,-11.8061,earthquake,,0,reviewed,",us6000h6c9,",6,3,0,0.22305833333333333,MEDIUM,1,0,0.45,0.9857142857142858,6.207142857142856
2024-01-01 01:43:14.869,south of the Fiji Islands,4.6,513.317,179.8704,-24.412,earthquake,,0,reviewed,",us6000m0wc,",1,1,0,1.1016036111111112,MEDIUM,1,0,0.45999999999999996,0.26669,4.1000700000000005
2018-08-02 02:52:31.880,"48 km WSW of Wana, Pakistan",4.5,47.17,69.0925,32.1295,earthquake,,0,reviewed,",us1000g1ip,",2,8,3,6.758047222222222,MEDIUM,1,0,0.45,0.9326142857142857,6.047842857142856
2024-08-02 09:36:41.408,southeast Indian Ridge,4.7,10.0,89.1555,-41.9892,earthquake,,0,reviewed,",us7000n8le,",9,8,4,2.6753069444444444,MEDIUM,1,0,0.47000000000000003,0.9857142857142858,6.307142857142857
2015-10-20 10:06:14.040,"Near the coast of Coquimbo, Chile",5.0,46.02,-71.4045,-30.7867,earthquake,,0,reviewed,",us10003pvh,gcmt20151020100614,iscgem608100378,",10,10,1,0.618125,MEDIUM,1,0,0.5,0.9342571428571429,6.302771428571429
2020-12-09 02:09:18.922,West Chile Rise,4.5,10.0,-86.515,-41.185,earthquake,,0,reviewed,",us7000cqzh,",2,12,2,0.2613358333333333,MEDIUM,1,0,0.45,0.9857142857142858,6.207142857142856
2020-12-16 17:48:44.849,"2 km SSE of Quequeña, Peru",5.6,90.35,-71.4433,-16.5756,earthquake,green,0,reviewed,",us7000crmx,usauto7000crmx,pt20351001,",17,12,2,1.6721122222222222,MEDIUM,1,0,0.5599999999999999,0.8709285714285715,6.412785714285714
2024-09-08 02:08:19.678,"101 km ENE of Miyako, Japan",4.6,40.869,143.0596,39.938,earthquake,,0,reviewed,",us6000nqe8,",2,9,6,0.4406072222222222,MEDIUM,1,0,0.45999999999999996,0.9416157142857143,6.124847142857143
2023-05-19 05:25:47.106,southeast of the Loyalty Islands,5.2,10.0,171.2742,-23.2365,earthquake,,0,reviewed,",us6000kd29,",5,5,4,0.04439972222222222,MEDIUM,1,0,0.52,0.9857142857142858,6.557142857142857
2022-01-13 16:46:31.641,"Kermadec Islands, New Zealand",4.6,15.31,-177.4424,-29.9494,earthquake,,0,reviewed,",us7000gdwf,",16,1,3,1.9843377777777778,MEDIUM,1,1,0.45999999999999996,0.9781285714285715,6.234385714285714
2023-10-02 00:49:12.816,off the coast of Oregon,4.7,10.0,-128.5479,43.6842,earthquake,,0,reviewed,",us6000lc65,",0,10,0,0.9808247222222223,MEDIUM,1,0,0.47000000000000003,0.9857142857142858,6.307142857142857
2022-02-17 09:17:45.652,"31 km SSE of Shizunai-furukawach?, Japan",4.9,50.09,142.5361,42.0783,earthquake,,0,reviewed,",us7000gllk,",9,2,3,2.0959744444444444,MEDIUM,1,0,0.49000000000000005,0.9284428571428571,6.235328571428571
2020-02-13 04:20:56.027,off the coast of Central America,4.5,10.0,-83.129,3.4876,earthquake,,0,reviewed,",us70007tmg,",4,2,3,0.1052313888888889,MEDIUM,1,0,0.45,0.9857142857142858,6.207142857142856
2019-09-17 19:11:42.323,"18 km NNW of Champerico, Guatemala",4.6,74.47,-91.963,14.4531,earthquake,,0,reviewed,",us70005hl7,",19,9,1,0.43745277777777775,MEDIUM,1,0,0.45999999999999996,0.8936142857142857,5.980842857142857
2022-11-29 13:33:27.946,Kermadec Islands region,5.1,10.0,-176.3739,-27.0964,earthquake,,0,reviewed,",us7000ita4,",13,11,1,0.15425972222222223,MEDIUM,1,1,0.51,0.9857142857142858,6.507142857142857
2018-10-26 02:28:42.830,"56 km SSW of Lithakiá, Greece",4.5,10.0,20.6556,37.2316,earthquake,,0,reviewed,",us1000hhdu,",2,10,4,0.1862888888888889,MEDIUM,1,0,0.45,0.9857142857142858,6.207142857142856
2017-08-20 17:42:16.510,"19 km SSW of Huancano, Peru",5.1,79.75,-75.6917,-13.7578,earthquake,,0,reviewed,",us2000a9yf,",17,8,6,0.6826722222222222,MEDIUM,1,0,0.51,0.8860714285714286,6.208214285714285
2019-12-03 10:55:27.680,"141 km E of Laikit, Laikit II (Dimembe), Indonesia",5.3,12.03,126.2414,1.5573,earthquake,,0,reviewed,",us70006fi9,",10,12,1,0.050182500000000005,MEDIUM,1,0,0.53,0.9828142857142858,6.5984428571428575
2015-03-02 06:08:41.500,"50 km SSW of Abhar, Iran",4.5,8.0,48.942,35.752,earthquake,,0,reviewed,",usc000tuaw,",6,3,0,0.4806944444444444,MEDIUM,1,0,0.45,0.9885714285714285,6.215714285714285
2020-10-09 08:55:51.522,"36 km SSW of Andalgalá, Argentina",5.0,163.02,-66.405,-27.8978,earthquake,,0,reviewed,",us6000c701,",8,10,4,2.466991111111111,MEDIUM,1,0,0.5,0.7671142857142856,5.801342857142857
2021-03-08 07:13:17.431,"85 km SE of Sinjai, Indonesia",4.5,10.0,120.8758,-5.5754,earthquake,,0,reviewed,",us7000dk7x,",7,3,0,0.13038027777777778,MEDIUM,1,0,0.45,0.9857142857142858,6.207142857142856
2016-12-29 02:34:33.410,"47 km SSW of Brooklyn, New Zealand",5.3,17.88,174.5567,-41.7011,earthquake,,0,reviewed,",us10007ngm,iscgem610505569,",2,12,3,3.04925,MEDIUM,1,0,0.53,0.9744571428571429,6.573371428571429
2016-06-19 01:16:11.420,Southwest Indian Ridge,5.3,10.0,57.1839,-31.8832,earthquake,,0,reviewed,",us200065bg,",1,6,6,0.06625833333333334,MEDIUM,1,0,0.53,0.9857142857142858,6.607142857142857
2024-03-03 04:34:40.460,"178 km ENE of Agats, Indonesia",4.7,10.0,139.5625,-4.7938,earthquake,,0,reviewed,",us6000mgel,",4,3,6,0.039480277777777774,MEDIUM,1,0,0.47000000000000003,0.9857142857142858,6.307142857142857
2021-02-11 22:42:43.224,southeast of the Loyalty Islands,4.7,10.0,171.0251,-22.7086,earthquake,,0,reviewed,",us6000dj86,",22,2,3,0.5355408333333334,MEDIUM,1,0,0.47000000000000003,0.9857142857142858,6.307142857142857
2017-07-27 23:58:52.710,"Izu Islands, Japan region",5.3,10.0,142.9552,29.2928,earthquake,,0,reviewed,",us2000a20r,",23,7,3,1.645622222222222,MEDIUM,1,0,0.53,0.9857142857142858,6.607142857142857
2024-07-29 10:44:29.353,"136 km NE of Neiafu, Tonga",4.5,23.04,-173.1339,-17.7251,earthquake,,0,reviewed,",us6000nk59,",10,7,0,0.035216111111111115,MEDIUM,1,1,0.45,0.9670857142857143,6.151257142857142
2017-02-04 22:05:02.010,"Kermadec Islands, New Zealand",4.9,10.0,-177.5827,-30.2046,earthquake,,0,reviewed,",us20008hpx,",22,2,5,2.798216666666667,MEDIUM,1,1,0.49000000000000005,0.9857142857142858,6.407142857142857
2016-12-10 20:08:10.830,"62 km W of Kirakira, Solomon Islands",5.0,36.52,161.3503,-10.5278,earthquake,,0,reviewed,",us20007zug,",20,12,5,0.4091694444444444,MEDIUM,1,0,0.5,0.9478285714285715,6.3434857142857135
2017-11-02 07:12:48.140,"125 km E of Tadine, New Caledonia",5.1,10.0,169.0807,-21.6984,earthquake,,0,reviewed,",us2000bffs,",7,11,3,0.4041222222222222,MEDIUM,1,0,0.51,0.9857142857142858,6.507142857142857
2015-08-27 08:54:23.310,"250 km N of Fais, Micronesia",4.8,37.78,140.3534,12.0285,earthquake,,0,reviewed,",us10003595,",8,8,3,1.0404,MEDIUM,1,0,0.48,0.9460285714285714,6.238085714285714
2016-11-24 23:11:46.610,"119 km WNW of Hihifo, Tonga",4.5,55.85,-174.7359,-15.3737,earthquake,,0,reviewed,",us10007eaz,",23,11,3,0.1466527777777778,MEDIUM,1,1,0.45,0.9202142857142857,6.010642857142857
2021-12-12 06:47:44.518,"155 km ESE of Hirara, Japan",5.0,10.0,126.677,24.1708,earthquake,,0,reviewed,",us6000gbl8,",6,12,6,0.07576194444444444,MEDIUM,1,0,0.5,0.9857142857142858,6.457142857142857
2019-10-21 09:36:22.239,"16 km SSE of Nueva Imperial, Chile",4.6,46.2,-72.8647,-38.8725,earthquake,,0,reviewed,",us70005wn1,",9,10,0,0.6823780555555556,MEDIUM,1,0,0.45999999999999996,0.9339999999999999,6.101999999999999
2017-07-09 13:02:53.370,"162 km WSW of Bengkulu, Indonesia",4.7,14.82,100.9072,-4.3374,earthquake,,0,reviewed,",us100098d2,",13,7,6,1.457025,MEDIUM,1,0,0.47000000000000003,0.9788285714285714,6.286485714285714
2015-12-07 12:59:14.940,"219 km SSW of Sarangani, Philippines",4.5,314.27,124.5776,3.6284,earthquake,,0,reviewed,",us100044my,",12,12,0,0.11395555555555556,MEDIUM,1,0,0.45,0.5510428571428572,4.903128571428571
2021-08-28 18:29:41.404,South Sandwich Islands region,4.5,10.0,-24.8416,-57.0593,earthquake,,0,reviewed,",us7000f8wk,",18,8,5,1.3468019444444446,MEDIUM,1,0,0.45,0.9857142857142858,6.207142857142856
2018-02-03 16:35:24.090,"241 km SE of Chiniak, Alaska",4.6,8.15,-149.3277,56.1659,earthquake,,0,reviewed,",ak18311587,ak0181ki0apg,us1000cfdf,",16,2,5,1.103736111111111,MEDIUM,1,0,0.45999999999999996,0.9883571428571428,6.265071428571428
2023-12-10 22:09:11.031,southern East Pacific Rise,4.7,10.0,-105.1678,-35.5043,earthquake,,0,reviewed,",us7000lj9h,",22,12,6,2.2834330555555558,MEDIUM,1,0,0.47000000000000003,0.9857142857142858,6.307142857142857
2023-11-24 17:59:05.243,"Maug Islands region, Northern Mariana Islands",4.6,10.0,145.3533,20.1519,earthquake,,0,reviewed,",us7000leld,",17,11,4,0.6208358333333334,MEDIUM,1,0,0.45999999999999996,0.9857142857142858,6.257142857142856
2018-04-01 01:18:36.310,"72 km NW of Korla, China",4.6,26.89,85.5798,42.2557,earthquake,,0,reviewed,",us1000dc03,",1,4,6,0.0650138888888889,MEDIUM,1,0,0.45999999999999996,0.9615857142857143,6.184757142857142
2023-01-31 20:32:41.243,"103 km SE of Lakatoro, Vanuatu",4.5,10.0,168.2143,-16.6312,earthquake,,0,reviewed,",us6000jma4,",20,1,1,0.46825,MEDIUM,1,0,0.45,0.9857142857142858,6.207142857142856
2015-07-16 10:48:04.930,"67 km NW of Coquimbo, Chile",5.0,7.66,-71.8098,-29.5,earthquake,,0,reviewed,",us20002xvy,iscgem610635901,",10,7,3,4.171138888888889,MEDIUM,1,0,0.5,0.9890571428571429,6.467171428571429
2018-12-11 17:20:15.100,"183 km SW of Pariaman, Indonesia",5.2,26.98,98.7547,-1.5499,earthquake,,0,reviewed,",iscgem614426590,us2000isjf,",17,12,1,0.2689722222222222,MEDIUM,1,0,0.52,0.9614571428571429,6.4843714285714285
2020-11-30 21:35:48.527,"176 km S of Attu Station, Alaska",4.6,10.0,173.3678,51.2664,earthquake,,0,reviewed,",ak020fedr768,us7000claq,",21,11,0,1.9894769444444445,MEDIUM,1,0,0.45999999999999996,0.9857142857142858,6.257142857142856
2022-09-06 07:04:42.759,"31 km SSW of Jurm, Afghanistan",4.8,69.06,70.6462,36.6227,earthquake,,0,reviewed,",us7000i5kb,",7,9,1,2.6617519444444446,MEDIUM,1,0,0.48,0.9013428571428571,6.104028571428572
2020-10-23 10:58:12.953,"105 km SSE of Sand Point, Alaska",4.6,25.71,-159.6358,54.5329,earthquake,,0,reviewed,",us6000cbz4,ak020dncwv7p,",10,10,4,3.8950036111111115,MEDIUM,1,0,0.45999999999999996,0.9632714285714286,6.189814285714284
2018-03-08 09:52:04.370,"25 km ENE of Nsanje, Malawi",4.9,10.0,35.4859,-16.8298,earthquake,,0,reviewed,",us1000d1dj,iscgem611774844,",9,3,3,0.1510277777777778,MEDIUM,1,0,0.49000000000000005,0.9857142857142858,6.407142857142857
2021-08-20 19:25:04.583,"161 km SSE of Lata, Solomon Islands",4.6,128.78,166.5895,-11.9624,earthquake,,0,reviewed,",us6000f93j,",19,8,4,0.43091916666666663,MEDIUM,1,0,0.45999999999999996,0.8160285714285714,5.748085714285715
2020-05-18 23:22:35.162,"92 km S of Néa Anatolí, Greece",5.7,10.0,25.5173,34.1855,earthquake,green,0,reviewed,",us70009k7k,",23,5,0,4.767876388888888,MEDIUM,1,0,0.5700000000000001,0.9857142857142858,6.807142857142857
2023-11-06 21:31:01.203,Solomon Islands,5.3,38.062,156.1245,-7.4821,earthquake,,0,reviewed,",us7000l98e,usauto7000l98e,",21,11,0,0.30210111111111115,MEDIUM,1,0,0.53,0.9456257142857143,6.486877142857143
2021-02-10 15:30:53.015,southeast of the Loyalty Islands,4.6,10.0,171.0122,-22.9254,earthquake,,0,reviewed,",us6000dj0e,",15,2,2,0.06677055555555556,MEDIUM,1,0,0.45999999999999996,0.9857142857142858,6.257142857142856
2015-05-10 00:06:04.770,"29 km SE of Madang, Papua New Guinea",4.5,10.0,145.9639,-5.4226,earthquake,,0,reviewed,",us20002e4u,",0,5,6,2.989947222222222,MEDIUM,1,0,0.45,0.9857142857142858,6.207142857142856
2023-01-18 06:28:04.620,"165 km NW of Tobelo, Indonesia",4.5,47.607,126.9106,2.7322,earthquake,,0,reviewed,",us6000jjdv,",6,1,2,0.1474813888888889,MEDIUM,1,0,0.45,0.93199,6.04597
2016-08-23 19:39:44.580,"149 km N of Maumere, Indonesia",6.0,533.0,122.4345,-7.2872,earthquake,green,0,reviewed,",us10006g2n,gcmt20160823193944,iscgem609377118,",19,8,1,0.7903333333333333,HIGH,0,0,0.6,0.23857142857142855,4.715714285714285
2021-09-23 01:18:29.485,Reykjanes Ridge,4.5,10.0,-34.4231,56.48,earthquake,,0,reviewed,",us7000ff6v,",1,9,3,0.65106,MEDIUM,1,0,0.45,0.9857142857142858,6.207142857142856
2021-09-03 17:52:54.632,Kermadec Islands region,4.5,10.0,-177.9069,-28.4582,earthquake,,0,reviewed,",us7000f9z3,",17,9,4,1.0389130555555555,MEDIUM,1,1,0.45,0.9857142857142858,6.207142857142856
2022-04-16 16:08:07.701,"136 km WNW of Naha, Japan",4.6,10.0,126.4198,26.6972,earthquake,,0,reviewed,",us6000hfbt,",16,4,5,1.4923847222222222,MEDIUM,1,0,0.45999999999999996,0.9857142857142858,6.257142857142856
2023-04-01 18:11:20.621,"218 km ENE of Sola, Vanuatu",4.8,642.662,169.3211,-12.9243,earthquake,,0,reviewed,",us6000k1dq,",18,4,5,0.2828247222222222,MEDIUM,1,0,0.48,0.08191142857142852,3.645734285714286
2022-06-11 10:41:18.907,"105 km E of Georgetown, Saint Helena",4.7,10.0,-13.469,-7.7451,earthquake,,0,reviewed,",us7000hht7,",10,6,5,0.47515388888888893,MEDIUM,1,0,0.47000000000000003,0.9857142857142858,6.307142857142857
2020-10-22 07:50:38.206,Kuril Islands,4.5,41.24,154.0549,47.8113,earthquake,,0,reviewed,",us6000cb7t,",7,10,3,0.4614316666666667,MEDIUM,1,0,0.45,0.9410857142857143,6.073257142857143
2018-12-20 17:13:37.270,"201 km SE of Ust’-Kamchatsk Staryy, Russia",4.8,10.0,164.7052,54.9347,earthquake,,0,reviewed,",us2000j1s7,",17,12,3,0.020316666666666667,MEDIUM,1,0,0.48,0.9857142857142858,6.357142857142857
2021-07-04 12:04:49.812,"108 km NW of Gizo, Solomon Islands",4.8,35.27,156.0716,-7.4881,earthquake,,0,reviewed,",us7000eimr,",12,7,6,8.185174444444444,MEDIUM,1,0,0.48,0.9496142857142857,6.248842857142857
2019-12-24 14:36:54.098,"50 km SSE of Yuzhno-Kurilsk, Russia",5.0,93.93,146.0657,43.6018,earthquake,,0,reviewed,",us70006qjc,",14,12,1,0.7357105555555555,MEDIUM,1,0,0.5,0.8658142857142856,6.097442857142857
2023-12-05 06:02:25.631,"159 km NW of Las Khorey, Somalia",4.5,10.0,47.1996,12.2103,earthquake,,0,reviewed,",us7000lgc7,",6,12,1,0.25552916666666664,MEDIUM,1,0,0.45,0.9857142857142858,6.207142857142856
2015-04-27 13:20:58.600,"131 km S of Hengchun, Taiwan",4.6,10.0,120.6726,20.814,earthquake,,0,reviewed,",us20002bvz,",13,4,0,0.7512972222222223,MEDIUM,1,0,0.45999999999999996,0.9857142857142858,6.257142857142856
2021-04-08 04:58:06.038,south of the Fiji Islands,4.5,532.92,179.9083,-24.0224,earthquake,,0,reviewed,",us6000e1tw,",4,4,3,1.4380738888888889,MEDIUM,1,0,0.45,0.2386857142857144,3.966057142857143
2015-08-21 18:14:11.880,"Kermadec Islands, New Zealand",4.5,27.94,-177.4453,-29.8549,earthquake,,0,reviewed,",us20003gfm,",18,8,4,0.5214694444444444,MEDIUM,1,1,0.45,0.9600857142857143,6.130257142857143
2020-06-03 20:31:20.007,"8 km E of Funaishikawa, Japan",4.9,59.62,140.659,36.4761,earthquake,,0,reviewed,",us6000a5fq,",20,6,2,2.724987777777778,MEDIUM,1,0,0.49000000000000005,0.9148285714285714,6.194485714285714
2024-06-27 10:42:04.794,"32 km SW of Kandrian, Papua New Guinea",5.0,43.976,149.3223,-6.3887,earthquake,,0,reviewed,",usauto6000n8ld,us6000n8ld,",10,6,3,2.039846388888889,MEDIUM,1,0,0.5,0.9371771428571428,6.311531428571428
2023-10-05 01:06:44.371,"Izu Islands, Japan region",4.5,10.0,139.7682,30.3604,earthquake,,0,reviewed,",us6000leit,",1,10,3,0.026211944444444444,MEDIUM,1,0,0.45,0.9857142857142858,6.207142857142856
2020-09-22 11:53:06.753,"87 km NE of Calama, Chile",4.9,127.27,-68.4485,-21.8063,earthquake,,0,reviewed,",us6000bzmn,",11,9,1,1.5931030555555556,MEDIUM,1,0,0.49000000000000005,0.8181857142857143,5.9045571428571435
2020-06-21 18:01:35.621,south of the Kermadec Islands,4.6,10.0,-178.5292,-33.3551,earthquake,,0,reviewed,",us7000ac79,",18,6,6,0.993595,MEDIUM,1,1,0.45999999999999996,0.9857142857142858,6.257142857142856
2018-07-10 05:04:22.910,Southwest Indian Ridge,4.7,10.0,57.8023,-31.6052,earthquake,,0,reviewed,",us2000g0vw,",5,7,1,0.1407972222222222,MEDIUM,1,0,0.47000000000000003,0.9857142857142858,6.307142857142857
2016-10-27 21:54:00.480,"84 km NNW of Sola, Vanuatu",4.6,218.69,167.1212,-13.2396,earthquake,,0,reviewed,",us100072hb,",21,10,3,1.3513027777777777,MEDIUM,1,0,0.45999999999999996,0.6875857142857142,5.3627571428571414
2016-11-13 13:47:42.150,"55 km NE of Severo-Kuril’sk, Russia",4.5,125.89,156.7058,51.0079,earthquake,,0,reviewed,",us10007dbv,",13,11,6,0.07743888888888888,MEDIUM,1,0,0.45,0.8201571428571428,5.710471428571429
2024-11-07 20:11:24.587,"Volcano Islands, Japan region",4.8,10.0,142.7053,25.495,earthquake,,0,reviewed,",us7000nqhf,",20,11,3,0.07177861111111111,MEDIUM,1,0,0.48,0.9857142857142858,6.357142857142857
2015-04-14 16:15:36.870,"25 km ENE of Anito, Philippines",4.5,37.71,125.5133,12.53,earthquake,,0,reviewed,",us2000283k,",16,4,1,2.8336916666666667,MEDIUM,1,0,0.45,0.9461285714285714,6.088385714285715
2021-04-09 12:51:01.437,south of the Fiji Islands,4.7,567.96,-179.5127,-22.1228,earthquake,,0,reviewed,",us6000e1v2,",12,4,4,1.4423325,MEDIUM,1,1,0.47000000000000003,0.18862857142857137,3.915885714285714
2023-09-08 19:32:24.326,"95 km N of Tatsugō, Japan",4.7,11.94,129.45,29.2975,earthquake,,0,reviewed,",us7000kvk9,",19,9,4,0.07543027777777778,MEDIUM,1,0,0.47000000000000003,0.9829428571428571,6.2988285714285706
2016-05-10 13:12:04.170,"96 km ESE of Hihifo, Tonga",4.5,35.0,-173.0044,-16.3817,earthquake,,0,reviewed,",us10005i90,",13,5,1,3.4572,MEDIUM,1,1,0.45,0.95,6.1
2018-11-20 01:38:14.880,"47 km W of Rantepao, Indonesia",4.5,10.0,119.4665,-2.9884,earthquake,,0,reviewed,",us1000hx38,",1,11,1,0.7158972222222222,MEDIUM,1,0,0.45,0.9857142857142858,6.207142857142856
2020-05-18 11:48:07.371,"98 km S of Néa Anatolí, Greece",5.0,10.0,25.5231,34.1328,earthquake,,0,reviewed,",us70009jm3,",11,5,0,0.5410744444444444,MEDIUM,1,0,0.5,0.9857142857142858,6.457142857142857
2022-01-04 15:12:47.454,South Sandwich Islands region,4.6,35.0,-25.6035,-57.7846,earthquake,,0,reviewed,",us7000gbp9,",15,1,1,0.16817972222222222,MEDIUM,1,0,0.45999999999999996,0.95,6.149999999999999
2022-03-19 21:37:37.275,south of the Fiji Islands,4.6,10.0,-176.3464,-25.3437,earthquake,,0,reviewed,",us7000gwub,",21,3,5,0.07191694444444445,MEDIUM,1,1,0.45999999999999996,0.9857142857142858,6.257142857142856
2022-02-14 17:32:11.462,off the coast of Central America,4.6,10.0,-83.0445,3.3713,earthquake,,0,reviewed,",us7000gksz,",17,2,0,0.4821169444444445,MEDIUM,1,0,0.45999999999999996,0.9857142857142858,6.257142857142856
2016-08-15 03:16:16.370,southeast of the Loyalty Islands,4.7,10.0,173.4847,-22.2039,earthquake,,0,reviewed,",us10006f22,",3,8,0,0.2876472222222222,MEDIUM,1,0,0.47000000000000003,0.9857142857142858,6.307142857142857
2018-07-23 04:06:50.450,Kermadec Islands region,4.5,301.51,-178.4335,-27.1293,earthquake,,0,reviewed,",us2000gbmy,",4,7,0,1.4405000000000001,MEDIUM,1,1,0.45,0.5692714285714287,4.957814285714286
2016-09-16 19:46:52.920,"273 km WNW of Port McNeill, Canada",4.9,10.0,-130.6498,51.5979,earthquake,,1,reviewed,",at00odm4a3,us10006q8s,iscgem609451123,",19,9,4,1.1466444444444444,MEDIUM,1,0,0.49000000000000005,0.9857142857142858,6.407142857142857
2016-03-11 04:19:47.560,"53 km NNE of Al Hoceïma, Morocco",4.6,10.0,-3.6245,35.6577,earthquake,,0,reviewed,",us20005a01,",4,3,4,0.04990277777777778,MEDIUM,1,0,0.45999999999999996,0.9857142857142858,6.257142857142856
2020-02-13 10:16:08.139,"162 km SE of Kokopo, Papua New Guinea",5.3,10.0,153.1309,-5.5265,earthquake,,0,reviewed,",us70007pa5,",10,2,3,3.377127777777778,MEDIUM,1,0,0.53,0.9857142857142858,6.607142857142857
2022-02-06 14:34:37.660,"Kermadec Islands, New Zealand",4.6,10.0,-177.5861,-30.4816,earthquake,,0,reviewed,",us7000gjrd,",14,2,6,0.8833505555555555,MEDIUM,1,1,0.45999999999999996,0.9857142857142858,6.257142857142856
2016-06-25 10:43:42.710,"192 km W of Tual, Indonesia",4.8,63.53,131.0162,-5.5909,earthquake,,0,reviewed,",us200066rz,",10,6,5,0.16257777777777777,MEDIUM,1,0,0.48,0.9092428571428571,6.127728571428571
2022-01-08 12:08:07.125,"58 km SSE of Kastrí, Greece",4.5,10.0,24.2913,34.3335,earthquake,,0,reviewed,",us7000ga6b,",12,1,5,1.6235675,MEDIUM,1,0,0.45,0.9857142857142858,6.207142857142856
2023-09-13 16:45:03.697,"264 km E of Vao, New Caledonia",5.0,10.0,170.0367,-23.0514,earthquake,,0,reviewed,",us7000kvj4,",16,9,2,0.37728055555555556,MEDIUM,1,0,0.5,0.9857142857142858,6.457142857142857
2022-08-04 17:34:57.424,"Izu Islands, Japan region",5.1,10.0,142.4003,32.5384,earthquake,,0,reviewed,",us6000i83a,",17,8,3,0.10766527777777779,MEDIUM,1,0,0.51,0.9857142857142858,6.507142857142857
2024-04-13 06:53:44.360,southeast Indian Ridge,5.0,10.0,88.8361,-42.1381,earthquake,,0,reviewed,",us7000mbuy,",6,4,5,0.4525913888888889,MEDIUM,1,0,0.5,0.9857142857142858,6.457142857142857
2023-08-05 07:20:06.009,"Santiago del Estero, Argentina",6.2,575.0,-63.1836,-28.1775,earthquake,green,0,reviewed,",us6000ky1y,usauto6000ky1y,pt23217000,",7,8,5,2.436988055555555,HIGH,0,0,0.62,0.1785714285714286,4.635714285714286
2017-08-30 00:35:22.020,"256 km ESE of Ust’-Kamchatsk Staryy, Russia",4.6,10.0,166.3582,55.4802,earthquake,,0,reviewed,",us2000ad1l,",0,8,2,2.4467444444444446,MEDIUM,1,0,0.45999999999999996,0.9857142857142858,6.257142857142856
2022-10-28 18:33:01.312,"72 km E of Palca, Peru",4.5,155.249,-69.2882,-17.6795,earthquake,,0,reviewed,",us7000il0u,",18,10,4,0.6428275,MEDIUM,1,0,0.45,0.7782157142857142,5.584647142857142
2016-08-17 22:26:19.670,Fiji region,5.2,10.0,173.4749,-15.976,earthquake,,0,reviewed,",us10006ekl,",22,8,2,0.2010472222222222,MEDIUM,1,0,0.52,0.9857142857142858,6.557142857142857
2016-12-10 02:45:39.870,"84 km SW of Kirakira, Solomon Islands",5.8,7.66,161.2789,-10.8829,earthquake,green,0,reviewed,",us20007zq6,iscgem609869702,",2,12,5,0.12139722222222221,MEDIUM,1,0,0.58,0.9890571428571429,6.867171428571428
2022-09-09 16:01:01.548,south of the Fiji Islands,4.7,10.0,-176.0173,-24.7891,earthquake,,0,reviewed,",us7000i8j5,",16,9,4,0.5272833333333333,MEDIUM,1,1,0.47000000000000003,0.9857142857142858,6.307142857142857
2019-11-15 01:57:26.923,"62 km WSW of Harrison, Philippines",4.8,46.97,119.9226,13.1849,earthquake,,0,reviewed,",us60006bui,",1,11,4,0.10231,MEDIUM,1,0,0.48,0.9329000000000001,6.1987000000000005
2021-03-17 18:00:36.412,"37 km SSW of Atka, Alaska",4.7,65.39,-174.359,51.8758,earthquake,,0,reviewed,",ak0213hzk9df,us7000dkbq,",18,3,2,0.37874694444444446,MEDIUM,1,0,0.47000000000000003,0.9065857142857143,6.069757142857143
2018-05-14 02:59:57.020,"127 km NW of Neiafu, Tonga",4.7,204.56,-174.8691,-17.8725,earthquake,,0,reviewed,",us1000e4gk,",2,5,0,0.030783333333333333,MEDIUM,1,1,0.47000000000000003,0.7077714285714285,5.473314285714286
2015-04-08 20:28:05.870,"86 km ESE of Madang, Papua New Guinea",4.6,39.52,146.4813,-5.5852,earthquake,,0,reviewed,",us2000255b,",20,4,2,1.0950527777777779,MEDIUM,1,0,0.45999999999999996,0.9435428571428571,6.13062857142857
2015-01-17 10:00:18.700,"69 km WSW of Port-Vila, Vanuatu",4.8,10.0,167.7272,-18.0165,earthquake,,0,reviewed,",usc000tgqh,",10,1,5,0.050225,MEDIUM,1,0,0.48,0.9857142857142858,6.357142857142857
2017-11-19 19:34:23.420,"83 km E of Tadine, New Caledonia",5.3,10.0,168.6826,-21.6424,earthquake,,0,reviewed,",us2000brjb,",19,11,6,0.015919444444444444,MEDIUM,1,0,0.53,0.9857142857142858,6.607142857142857
2021-03-05 11:18:08.532,"Izu Islands, Japan region",4.5,10.0,142.1261,29.8361,earthquake,,0,reviewed,",us7000dfxs,",11,3,4,0.020343333333333335,MEDIUM,1,0,0.45,0.9857142857142858,6.207142857142856
2018-07-03 13:31:07.360,"298 km W of Haveluloto, Tonga",4.7,555.99,-178.0467,-20.7075,earthquake,,0,reviewed,",us2000g18g,",13,7,1,0.9173611111111111,MEDIUM,1,1,0.47000000000000003,0.20572857142857137,3.9671857142857148
2018-03-24 19:58:33.380,southeast Indian Ridge,6.0,10.0,96.0692,-45.7783,earthquake,green,0,reviewed,",us1000d8ny,iscgem611818766,",19,3,5,1.0052583333333334,HIGH,0,0,0.6,0.9857142857142858,6.957142857142856
2015-01-12 07:57:27.070,"18 km W of El Palmarcito, Mexico",5.5,75.0,-93.3808,15.4767,earthquake,green,0,reviewed,",usc000tes3,gcmt20150112075730,iscgem610516040,",7,1,0,2.2597666666666667,MEDIUM,1,0,0.55,0.8928571428571429,6.428571428571429
2018-12-15 12:12:49.440,"88 km WNW of Iquique, Chile",4.7,18.25,-70.9587,-19.9758,earthquake,,0,reviewed,",us2000itug,",12,12,5,0.31185833333333335,MEDIUM,1,0,0.47000000000000003,0.9739285714285715,6.2717857142857145
2016-12-18 05:46:25.130,"82 km WNW of Kirakira, Solomon Islands",5.9,39.0,161.1989,-10.2342,earthquake,green,0,reviewed,",us2000825r,iscgem609925198,",5,12,6,0.3761527777777778,MEDIUM,1,0,0.5900000000000001,0.9442857142857143,6.782857142857143
2017-08-23 17:04:02.740,central Mid-Atlantic Ridge,4.6,10.0,-29.4745,0.9392,earthquake,,0,reviewed,",us2000abs7,",17,8,2,3.3524611111111113,MEDIUM,1,0,0.45999999999999996,0.9857142857142858,6.257142857142856
2016-12-20 17:39:23.080,"3 km SE of Esmeraldas, Ecuador",4.9,11.4,-79.6304,0.9368,earthquake,,0,reviewed,",us10007lhs,",17,12,1,0.20841666666666667,MEDIUM,1,0,0.49000000000000005,0.9837142857142858,6.401142857142857
2021-03-05 02:18:53.781,"209 km NE of Gisborne, New Zealand",4.8,10.0,179.9254,-37.5374,earthquake,,0,reviewed,",us7000dien,",2,3,4,0.05689111111111111,MEDIUM,1,0,0.48,0.9857142857142858,6.357142857142857
2018-10-23 23:38:58.830,"46 km SSW of La Libertad, El Salvador",4.5,48.47,-89.4387,13.0821,earthquake,,0,reviewed,",us1000hgcf,",23,10,1,1.2000416666666667,MEDIUM,1,0,0.45,0.9307571428571428,6.0422714285714285
2022-12-12 18:52:42.146,"79 km SE of Mazamari, Peru",4.6,99.274,-74.0267,-11.8481,earthquake,,0,reviewed,",us6000j8ud,",18,12,0,0.25860833333333333,MEDIUM,1,0,0.45999999999999996,0.8581799999999999,5.87454
2023-12-03 19:49:35.739,"34 km ENE of Aras-asan, Philippines",6.9,20.0,126.6121,8.9705,earthquake,green,1,reviewed,",us7000lfxx,pt23337004,usauto7000lfxx,",19,12,6,0.5780888888888889,HIGH,0,0,0.6900000000000001,0.9714285714285714,7.364285714285714
2016-10-30 05:27:04.940,"4 km SSE of Khadyzhensk, Russia",4.6,10.0,39.5642,44.3875,earthquake,,0,reviewed,",us1000731g,",5,10,6,0.6231694444444444,MEDIUM,1,0,0.45999999999999996,0.9857142857142858,6.257142857142856
2021-08-16 08:04:58.535,"82 km ESE of Pondaguitan, Philippines",4.6,68.79,126.8622,6.0547,earthquake,,0,reviewed,",us7000f4n2,",8,8,0,1.0801369444444444,MEDIUM,1,0,0.45999999999999996,0.9017285714285714,6.005185714285713
2022-10-09 13:49:17.686,"25 km E of Katsuren-haebaru, Japan",4.7,32.57,128.1267,26.3507,earthquake,,0,reviewed,",us6000is9x,",13,10,6,3.2669894444444445,MEDIUM,1,0,0.47000000000000003,0.9534714285714285,6.210414285714285
2018-02-27 20:11:04.050,"40 km SSW of Tari, Papua New Guinea",5.1,10.0,142.8306,-6.1967,earthquake,,0,reviewed,",us2000d8u9,iscgem611713023,",20,2,1,1.6692277777777778,MEDIUM,1,0,0.51,0.9857142857142858,6.507142857142857
2023-04-05 18:45:09.107,"118 km NNE of Cabodiongan, Philippines",4.5,10.0,125.5511,13.6179,earthquake,,0,reviewed,",us6000k3ue,",18,4,2,1.9684541666666668,MEDIUM,1,0,0.45,0.9857142857142858,6.207142857142856
2018-01-31 20:01:45.890,"233 km SE of Chiniak, Alaska",5.1,10.0,-149.0659,56.4579,earthquake,,1,reviewed,",ak18261217,at00p3frn0,us1000cdca,ak0181flkr2x,",20,1,2,0.7651249999999999,MEDIUM,1,0,0.51,0.9857142857142858,6.507142857142857
2023-10-08 05:36:34.797,"Izu Islands, Japan region",5.2,10.0,140.1109,29.7935,earthquake,,0,reviewed,",usauto6000ldyn,us6000ldyn,",5,10,6,0.6572797222222222,MEDIUM,1,0,0.52,0.9857142857142858,6.557142857142857
2023-10-28 09:59:22.666,"80 km ENE of La Tirana, Chile",4.8,108.502,-68.9367,-20.0752,earthquake,,0,reviewed,",us7000l75k,",9,10,5,0.06514361111111111,MEDIUM,1,0,0.48,0.8449971428571429,5.934991428571429
2021-03-04 19:36:34.002,Kermadec Islands region,4.8,10.0,-176.9355,-29.1215,earthquake,,0,reviewed,",us7000dhtl,",19,3,3,0.011390833333333333,MEDIUM,1,1,0.48,0.9857142857142858,6.357142857142857
2019-03-29 20:55:42.225,"13 km S of Nishinoomote, Japan",5.1,27.26,131.023,30.6159,earthquake,,0,reviewed,",us2000k7dg,",20,3,4,0.5622291666666667,MEDIUM,1,0,0.51,0.9610571428571428,6.433171428571428
2022-08-14 14:43:38.747,"Rat Islands, Aleutian Islands, Alaska",5.2,133.981,178.1983,52.1079,earthquake,,1,reviewed,",at00rgm0wq,us6000iatg,ak022ae01thm,",14,8,6,0.6256258333333333,MEDIUM,1,0,0.52,0.8085985714285715,6.025795714285715
2018-04-28 01:48:22.050,"37 km SW of La Paz Centro, Nicaragua",4.6,75.35,-86.8876,12.0745,earthquake,,0,reviewed,",us1000dtrv,",1,4,5,0.0007722222222222222,MEDIUM,1,0,0.45999999999999996,0.8923571428571428,5.977071428571429
2016-12-11 22:59:07.510,"62 km ENE of Pilar, Philippines",4.5,22.78,126.6266,10.0743,earthquake,,0,reviewed,",us200082sl,",22,12,6,1.33385,MEDIUM,1,0,0.45,0.9674571428571429,6.152371428571428
2017-03-18 01:33:29.100,"190 km ESE of Kamaishi, Japan",4.9,18.31,143.8869,38.6038,earthquake,,0,reviewed,",us20008sx9,",1,3,5,0.2982888888888889,MEDIUM,1,0,0.49000000000000005,0.9738428571428571,6.371528571428571
2019-03-31 07:28:50.636,"34 km NNE of Santa Elena, Ecuador",5.5,18.62,-80.7342,-1.9363,earthquake,green,0,reviewed,",us2000k7w8,",7,3,6,0.027023055555555557,MEDIUM,1,0,0.55,0.9734,6.6702
2016-02-20 11:31:40.110,"47 km SSW of Ciudad Cortés, Costa Rica",4.5,5.25,-83.682,8.5564,earthquake,,0,reviewed,",us10004rbq,",11,2,5,0.3327,MEDIUM,1,0,0.45,0.9925,6.2275
2020-02-13 18:17:31.013,"261 km WSW of Tual, Indonesia",5.2,80.06,130.6068,-6.6215,earthquake,,0,reviewed,",us70007pkg,",18,2,3,0.46975055555555556,MEDIUM,1,0,0.52,0.8856285714285714,6.256885714285715
2017-09-24 23:31:38.490,"7 km ESE of Makurazaki, Japan",4.6,158.92,130.39,31.244,earthquake,,0,reviewed,",us2000au2t,",23,9,6,0.03561111111111111,MEDIUM,1,0,0.45999999999999996,0.7729714285714286,5.618914285714286
2019-06-24 16:14:40.704,Fiji region,4.8,633.83,-178.9706,-21.1343,earthquake,,0,reviewed,",us600045aa,",16,6,0,0.3541236111111111,MEDIUM,1,1,0.48,0.0945285714285714,3.683585714285714
2016-12-21 02:39:51.120,"276 km WSW of Haveluloto, Tonga",4.5,268.64,-177.4567,-22.5196,earthquake,,0,reviewed,",us10007rl4,",2,12,2,0.2851638888888889,MEDIUM,1,1,0.45,0.6162285714285715,5.098685714285715
2023-12-08 08:59:24.020,"111 km E of Aras-asan, Philippines",4.7,10.0,127.3284,8.8466,earthquake,,0,reviewed,",us7000lha1,",8,12,4,1.6575722222222222,MEDIUM,1,0,0.47000000000000003,0.9857142857142858,6.307142857142857
2022-06-29 16:46:33.217,"154 km SSW of Hengchun, Taiwan",4.5,10.0,120.1008,20.7424,earthquake,,0,reviewed,",us7000hl3y,",16,6,2,2.8888469444444445,MEDIUM,1,0,0.45,0.9857142857142858,6.207142857142856
2022-06-11 12:37:26.278,"83 km NNE of Georgetown, Saint Helena",4.6,10.0,-14.1714,-7.2173,earthquake,,0,reviewed,",us7000hhtp,",12,6,5,0.04926083333333333,MEDIUM,1,0,0.45999999999999996,0.9857142857142858,6.257142857142856
2023-05-09 02:28:08.614,"16 km WNW of La Cruz, Costa Rica",4.6,89.285,-85.7728,11.1227,earthquake,,0,reviewed,",us6000kaim,",2,5,1,1.0771658333333334,MEDIUM,1,0,0.45999999999999996,0.87245,5.91735
2019-11-15 22:02:02.866,"136 km NW of Ternate, Indonesia",4.7,30.91,126.4373,1.572,earthquake,,0,reviewed,",us700068m4,",22,11,4,0.9996091666666667,MEDIUM,1,0,0.47000000000000003,0.9558428571428571,6.217528571428571
2016-11-12 11:55:21.460,south of the Fiji Islands,4.6,541.33,-179.8499,-23.6542,earthquake,,0,reviewed,",us100079ec,",11,11,5,13.497241666666667,MEDIUM,1,1,0.45999999999999996,0.22667142857142852,3.980014285714285
2023-05-20 00:54:01.556,southeast of the Loyalty Islands,4.9,10.0,170.5839,-23.1122,earthquake,,0,reviewed,",us7000k3xm,",0,5,5,0.09688944444444444,MEDIUM,1,0,0.49000000000000005,0.9857142857142858,6.407142857142857
2017-02-28 10:19:37.260,"18 km WSW of Villa Bustos, Argentina",4.6,109.9,-67.2056,-29.32,earthquake,,0,reviewed,",us20008mx2,",10,2,1,2.1683777777777777,MEDIUM,1,0,0.45999999999999996,0.843,5.829
2015-10-25 10:40:02.150,"62 km W of Kirakira, Solomon Islands",4.6,60.81,161.3487,-10.4242,earthquake,,0,reviewed,",us200040f9,",10,10,6,1.5811472222222223,MEDIUM,1,0,0.45999999999999996,0.9131285714285714,6.0393857142857135
2024-06-14 09:50:57.874,southern Mid-Atlantic Ridge,5.0,10.0,-13.3419,-31.1918,earthquake,,0,reviewed,",us6000n8d4,",9,6,4,0.2830863888888889,MEDIUM,1,0,0.5,0.9857142857142858,6.457142857142857
2019-12-04 10:50:14.500,east of the Kuril Islands,4.5,10.0,148.0259,43.3758,earthquake,,0,reviewed,",us60006ly4,",10,12,2,0.2523208333333333,MEDIUM,1,0,0.45,0.9857142857142858,6.207142857142856
2022-10-08 09:39:24.111,"Kermadec Islands, New Zealand",4.8,58.587,-177.6565,-29.8448,earthquake,,0,reviewed,",us6000is2x,",9,10,5,3.4501608333333333,MEDIUM,1,1,0.48,0.9163042857142857,6.148912857142856
2019-10-16 05:36:35.022,"14 km NW of Loei, Thailand",4.5,10.0,101.6253,17.5785,earthquake,,0,reviewed,",us60006275,",5,10,2,3.1853491666666667,MEDIUM,1,0,0.45,0.9857142857142858,6.207142857142856
2020-07-23 04:41:48.663,"52 km W of San Nicolas, Philippines",4.7,35.0,119.5932,14.9057,earthquake,,0,reviewed,",us6000b2fu,",4,7,3,0.3719297222222222,MEDIUM,1,0,0.47000000000000003,0.95,6.2
2022-09-19 04:00:00.077,"63 km WNW of Skardu, Pakistan",4.6,10.0,74.9896,35.5275,earthquake,,0,reviewed,",us7000i975,",4,9,0,1.8714569444444444,MEDIUM,1,0,0.45999999999999996,0.9857142857142858,6.257142857142856
2023-11-21 10:53:12.475,southern Mid-Atlantic Ridge,4.6,10.0,-8.3733,-49.1757,earthquake,,0,reviewed,",us6000lqjb,",10,11,1,3.682675277777778,MEDIUM,1,0,0.45999999999999996,0.9857142857142858,6.257142857142856
2016-12-09 00:58:01.960,"68 km WSW of Kirakira, Solomon Islands",4.5,35.0,161.3259,-10.6576,earthquake,,0,reviewed,",us20007zcn,",0,12,4,0.06971666666666666,MEDIUM,1,0,0.45,0.95,6.1
2021-12-12 09:29:35.838,Mauritius - Reunion region,4.9,10.0,66.4291,-17.4685,earthquake,,0,reviewed,",us6000gbm1,",9,12,6,0.40241,MEDIUM,1,0,0.49000000000000005,0.9857142857142858,6.407142857142857
2018-01-23 15:43:10.230,"202 km SE of Chiniak, Alaska",4.5,10.0,-150.289,56.1519,earthquake,,0,reviewed,",ak18181760,ak01812ajq07,us2000cn4e,",15,1,1,1.753425,MEDIUM,1,0,0.45,0.9857142857142858,6.207142857142856
2022-04-19 05:12:50.426,"80 km ESE of Katsuren-haebaru, Japan",4.5,10.37,128.5527,25.9458,earthquake,,0,reviewed,",us6000hfly,",5,4,1,0.33317888888888886,MEDIUM,1,0,0.45,0.9851857142857143,6.205557142857144
2021-11-18 18:50:27.623,"86 km S of Kupang, Indonesia",4.6,10.0,123.6777,-10.9476,earthquake,,0,reviewed,",us7000fv8q,",18,11,3,0.9392469444444445,MEDIUM,1,0,0.45999999999999996,0.9857142857142858,6.257142857142856
2021-06-03 10:23:30.359,"132 km WSW of Ternate, Indonesia",5.1,35.0,126.293,0.3224,earthquake,,0,reviewed,",us7000e9cj,",10,6,3,0.025353333333333335,MEDIUM,1,0,0.51,0.95,6.4
2024-02-08 21:10:41.464,"205 km W of Panguna, Papua New Guinea",4.6,10.0,153.6569,-5.9919,earthquake,,0,reviewed,",us7000lxv7,",21,2,3,1.1491591666666667,MEDIUM,1,0,0.45999999999999996,0.9857142857142858,6.257142857142856
2022-11-25 21:37:30.282,South Sandwich Islands region,4.9,47.615,-26.971,-56.1451,earthquake,,0,reviewed,",us7000isfs,",21,11,4,0.9486861111111111,MEDIUM,1,0,0.49000000000000005,0.9319785714285714,6.245935714285714
2018-01-06 10:26:39.180,"133 km SSW of Padangsidempuan, Indonesia",4.9,50.62,98.6231,0.3687,earthquake,,0,reviewed,",us1000c1ee,",10,1,5,2.4971555555555556,MEDIUM,1,0,0.49000000000000005,0.9276857142857143,6.233057142857143
2022-05-08 21:51:39.714,"90 km W of Tobelo, Indonesia",5.6,39.28,127.2017,1.8437,earthquake,green,0,reviewed,",usauto7000h803,pt22128051,us7000h803,",21,5,6,0.6273027777777778,MEDIUM,1,0,0.5599999999999999,0.9438857142857143,6.631657142857143
2020-09-01 22:51:28.542,"116 km E of ‘Ohonua, Tonga",4.6,10.0,-173.839,-21.2163,earthquake,,0,reviewed,",us7000bhux,",22,9,1,0.9017263888888889,MEDIUM,1,1,0.45999999999999996,0.9857142857142858,6.257142857142856
2021-05-08 02:29:21.555,"141 km NE of San Pedro de Atacama, Chile",4.6,230.16,-67.3993,-21.8683,earthquake,,0,reviewed,",us7000e18h,",2,5,5,1.8515472222222222,MEDIUM,1,0,0.45999999999999996,0.6712,5.313599999999999
2024-12-09 16:33:17.613,"118 km SSW of Adak, Alaska",4.7,28.266,-177.523,50.9626,earthquake,,0,reviewed,",ak024ft6lfkh,us7000ny19,",16,12,0,0.025921111111111114,MEDIUM,1,0,0.47000000000000003,0.95962,6.228859999999999
2018-03-30 23:59:20.400,"80 km SSE of Hihifo, Tonga",4.5,14.71,-173.4893,-16.6175,earthquake,,0,reviewed,",us2000dvjz,",23,3,4,0.5857388888888888,MEDIUM,1,1,0.45,0.9789857142857142,6.186957142857143
2020-05-26 23:12:01.119,"108 km S of Lakatoro, Vanuatu",4.9,10.0,167.5479,-17.076,earthquake,,0,reviewed,",us60009zmr,",23,5,1,0.32996583333333335,MEDIUM,1,0,0.49000000000000005,0.9857142857142858,6.407142857142857
2019-07-15 03:05:13.662,"158 km S of Sofifi, Indonesia",5.0,10.0,127.7239,-0.6854,earthquake,,0,reviewed,",us70004kbd,",3,7,0,2.850783888888889,MEDIUM,1,0,0.5,0.9857142857142858,6.457142857142857
2019-02-28 04:10:11.010,"77 km WNW of San Antonio de los Cobres, Argentina",4.5,178.29,-67.0469,-24.0182,earthquake,,0,reviewed,",us1000j8g3,",4,2,3,0.8760555555555556,MEDIUM,1,0,0.45,0.7453000000000001,5.4859
2017-02-14 06:54:36.290,"120 km NE of Hengchun, Taiwan",4.7,10.0,121.6376,22.7046,earthquake,,0,reviewed,",us20008jm6,",6,2,1,1.0128527777777778,MEDIUM,1,0,0.47000000000000003,0.9857142857142858,6.307142857142857
2024-04-04 07:38:05.187,"56 km SW of Puerto El Triunfo, El Salvador",5.1,54.6,-88.8866,12.8955,earthquake,,0,reviewed,",us7000m9u3,usauto7000m9u3,",7,4,3,0.9703044444444444,MEDIUM,1,0,0.51,0.922,6.316000000000001
2018-01-24 00:40:15.170,"99 km SW of Pagar Alam, Indonesia",4.7,69.24,102.5962,-4.6491,earthquake,,0,reviewed,",us2000cnhp,",0,1,2,0.5906805555555555,MEDIUM,1,0,0.47000000000000003,0.9010857142857143,6.0532571428571424
2017-05-12 11:06:02.860,"33 km NE of Sibolga, Indonesia",4.7,133.48,99.002,1.9422,earthquake,,0,reviewed,",us10008ru4,",11,5,4,0.24855277777777776,MEDIUM,1,0,0.47000000000000003,0.8093142857142858,5.7779428571428575
2015-11-24 13:21:35.730,"Pagan region, Northern Mariana Islands",6.0,586.88,145.2659,18.7787,earthquake,green,0,reviewed,",us100040q8,gcmt20151124132135,iscgem608051884,",13,11,1,0.9555944444444444,HIGH,0,0,0.6,0.16159999999999997,4.4848
2019-07-30 03:45:57.840,"68 km SE of Katsuren-haebaru, Japan",4.9,10.0,128.3687,25.9107,earthquake,,0,reviewed,",us60004x8z,",3,7,1,1.3293175,MEDIUM,1,0,0.49000000000000005,0.9857142857142858,6.407142857142857
2018-03-29 07:30:58.790,"76 km ENE of Kimbe, Papua New Guinea",5.0,126.4,150.8071,-5.3756,earthquake,,0,reviewed,",us1000damk,",7,3,3,3.9628611111111107,MEDIUM,1,0,0.5,0.8194285714285714,5.958285714285713
2022-09-09 23:51:20.410,"261 km ESE of Biak, Indonesia",5.0,10.0,138.2058,-2.1841,earthquake,,0,reviewed,",us7000i8je,",23,9,4,0.11913472222222223,MEDIUM,1,0,0.5,0.9857142857142858,6.457142857142857
2023-08-22 15:03:50.092,"11 km NNE of Kuji, Japan",4.6,36.394,141.8407,40.2714,earthquake,,0,reviewed,",us7000kq4r,",15,8,1,2.1430108333333333,MEDIUM,1,0,0.45999999999999996,0.9480085714285714,6.144025714285713
2020-11-20 17:06:59.545,"96 km SSE of Hihifo, Tonga",4.9,84.4,-173.6073,-16.8065,earthquake,,0,reviewed,",us6000cqwi,",17,11,4,0.072195,MEDIUM,1,1,0.49000000000000005,0.8794285714285714,6.088285714285714
2015-03-30 07:56:53.230,"98 km NE of Hihifo, Tonga",6.0,10.0,-173.049,-15.4296,earthquake,green,0,reviewed,",us10001ryk,gcmt20150330075654,iscgem611020873,",7,3,0,0.43508888888888886,HIGH,0,1,0.6,0.9857142857142858,6.957142857142856
2016-12-10 16:24:34.970,"133 km WNW of Panguna, Papua New Guinea",6.0,142.58,154.4734,-5.6593,earthquake,green,0,reviewed,",us20007ztn,iscgem611831261,",16,12,5,1.679511111111111,HIGH,0,0,0.6,0.7963142857142858,6.388942857142857
2017-05-11 15:58:25.960,South Sandwich Islands region,5.2,10.0,-25.8315,-56.5846,earthquake,,0,reviewed,",us10008tbi,",15,5,3,0.014827777777777778,MEDIUM,1,0,0.52,0.9857142857142858,6.557142857142857
2015-12-06 10:19:12.870,"Bonin Islands, Japan region",4.6,22.38,142.3294,28.9672,earthquake,,0,reviewed,",us100044eu,",10,12,6,1.1031055555555556,MEDIUM,1,0,0.45999999999999996,0.9680285714285715,6.204085714285713
2016-02-24 21:09:21.400,southern East Pacific Rise,4.8,10.0,-120.423,-54.3364,earthquake,,0,reviewed,",us10004syp,gcmt20160224210921,",21,2,2,1.5514416666666666,MEDIUM,1,0,0.48,0.9857142857142858,6.357142857142857
2020-11-10 14:10:35.572,"65 km ENE of Lakatoro, Vanuatu",4.5,142.44,167.9555,-15.8288,earthquake,,0,reviewed,",us7000cehk,",14,11,1,4.097984444444444,MEDIUM,1,0,0.45,0.7965142857142857,5.639542857142858
2023-02-08 13:06:57.259,"163 km NW of Tobelo, Indonesia",4.5,45.934,127.0361,2.8377,earthquake,,0,reviewed,",us6000jpcm,",13,2,2,0.5465272222222223,MEDIUM,1,0,0.45,0.93438,6.05314
2020-01-14 12:26:41.830,"13 km SSE of Guánica, Puerto Rico",4.6,10.0,-66.8686,17.8548,earthquake,green,0,reviewed,",pt20014003,us70006zlc,pr2020014006,",12,1,1,4.921152500000001,MEDIUM,1,0,0.45999999999999996,0.9857142857142858,6.257142857142856
2023-06-15 22:27:23.994,"203 km ESE of Tadine, New Caledonia",4.5,10.0,169.7722,-22.0541,earthquake,,0,reviewed,",us7000kaca,",22,6,3,0.7770202777777778,MEDIUM,1,0,0.45,0.9857142857142858,6.207142857142856
2020-07-15 14:33:46.020,central Mid-Atlantic Ridge,4.7,10.0,-32.7711,4.5,earthquake,,0,reviewed,",us7000at79,",14,7,2,0.8600355555555556,MEDIUM,1,0,0.47000000000000003,0.9857142857142858,6.307142857142857
2021-11-04 08:10:44.010,South Georgia Island region,4.6,10.0,-36.0366,-55.2224,earthquake,,0,reviewed,",us7000fsqp,",8,11,3,0.036538611111111105,MEDIUM,1,0,0.45999999999999996,0.9857142857142858,6.257142857142856
2021-03-26 15:46:07.621,"125 km SSW of Panguna, Papua New Guinea",5.1,10.0,155.1269,-7.3923,earthquake,,0,reviewed,",us6000dwqx,",15,3,4,1.0799386111111111,MEDIUM,1,0,0.51,0.9857142857142858,6.507142857142857
2017-11-04 23:27:37.250,Kuril Islands,4.8,69.18,153.2175,47.3763,earthquake,,0,reviewed,",us2000bip2,",23,11,5,0.7760944444444444,MEDIUM,1,0,0.48,0.9011714285714285,6.103514285714286
2021-04-05 16:41:59.062,"61 km NNW of Tumbes, Peru",4.7,34.98,-80.7292,-3.0887,earthquake,,0,reviewed,",us6000e18x,",16,4,0,1.3669683333333333,MEDIUM,1,0,0.47000000000000003,0.9500285714285714,6.200085714285715
2024-01-30 13:21:03.774,south of the Fiji Islands,4.5,524.413,179.755,-25.3061,earthquake,,0,reviewed,",us7000lwfn,",13,1,1,0.1806025,MEDIUM,1,0,0.45,0.25083857142857147,4.002515714285715
2016-02-20 12:33:42.720,central Mid-Atlantic Ridge,4.8,10.0,-32.5085,4.4473,earthquake,,0,reviewed,",us10004s3f,gcmt20160220123342,",12,2,5,0.04431388888888889,MEDIUM,1,0,0.48,0.9857142857142858,6.357142857142857
2018-08-19 03:24:21.500,"255 km E of Levuka, Fiji",4.6,514.14,-178.2832,-18.2902,earthquake,,0,reviewed,",us1000gita,",3,8,6,0.078625,MEDIUM,1,1,0.45999999999999996,0.2655142857142857,4.096542857142857
2016-09-01 21:43:09.250,"173 km NE of Gisborne, New Zealand",4.6,10.89,179.3448,-37.5064,earthquake,,0,reviewed,",us10006k37,",21,9,3,0.40188888888888885,MEDIUM,1,0,0.45999999999999996,0.9844428571428572,6.25332857142857
2020-04-25 23:36:23.234,south of the Kermadec Islands,4.5,10.0,-178.9813,-34.4063,earthquake,,0,reviewed,",us700097kt,",23,4,5,1.1403380555555556,MEDIUM,1,1,0.45,0.9857142857142858,6.207142857142856
2018-09-09 19:31:35.090,"66 km NW of Kirakira, Solomon Islands",6.5,68.0,161.5025,-10.0207,earthquake,green,1,reviewed,",at00peszkp,us2000hbk9,pt18252000,iscgem612708719,",19,9,6,3.360927777777778,HIGH,0,0,0.65,0.9028571428571428,6.958571428571428
2017-11-19 22:58:58.410,"74 km E of Tadine, New Caledonia",5.2,10.0,168.5854,-21.4404,earthquake,,0,reviewed,",us2000brls,",22,11,6,0.12369166666666667,MEDIUM,1,0,0.52,0.9857142857142858,6.557142857142857
2024-06-15 14:59:12.021,"Bonin Islands, Japan region",4.7,13.018,143.4878,27.154,earthquake,,0,reviewed,",us7000msns,",14,6,5,0.17356972222222222,MEDIUM,1,0,0.47000000000000003,0.9814028571428571,6.294208571428571
2021-09-20 07:31:27.866,South Sandwich Islands region,4.5,35.0,-27.2399,-60.1467,earthquake,,0,reviewed,",us7000fe36,",7,9,0,1.6697655555555555,MEDIUM,1,0,0.45,0.95,6.1
2020-05-24 21:36:49.810,"88 km ESE of Madang, Papua New Guinea",4.5,128.66,146.5635,-5.4038,earthquake,,0,reviewed,",us70009pnb,",21,5,6,0.44030777777777774,MEDIUM,1,0,0.45,0.8162,5.698600000000001
2020-02-21 02:55:18.191,"17 km SW of Jijel, Algeria",4.5,10.0,5.6067,36.7277,earthquake,,0,reviewed,",us70007tzd,",2,2,4,1.1177322222222221,MEDIUM,1,0,0.45,0.9857142857142858,6.207142857142856
2021-05-11 03:27:19.597,Kuril Islands,4.7,35.0,152.7186,46.7308,earthquake,,0,reviewed,",us7000e1yx,",3,5,1,6.7126475,MEDIUM,1,0,0.47000000000000003,0.95,6.2
2019-09-09 07:28:46.720,southwest of Africa,4.7,10.0,9.565,-53.0913,earthquake,,0,reviewed,",us70005htx,",7,9,0,0.8036675,MEDIUM,1,0,0.47000000000000003,0.9857142857142858,6.307142857142857
2017-03-29 16:59:08.240,"13 km SW of Villa El Carmen, Nicaragua",5.1,79.53,-86.602,11.8982,earthquake,,0,reviewed,",us10008d3j,",16,3,2,0.4181944444444444,MEDIUM,1,0,0.51,0.8863857142857143,6.209157142857143
2020-09-12 09:04:29.998,"88 km NW of Port-Vila, Vanuatu",4.6,14.69,167.7991,-17.1058,earthquake,,0,reviewed,",us7000bpdd,",9,9,5,0.5007436111111111,MEDIUM,1,0,0.45999999999999996,0.9790142857142857,6.237042857142857
2018-08-03 10:25:03.670,"75 km SSW of Hihifo, Tonga",4.5,10.0,-173.9348,-16.6228,earthquake,,0,reviewed,",us1000g59z,",10,8,4,0.10800277777777778,MEDIUM,1,1,0.45,0.9857142857142858,6.207142857142856
2022-08-06 12:43:50.832,"Izu Islands, Japan region",4.8,10.0,142.4473,32.74,earthquake,,0,reviewed,",us6000i8mm,",12,8,5,0.33440749999999997,MEDIUM,1,0,0.48,0.9857142857142858,6.357142857142857
2020-11-12 08:27:45.028,"40 km ENE of Uzgen, Kyrgyzstan",4.6,10.0,73.7305,40.9365,earthquake,,0,reviewed,",us7000cg59,",8,11,3,0.6951516666666666,MEDIUM,1,0,0.45999999999999996,0.9857142857142858,6.257142857142856
2022-11-03 21:08:47.108,southern Mid-Atlantic Ridge,4.7,10.0,-16.5775,-41.1011,earthquake,,0,reviewed,",us7000imbc,",21,11,3,0.15622805555555558,MEDIUM,1,0,0.47000000000000003,0.9857142857142858,6.307142857142857
2016-08-10 04:06:58.950,"29 km SE of Kalbay, Philippines",5.2,126.97,125.7151,5.5673,earthquake,,0,reviewed,",us10006ci7,",4,8,2,0.8336972222222222,MEDIUM,1,0,0.52,0.8186142857142857,6.055842857142856
2017-12-23 06:06:08.640,"Izu Islands, Japan region",4.9,10.0,142.6473,29.3025,earthquake,,0,reviewed,",us1000bv98,",6,12,5,5.719858333333334,MEDIUM,1,0,0.49000000000000005,0.9857142857142858,6.407142857142857
2023-10-18 08:11:28.692,"151 km E of Yigo Village, Guam",5.2,10.0,146.2842,13.4286,earthquake,,0,reviewed,",us6000lgbq,",8,10,2,0.3684394444444445,MEDIUM,1,0,0.52,0.9857142857142858,6.557142857142857
2018-10-15 08:05:22.260,"90 km ESE of Katsuren-haebaru, Japan",4.7,10.0,128.6829,25.9629,earthquake,,0,reviewed,",us1000heeq,",8,10,0,2.557930555555555,MEDIUM,1,0,0.47000000000000003,0.9857142857142858,6.307142857142857
2019-06-18 23:24:20.294,Kermadec Islands region,5.2,14.3,-177.5619,-31.3691,earthquake,,0,reviewed,",us600042r6,",23,6,1,0.3293161111111111,MEDIUM,1,1,0.52,0.9795714285714285,6.538714285714286
2021-02-06 04:40:31.386,"226 km SSW of ‘Ohonua, Tonga",5.2,10.0,-175.5969,-23.2856,earthquake,,0,reviewed,",us6000dh0c,",4,2,5,0.2204125,MEDIUM,1,1,0.52,0.9857142857142858,6.557142857142857
2022-06-14 00:18:21.743,"92 km ENE of Georgetown, Saint Helena",4.9,10.0,-13.5866,-7.7612,earthquake,green,0,reviewed,",us7000hh76,",0,6,1,0.0206425,MEDIUM,1,0,0.49000000000000005,0.9857142857142858,6.407142857142857
2020-05-30 12:01:02.109,"49 km SW of Panguna, Papua New Guinea",4.6,48.88,155.1718,-6.6396,earthquake,,0,reviewed,",us6000a2m3,",12,5,5,0.990795,MEDIUM,1,0,0.45999999999999996,0.9301714285714285,6.090514285714285
2023-05-27 13:52:12.351,"57 km WSW of Kurio, Japan",4.8,10.0,129.912,30.0021,earthquake,,0,reviewed,",us7000k4gp,",13,5,5,7.850155555555556,MEDIUM,1,0,0.48,0.9857142857142858,6.357142857142857
2016-11-10 08:15:34.510,"96 km SSW of Trenggalek, Indonesia",4.8,68.75,111.4159,-8.9039,earthquake,,0,reviewed,",us100076ls,",8,11,3,0.3715777777777778,MEDIUM,1,0,0.48,0.9017857142857143,6.105357142857143
2019-04-01 02:42:38.330,"147 km NW of Sabang, Indonesia",4.5,10.0,94.3164,6.7741,earthquake,,0,reviewed,",us700033p5,",2,4,0,0.032635833333333336,MEDIUM,1,0,0.45,0.9857142857142858,6.207142857142856
2018-07-10 19:19:08.250,"54 km NNW of Fais, Micronesia",4.6,10.0,140.2965,10.2067,earthquake,,0,reviewed,",us2000g47l,",19,7,1,0.2340611111111111,MEDIUM,1,0,0.45999999999999996,0.9857142857142858,6.257142857142856
2019-01-15 17:04:59.470,"152 km SSW of Lorengau, Papua New Guinea",4.8,10.0,146.597,-3.2362,earthquake,,0,reviewed,",us2000j45h,",17,1,1,1.2096444444444445,MEDIUM,1,0,0.48,0.9857142857142858,6.357142857142857
2022-08-10 10:17:18.807,South Sandwich Islands region,5.1,17.023,-24.8143,-57.0605,earthquake,,0,reviewed,",us6000i9nl,",10,8,2,0.15852444444444444,MEDIUM,1,0,0.51,0.9756814285714286,6.477044285714285
2018-05-18 04:51:08.690,Kermadec Islands region,4.9,262.33,-179.3968,-30.9566,earthquake,,0,reviewed,",us1000e7t6,",4,5,4,2.0562,MEDIUM,1,1,0.49000000000000005,0.6252428571428572,5.325728571428572
2019-08-26 23:11:15.216,southern Mid-Atlantic Ridge,4.9,10.0,-8.3381,-49.2218,earthquake,,0,reviewed,",us70005aa8,",23,8,0,0.5759094444444444,MEDIUM,1,0,0.49000000000000005,0.9857142857142858,6.407142857142857
2015-09-07 00:37:37.900,"18 km ESE of Yayladere, Turkey",4.5,5.0,40.28,39.18,earthquake,,0,reviewed,",us20003h1b,",0,9,0,1.058561111111111,MEDIUM,1,0,0.45,0.9928571428571429,6.228571428571429
2017-09-22 18:54:42.420,"160 km SSE of Ust’-Kamchatsk Staryy, Russia",4.5,10.0,163.2255,54.8539,earthquake,,0,reviewed,",us2000atab,",18,9,4,4.356222222222222,MEDIUM,1,0,0.45,0.9857142857142858,6.207142857142856
2019-03-08 22:39:12.580,"57 km SSE of Hihifo, Tonga",4.5,99.51,-173.6071,-16.4455,earthquake,,0,reviewed,",us1000jgnr,",22,3,4,5.317494444444445,MEDIUM,1,1,0.45,0.8578428571428571,5.823528571428572
2015-12-10 15:03:26.410,"240 km WNW of Lautoka, Fiji",5.1,16.25,175.2794,-17.0179,earthquake,,0,reviewed,",us20004g50,gcmt20151210150326,",15,12,3,0.25556388888888887,MEDIUM,1,0,0.51,0.9767857142857143,6.480357142857143
2019-03-16 21:40:23.540,Bouvet Island region,4.5,10.0,6.954,-53.7174,earthquake,,0,reviewed,",us1000jkdm,",21,3,5,1.8592916666666666,MEDIUM,1,0,0.45,0.9857142857142858,6.207142857142856
2024-09-21 21:24:28.737,"95 km NNW of Villa General Roca, Argentina",6.0,141.0,-66.887,-31.8909,earthquake,green,0,reviewed,",us6000ntjh,usauto6000ntjh,at00sk6m4q,pt24265000,",21,9,5,1.4966952777777778,HIGH,0,0,0.6,0.7985714285714286,6.395714285714286
2023-07-20 20:47:06.957,"175 km N of Saipan, Northern Mariana Islands",4.5,9.929,146.0529,16.7763,earthquake,,0,reviewed,",us6000kw6n,",20,7,3,2.2796499999999997,MEDIUM,1,0,0.45,0.9858157142857142,6.207447142857142
2022-02-16 05:41:57.391,"14 km SSW of Hualien City, Taiwan",4.5,10.0,121.5489,23.854,earthquake,,0,reviewed,",us7000gmsj,",5,2,2,0.0392475,MEDIUM,1,0,0.45,0.9857142857142858,6.207142857142856
2018-08-05 04:57:36.740,"Kermadec Islands, New Zealand",4.7,35.0,-177.0447,-29.8125,earthquake,,0,reviewed,",us1000g3rb,",4,8,6,0.21563333333333332,MEDIUM,1,1,0.47000000000000003,0.95,6.2
2022-06-22 06:48:07.428,"45 km S of Sinabang, Indonesia",4.9,10.0,96.4335,2.0718,earthquake,,0,reviewed,",us7000hj8s,",6,6,2,0.24618861111111112,MEDIUM,1,0,0.49000000000000005,0.9857142857142858,6.407142857142857
2022-01-30 10:14:38.004,"181 km ENE of Petropavlovsk-Kamchatsky, Russia",4.7,44.13,161.1118,53.736,earthquake,,0,reviewed,",us7000ggdj,",10,1,6,5.460201944444444,MEDIUM,1,0,0.47000000000000003,0.9369571428571428,6.160871428571428
2020-12-10 12:51:33.686,"221 km WSW of Adak, Alaska",4.5,10.0,-179.3786,50.8729,earthquake,,0,reviewed,",ak020furuy02,us7000cpqq,",12,12,3,1.170025277777778,MEDIUM,1,0,0.45,0.9857142857142858,6.207142857142856
2022-08-19 22:02:15.823,Prince Edward Islands region,4.5,10.0,39.0143,-44.0696,earthquake,,0,reviewed,",us7000i2pf,",22,8,4,2.326048611111111,MEDIUM,1,0,0.45,0.9857142857142858,6.207142857142856
2023-12-03 11:06:18.465,"89 km ENE of Hinatuan, Philippines",4.7,10.0,127.0953,8.6526,earthquake,,0,reviewed,",us7000lfvf,",11,12,6,0.022949166666666666,MEDIUM,1,0,0.47000000000000003,0.9857142857142858,6.307142857142857
2016-06-06 02:35:32.390,"Kermadec Islands, New Zealand",6.1,43.83,-177.8359,-30.0235,earthquake,green,0,reviewed,",us2000629f,gcmt20160606023523,iscgem611829923,",2,6,0,1.5179555555555557,HIGH,0,1,0.61,0.9373857142857143,6.862157142857143
2019-01-03 04:21:24.340,"50 km WSW of Ambon, Indonesia",4.7,53.37,127.7562,-3.8586,earthquake,,0,reviewed,",us2000izzc,",4,1,3,0.9262666666666667,MEDIUM,1,0,0.47000000000000003,0.9237571428571428,6.121271428571429
2022-08-31 21:45:05.367,south of the Fiji Islands,5.4,10.0,175.5995,-21.564,earthquake,green,0,reviewed,",us7000i459,usauto7000i459,",21,8,2,4.504961388888889,MEDIUM,1,0,0.54,0.9857142857142858,6.657142857142857
2016-11-16 10:47:55.220,south of the Kermadec Islands,4.5,54.24,-178.6576,-32.3346,earthquake,,0,reviewed,",us10007djc,",10,11,2,1.5449083333333333,MEDIUM,1,1,0.45,0.9225142857142857,6.017542857142857
2017-02-12 16:18:06.050,"Bonin Islands, Japan region",4.6,10.0,143.2605,28.7267,earthquake,,0,reviewed,",us20008lic,",16,2,6,1.2714944444444445,MEDIUM,1,0,0.45999999999999996,0.9857142857142858,6.257142857142856
2024-09-03 07:01:11.671,"118 km SSE of Pangai, Tonga",4.8,10.0,-173.8465,-20.7714,earthquake,,0,reviewed,",us6000npfy,",7,9,1,3.9413094444444443,MEDIUM,1,1,0.48,0.9857142857142858,6.357142857142857
2023-11-04 05:54:28.610,"106 km SSW of Chirilagua, El Salvador",4.5,46.101,-88.399,12.2968,earthquake,,0,reviewed,",us7000l9va,",5,11,5,2.32703,MEDIUM,1,0,0.45,0.9341414285714286,6.052424285714285
2023-10-20 20:55:29.632,"29 km ESE of Iwaki, Japan",4.5,36.377,141.1834,36.9476,earthquake,,0,reviewed,",us7000l67m,",20,10,4,1.0592119444444446,MEDIUM,1,0,0.45,0.9480328571428571,6.094098571428571
2016-05-20 10:44:24.950,Balleny Islands region,4.5,10.0,178.7396,-65.1873,earthquake,,0,reviewed,",us20005y4h,",10,5,4,0.7381138888888888,MEDIUM,1,0,0.45,0.9857142857142858,6.207142857142856
2016-07-18 12:00:25.650,"26 km WSW of Valdez, Ecuador",4.5,10.0,-79.1882,1.1219,earthquake,,0,reviewed,",us20006gqr,",12,7,0,1.552311111111111,MEDIUM,1,0,0.45,0.9857142857142858,6.207142857142856
2023-01-15 12:28:15.160,"9 km SE of Bunga, Philippines",4.8,10.0,124.6414,11.4179,earthquake,,0,reviewed,",us7000j4it,",12,1,6,0.3997088888888889,MEDIUM,1,0,0.48,0.9857142857142858,6.357142857142857
2021-01-26 04:17:55.285,"78 km SSE of Panguna, Papua New Guinea",5.3,75.24,155.7839,-6.9635,earthquake,green,0,reviewed,",us7000d3c0,usauto7000d3c0,",4,1,1,2.7902675,MEDIUM,1,0,0.53,0.8925142857142857,6.327542857142857
2015-09-07 10:30:22.860,south of the Kermadec Islands,4.9,10.0,-178.1813,-32.8504,earthquake,,0,reviewed,",us20003h34,",10,9,0,0.07971666666666667,MEDIUM,1,1,0.49000000000000005,0.9857142857142858,6.407142857142857
2016-04-21 16:28:37.360,south of the Kermadec Islands,4.7,10.0,-179.073,-32.3784,earthquake,,0,reviewed,",us10005dt1,",16,4,3,2.006963888888889,MEDIUM,1,1,0.47000000000000003,0.9857142857142858,6.307142857142857
2020-01-23 16:23:23.326,south of Panama,4.8,10.0,-82.5799,5.0384,earthquake,,0,reviewed,",us60007dx2,",16,1,3,1.1222616666666667,MEDIUM,1,0,0.48,0.9857142857142858,6.357142857142857
2020-11-13 19:04:13.456,"171 km WSW of Mazatlán, Mexico",5.3,11.85,-107.7985,22.3829,earthquake,green,0,reviewed,",us7000celp,",19,11,4,0.5184238888888889,MEDIUM,1,0,0.53,0.9830714285714286,6.599214285714286
2021-12-05 14:14:07.450,"94 km SSE of Shizunai-furukawach?, Japan",4.6,50.0,142.8643,41.5733,earthquake,,0,reviewed,",us6000g9a7,",14,12,6,1.154677777777778,MEDIUM,1,0,0.45999999999999996,0.9285714285714286,6.085714285714285
2017-09-23 13:24:11.920,"1 km SSW of Santo Domingo Chihuitán, Mexico",4.8,21.4,-95.1673,16.5767,earthquake,,0,reviewed,",us2000atk8,",13,9,5,0.39588055555555557,MEDIUM,1,0,0.48,0.9694285714285714,6.308285714285714
2016-10-20 15:21:18.100,"6 km S of Venustiano Carranza (Peña Blanca), Mexico",4.6,147.7,-94.75,17.585,earthquake,,0,reviewed,",us20007fmb,",15,10,3,0.1345111111111111,MEDIUM,1,0,0.45999999999999996,0.789,5.667
2019-05-23 11:31:44.332,"76 km WSW of Tobelo, Indonesia",4.5,109.49,127.3666,1.4943,earthquake,,0,reviewed,",us60003r52,",11,5,3,1.498928888888889,MEDIUM,1,0,0.45,0.8435857142857143,5.7807571428571425
2016-08-21 04:28:59.380,South Georgia Island region,5.0,10.0,-31.5355,-55.0903,earthquake,,0,reviewed,",us10006fiy,",4,8,6,0.6169333333333333,MEDIUM,1,0,0.5,0.9857142857142858,6.457142857142857
2024-03-11 08:04:11.950,"14 km NNE of Kandrian, Papua New Guinea",4.5,51.0,149.6062,-6.0849,earthquake,,0,reviewed,",us7000m4ms,",8,3,0,1.7061647222222223,MEDIUM,1,0,0.45,0.9271428571428572,6.031428571428571
2023-12-04 04:59:01.651,"39 km E of Aras-asan, Philippines",5.3,55.451,126.666,8.879,earthquake,green,0,reviewed,",usauto7000lg1m,us7000lg1m,",4,12,0,0.2534416666666667,MEDIUM,1,0,0.53,0.9207842857142857,6.4123528571428565
2023-12-02 19:15:24.487,"11 km E of Hinatuan, Philippines",4.5,56.883,126.436,8.3655,earthquake,,0,reviewed,",us7000lh09,",19,12,5,0.07564861111111111,MEDIUM,1,0,0.45,0.9187385714285714,6.006215714285714
2018-08-29 06:10:01.650,Fiji region,4.7,565.7,-178.74,-20.9319,earthquake,,0,reviewed,",us1000gjbz,",6,8,2,0.5899083333333334,MEDIUM,1,1,0.47000000000000003,0.19185714285714284,3.9255714285714283
2023-12-21 19:06:00.691,south of the Fiji Islands,4.5,10.0,-176.4774,-26.7619,earthquake,,0,reviewed,",us6000m1gm,",19,12,3,1.5135894444444444,MEDIUM,1,1,0.45,0.9857142857142858,6.207142857142856
2017-03-05 10:04:42.950,"40 km SE of Namie, Japan",4.6,14.04,141.3439,37.2389,earthquake,,0,reviewed,",us1000873g,",10,3,6,2.7588194444444443,MEDIUM,1,0,0.45999999999999996,0.9799428571428571,6.23982857142857
2020-05-21 19:25:11.793,"117 km ESE of Kokopo, Papua New Guinea",4.6,61.02,153.298,-4.6055,earthquake,,0,reviewed,",us6000a1p4,",19,5,3,0.10623416666666666,MEDIUM,1,0,0.45999999999999996,0.9128285714285714,6.038485714285714
2024-08-07 07:10:35.385,"Kermadec Islands, New Zealand",4.8,22.884,-177.3488,-30.3772,earthquake,,0,reviewed,",us6000nik5,",7,8,2,1.8333922222222223,MEDIUM,1,1,0.48,0.9673085714285714,6.301925714285713
2020-05-04 16:43:02.688,"165 km SE of ‘Ohonua, Tonga",4.9,10.0,-173.6618,-22.2274,earthquake,,0,reviewed,",us700099x6,",16,5,0,2.505063611111111,MEDIUM,1,1,0.49000000000000005,0.9857142857142858,6.407142857142857
2021-12-15 13:16:59.163,"28 km ENE of Santa Monica, Philippines",4.6,35.0,126.2789,10.1288,earthquake,,0,reviewed,",us6000gduw,",13,12,2,0.05752694444444445,MEDIUM,1,0,0.45999999999999996,0.95,6.149999999999999
2016-07-20 03:29:23.460,southern Mid-Atlantic Ridge,4.9,16.7,-12.186,-16.2885,earthquake,,0,reviewed,",us20006g1y,",3,7,2,0.03261111111111111,MEDIUM,1,0,0.49000000000000005,0.9761428571428572,6.378428571428572
2020-12-08 07:07:20.597,"50 km NNW of La Ligua, Chile",5.0,44.26,-71.5075,-32.0622,earthquake,,0,reviewed,",us7000cp39,",7,12,1,1.879217222222222,MEDIUM,1,0,0.5,0.9367714285714286,6.310314285714286
2022-09-19 16:30:47.505,"203 km WSW of Sagres, Portugal",4.5,10.0,-11.1552,36.5606,earthquake,,0,reviewed,",us7000i9bg,",16,9,0,0.03880638888888889,MEDIUM,1,0,0.45,0.9857142857142858,6.207142857142856
2018-10-29 02:40:16.290,"60 km NNE of Angoram, Papua New Guinea",4.5,10.0,144.3505,-3.595,earthquake,,0,reviewed,",us2000i60y,",2,10,0,0.3253916666666667,MEDIUM,1,0,0.45,0.9857142857142858,6.207142857142856
2018-11-09 18:08:35.810,"Izu Islands, Japan region",4.9,10.0,141.591,31.3809,earthquake,,0,reviewed,",us1000hpwj,",18,11,4,0.2597416666666667,MEDIUM,1,0,0.49000000000000005,0.9857142857142858,6.407142857142857
2023-02-27 08:43:08.313,northern Mid-Atlantic Ridge,4.8,10.0,-41.8799,30.5081,earthquake,,0,reviewed,",us6000jrw0,",8,2,0,2.035737777777778,MEDIUM,1,0,0.48,0.9857142857142858,6.357142857142857
2019-10-25 17:17:52.578,"96 km NE of Finschhafen, Papua New Guinea",4.6,101.89,148.4271,-5.9079,earthquake,,0,reviewed,",us600062xj,",17,10,4,0.8040936111111111,MEDIUM,1,0,0.45999999999999996,0.8544428571428572,5.863328571428571
2021-07-04 18:06:32.167,South Sandwich Islands region,4.5,115.22,-27.8023,-56.2204,earthquake,,0,reviewed,",us6000et82,",18,7,6,1.0309286111111111,MEDIUM,1,0,0.45,0.8354,5.7562
2016-04-15 16:30:46.470,"13 km SW of Saiki, Japan",5.1,10.0,131.8011,32.8598,earthquake,,0,reviewed,",us20005l06,",16,4,4,0.09451388888888888,MEDIUM,1,0,0.51,0.9857142857142858,6.507142857142857
2019-09-24 10:15:56.626,"201 km SSE of Cambutal, Panama",4.7,10.0,-79.6971,5.6211,earthquake,,0,reviewed,",us60005mq0,",10,9,1,0.5529066666666667,MEDIUM,1,0,0.47000000000000003,0.9857142857142858,6.307142857142857
2023-03-11 21:23:25.167,southern Mid-Atlantic Ridge,4.6,10.0,-13.3361,-45.8406,earthquake,,0,reviewed,",us7000jkgv,",21,3,5,0.1900588888888889,MEDIUM,1,0,0.45999999999999996,0.9857142857142858,6.257142857142856
2022-01-12 09:41:27.146,South Sandwich Islands region,4.5,100.35,-27.5103,-56.2958,earthquake,,0,reviewed,",us7000gdl8,",9,1,2,3.099572222222222,MEDIUM,1,0,0.45,0.8566428571428572,5.819928571428571
2017-08-23 11:57:25.870,"23 km WSW of Pullo, Peru",4.6,68.28,-74.0293,-15.2997,earthquake,,0,reviewed,",us2000aaxe,",11,8,2,0.46845555555555557,MEDIUM,1,0,0.45999999999999996,0.9024571428571428,6.007371428571427
2020-10-19 21:17:21.358,"98 km SSE of Sand Point, Alaska",4.6,37.18,-159.6541,54.5979,earthquake,,0,reviewed,",ak020dgx2h8v,us6000cc2w,",21,10,0,0.051851388888888884,MEDIUM,1,0,0.45999999999999996,0.9468857142857143,6.140657142857143
2020-04-15 22:29:49.386,"109 km SSE of Kuqa, China",4.5,10.0,83.3562,40.7878,earthquake,,0,reviewed,",us70008x61,",22,4,2,0.7179483333333333,MEDIUM,1,0,0.45,0.9857142857142858,6.207142857142856
2022-10-20 02:26:44.371,"151 km S of Bengkulu, Indonesia",4.6,35.0,102.4005,-5.1643,earthquake,,0,reviewed,",us6000iv1l,",2,10,3,0.142335,MEDIUM,1,0,0.45999999999999996,0.95,6.149999999999999
2016-12-05 18:52:38.840,"74 km S of Hihifo, Tonga",4.5,80.76,-173.7268,-16.6202,earthquake,,0,reviewed,",us2000807x,",18,12,0,0.7763444444444445,MEDIUM,1,1,0.45,0.8846285714285714,5.903885714285714
2021-06-03 19:49:08.413,"136 km NNE of Hihifo, Tonga",4.5,10.0,-173.4952,-14.7549,earthquake,,0,reviewed,",us7000eb73,",19,6,3,2.526731388888889,MEDIUM,1,1,0.45,0.9857142857142858,6.207142857142856
2021-02-04 17:51:41.217,"54 km WSW of Gizo, Solomon Islands",4.6,10.0,156.3754,-8.2702,earthquake,,0,reviewed,",us6000dgq2,",17,2,3,0.8269963888888888,MEDIUM,1,0,0.45999999999999996,0.9857142857142858,6.257142857142856
2021-02-12 03:37:56.354,"7 km SE of Daday, Turkey",4.6,10.0,33.5393,41.4361,earthquake,,0,reviewed,",us6000dgvq,",3,2,4,0.005856388888888888,MEDIUM,1,0,0.45999999999999996,0.9857142857142858,6.257142857142856
2023-06-09 23:32:02.844,south of the Fiji Islands,4.6,9.812,-177.1376,-23.6738,earthquake,,0,reviewed,",us7000k8pl,",23,6,4,0.7617080555555555,MEDIUM,1,1,0.45999999999999996,0.9859828571428572,6.257948571428571
2019-08-13 18:29:24.009,"125 km SW of Lata, Solomon Islands",4.6,10.0,165.0941,-11.6226,earthquake,,0,reviewed,",us600057iu,",18,8,1,2.6560455555555555,MEDIUM,1,0,0.45999999999999996,0.9857142857142858,6.257142857142856
2022-08-19 02:42:12.196,southern Mid-Atlantic Ridge,5.4,10.0,-11.7575,-20.4516,earthquake,green,0,reviewed,",us6000ic0i,",2,8,4,0.11373583333333334,MEDIUM,1,0,0.54,0.9857142857142858,6.657142857142857
2023-04-04 15:15:42.968,"Hokkaido, Japan region",4.6,73.955,144.9347,42.8125,earthquake,,0,reviewed,",us6000k1yq,",15,4,1,0.5371341666666667,MEDIUM,1,0,0.45999999999999996,0.89435,5.9830499999999995
2017-07-20 23:23:51.780,"6 km NNW of Kos, Greece",4.7,10.0,27.2653,36.9482,earthquake,,0,reviewed,",us20009ypp,",23,7,3,0.40319166666666667,MEDIUM,1,0,0.47000000000000003,0.9857142857142858,6.307142857142857
2017-09-11 02:23:51.090,"62 km S of San Mateo del Mar, Mexico",4.7,51.53,-94.9001,15.6517,earthquake,,0,reviewed,",us2000ajsz,",2,9,0,0.8615027777777777,MEDIUM,1,0,0.47000000000000003,0.9263857142857143,6.129157142857142
2018-09-14 12:20:16.840,south of Tonga,4.6,10.0,-175.4686,-24.1196,earthquake,,0,reviewed,",us2000hi7s,",12,9,4,0.6383694444444444,MEDIUM,1,1,0.45999999999999996,0.9857142857142858,6.257142857142856
2020-12-17 18:04:55.642,"45 km N of Yigo Village, Guam",4.9,119.73,144.9388,13.9478,earthquake,,0,reviewed,",us7000crw9,",18,12,3,1.399783611111111,MEDIUM,1,0,0.49000000000000005,0.8289571428571428,5.936871428571429
2021-02-17 12:29:34.940,"59 km NNW of Finschhafen, Papua New Guinea",4.6,60.94,147.6186,-6.0743,earthquake,,0,reviewed,",us6000didn,",12,2,2,0.08003638888888888,MEDIUM,1,0,0.45999999999999996,0.9129428571428572,6.038828571428571
2018-01-07 06:47:15.780,"86 km E of W?ngjing, India",5.6,33.0,94.9055,24.7382,earthquake,green,0,reviewed,",us1000c1my,iscgem616640738,",6,1,6,0.6578916666666667,MEDIUM,1,0,0.5599999999999999,0.9528571428571428,6.658571428571428
2020-03-17 08:12:03.636,"54 km NNW of Tomé, Chile",5.6,33.03,-73.1685,-36.1555,earthquake,green,0,reviewed,",us60008gzt,pt20077000,",8,3,1,0.5813741666666667,MEDIUM,1,0,0.5599999999999999,0.9528142857142857,6.658442857142857
2019-02-20 07:09:24.560,"2 km NNW of Capissayan Sur, Philippines",4.6,82.35,121.8102,18.069,earthquake,,0,reviewed,",us1000j9df,",7,2,2,0.3103194444444445,MEDIUM,1,0,0.45999999999999996,0.8823571428571428,5.947071428571428
2022-02-12 14:27:57.084,central Mid-Atlantic Ridge,5.0,10.0,-19.7758,-0.4424,earthquake,,0,reviewed,",us7000gkab,",14,2,5,2.4655827777777777,MEDIUM,1,0,0.5,0.9857142857142858,6.457142857142857
2023-12-16 10:44:47.296,"Maug Islands region, Northern Mariana Islands",4.7,10.0,145.3661,20.0334,earthquake,,0,reviewed,",us7000lji1,",10,12,5,0.44784972222222225,MEDIUM,1,0,0.47000000000000003,0.9857142857142858,6.307142857142857
2019-01-06 03:45:34.525,"61 km WNW of Tanana, Alaska",5.1,17.1,-153.2799,65.407,earthquake,green,0,reviewed,",ak0199za3yf,us2000j0p8,",3,1,6,4.855579166666667,MEDIUM,1,0,0.51,0.9755714285714285,6.476714285714285
2015-03-08 15:43:47.220,"194 km N of Bamboo Flat, India",4.6,40.08,92.7483,13.4596,earthquake,,0,reviewed,",us10001ll4,",15,3,6,0.28831666666666667,MEDIUM,1,0,0.45999999999999996,0.9427428571428571,6.12822857142857
2021-06-29 00:09:18.419,"189 km NE of Tual, Indonesia",4.6,10.0,133.9968,-4.4488,earthquake,,0,reviewed,",us6000eqp1,",0,6,1,0.14992166666666665,MEDIUM,1,0,0.45999999999999996,0.9857142857142858,6.257142857142856
2021-02-10 16:30:32.308,southeast of the Loyalty Islands,4.9,10.0,171.6477,-23.3364,earthquake,,0,reviewed,",us6000dj1q,",16,2,2,0.18230944444444444,MEDIUM,1,0,0.49000000000000005,0.9857142857142858,6.407142857142857
2016-03-12 18:01:05.180,"Andreanof Islands, Aleutian Islands, Alaska",4.6,51.47,-174.1299,51.7414,earthquake,,0,reviewed,",ak12969555,ak0163bdf0a7,us10004x1u,",18,3,5,1.9305555555555556,MEDIUM,1,0,0.45999999999999996,0.9264714285714286,6.079414285714285
2018-01-23 03:45:14.210,Iran-Iraq border region,4.7,10.0,46.9244,33.4499,earthquake,,0,reviewed,",us2000cmwc,",3,1,1,0.4789833333333333,MEDIUM,1,0,0.47000000000000003,0.9857142857142858,6.307142857142857
2016-11-02 03:44:31.700,"181 km SSE of Ust’-Kamchatsk Staryy, Russia",5.4,10.0,163.6926,54.7482,earthquake,,0,reviewed,",us100073lv,",3,11,2,3.8183361111111114,MEDIUM,1,0,0.54,0.9857142857142858,6.657142857142857
2021-03-13 03:17:49.304,Kermadec Islands region,4.7,10.0,-176.912,-30.1237,earthquake,,0,reviewed,",us7000dj0a,",3,3,5,0.33827305555555554,MEDIUM,1,1,0.47000000000000003,0.9857142857142858,6.307142857142857
2016-11-29 08:54:19.520,"241 km E of Levuka, Fiji",4.7,592.27,-178.4078,-17.8817,earthquake,,0,reviewed,",us10007d35,",8,11,1,0.13283333333333333,MEDIUM,1,1,0.47000000000000003,0.15390000000000004,3.8117
2024-01-13 08:26:21.958,"103 km NNW of San Antonio de los Cobres, Argentina",4.5,215.291,-66.8197,-23.402,earthquake,,0,reviewed,",us6000m3h4,",8,1,5,1.5061080555555555,MEDIUM,1,0,0.45,0.6924414285714287,5.327324285714285
2017-11-28 23:34:21.170,"62 km S of Champerico, Guatemala",4.5,35.0,-91.805,13.7353,earthquake,,0,reviewed,",us2000bvpw,",23,11,1,5.938938888888889,MEDIUM,1,0,0.45,0.95,6.1
2022-01-23 02:26:58.135,"58 km N of Rabaul, Papua New Guinea",4.5,10.0,152.0658,-3.6778,earthquake,,0,reviewed,",us7000ggmz,",2,1,6,0.09394694444444444,MEDIUM,1,0,0.45,0.9857142857142858,6.207142857142856
2021-08-18 19:27:57.134,South Sandwich Islands region,5.1,15.15,-28.3224,-55.3813,earthquake,,0,reviewed,",us6000f823,",19,8,2,0.11034972222222222,MEDIUM,1,0,0.51,0.9783571428571428,6.485071428571429
2020-04-16 19:55:59.769,Reykjanes Ridge,4.5,10.0,-34.7727,52.6537,earthquake,,0,reviewed,",us70008xvf,",19,4,3,0.5437297222222222,MEDIUM,1,0,0.45,0.9857142857142858,6.207142857142856
2022-07-25 13:39:33.813,"97 km SE of D?r?b, Iran",4.6,10.0,55.291,28.1769,earthquake,,0,reviewed,",us7000htbd,",13,7,0,0.10142972222222223,MEDIUM,1,0,0.45999999999999996,0.9857142857142858,6.257142857142856
2016-08-23 06:51:40.920,South Sandwich Islands region,4.8,10.0,-28.0103,-55.2956,earthquake,,0,reviewed,",us10006fy2,",6,8,1,1.8663083333333332,MEDIUM,1,0,0.48,0.9857142857142858,6.357142857142857
2018-07-17 07:02:53.020,"118 km SE of Lata, Solomon Islands",6.0,37.96,166.432,-11.5936,earthquake,green,0,reviewed,",us2000g6uy,iscgem612522377,",7,7,1,3.072147222222222,HIGH,0,0,0.6,0.9457714285714286,6.837314285714285
2016-02-21 11:03:50.100,"161 km NNW of Fais, Micronesia",4.7,50.48,140.1059,11.1668,earthquake,,0,reviewed,",us10004ri5,gcmt20160221110351,",11,2,6,1.3700750000000002,MEDIUM,1,0,0.47000000000000003,0.9278857142857143,6.1336571428571425
2018-09-10 08:49:15.830,"39 km NNW of Labuan Lombok, Indonesia",4.7,14.01,116.5351,-8.1685,earthquake,,0,reviewed,",us2000hbu5,",8,9,0,0.41684722222222226,MEDIUM,1,0,0.47000000000000003,0.9799857142857142,6.289957142857142
2016-03-03 07:11:16.090,"17 km NNE of Nichinan, Japan",5.3,55.49,131.4272,31.7483,earthquake,,0,reviewed,",us10004u9q,iscgem608450919,",7,3,3,0.4459944444444444,MEDIUM,1,0,0.53,0.9207285714285715,6.412185714285714
2017-04-03 03:08:51.210,"7 km SSE of Stilfontein, South Africa",5.2,5.0,26.8014,-26.9092,earthquake,yellow,0,reviewed,",us10008e0f,iscgem610471076,",3,4,0,0.39511388888888893,MEDIUM,1,0,0.52,0.9928571428571429,6.578571428571428
2021-08-29 21:27:28.663,"139 km NNE of San Pedro de Atacama, Chile",4.6,216.44,-67.684,-21.7482,earthquake,,0,reviewed,",us7000f5ig,",21,8,6,1.319376388888889,MEDIUM,1,0,0.45999999999999996,0.6908000000000001,5.372399999999999
2017-02-03 11:58:46.050,"90 km W of Panguna, Papua New Guinea",4.5,10.0,154.675,-6.4511,earthquake,,0,reviewed,",us20008k8f,",11,2,4,0.1829222222222222,MEDIUM,1,0,0.45,0.9857142857142858,6.207142857142856
2018-10-02 14:17:58.400,"281 km WNW of Haveluloto, Tonga",4.6,528.48,-177.8592,-20.6184,earthquake,,0,reviewed,",us1000h9ga,",14,10,1,2.7048805555555555,MEDIUM,1,1,0.45999999999999996,0.24502857142857137,4.035085714285715
2023-05-05 07:34:14.541,"153 km S of False Pass, Alaska",4.6,16.685,-163.3784,53.4719,earthquake,,0,reviewed,",us6000k9my,ak0235qujqpv,",7,5,4,1.6771130555555556,MEDIUM,1,0,0.45999999999999996,0.9761642857142857,6.228492857142856
2019-02-08 12:02:55.940,"22 km ENE of Union, Philippines",4.9,10.0,126.2977,9.8291,earthquake,,0,reviewed,",us2000jnfl,",12,2,4,0.056925,MEDIUM,1,0,0.49000000000000005,0.9857142857142858,6.407142857142857
2015-11-18 01:58:46.980,"289 km WSW of Tual, Indonesia",5.2,116.0,130.2773,-6.4635,earthquake,,0,reviewed,",us10003z6v,gcmt20151118015847,",1,11,2,2.0990277777777777,MEDIUM,1,0,0.52,0.8342857142857143,6.102857142857142
2022-08-07 23:02:10.957,"eastern New Guinea region, Papua New Guinea",4.8,40.26,146.4573,-5.7268,earthquake,,0,reviewed,",us6000i8yn,",23,8,6,0.08249277777777778,MEDIUM,1,0,0.48,0.9424857142857143,6.227457142857142
2022-08-02 05:02:21.224,"169 km NNW of Sola, Vanuatu",4.5,226.558,166.9434,-12.4637,earthquake,,0,reviewed,",us6000i7d1,",5,8,1,2.5876652777777776,MEDIUM,1,0,0.45,0.6763457142857143,5.279037142857143
2021-08-13 01:34:38.576,South Sandwich Islands region,4.5,10.0,-23.3337,-58.3287,earthquake,,0,reviewed,",us7000f31f,",1,8,4,0.1324422222222222,MEDIUM,1,0,0.45,0.9857142857142858,6.207142857142856
2018-11-05 19:48:36.160,"11 km SSW of Taungdwingyi, Myanmar",4.6,10.0,95.4886,19.9145,earthquake,,0,reviewed,",us2000i74f,",19,11,0,0.1502777777777778,MEDIUM,1,0,0.45999999999999996,0.9857142857142858,6.257142857142856
2020-09-29 17:55:43.245,"126 km SSW of Komodo, Indonesia",4.9,10.0,119.0589,-9.6539,earthquake,,0,reviewed,",us6000c2rr,",17,9,1,2.168272222222222,MEDIUM,1,0,0.49000000000000005,0.9857142857142858,6.407142857142857
2020-09-20 15:21:12.160,"94 km NW of Nuku‘alofa, Tonga",4.5,110.9,-175.8696,-20.5589,earthquake,,0,reviewed,",us6000c0m9,",15,9,6,1.8789902777777776,MEDIUM,1,1,0.45,0.8415714285714285,5.7747142857142855
2024-03-22 05:31:12.251,"107 km N of Paciran, Indonesia",5.2,10.0,112.3829,-5.909,earthquake,,0,reviewed,",us6000mkf6,usauto6000mkf6,",5,3,4,0.15758944444444445,MEDIUM,1,0,0.52,0.9857142857142858,6.557142857142857
2018-09-15 04:29:49.000,north of Ascension Island,4.7,10.0,-15.6717,-1.3464,earthquake,,0,reviewed,",us2000hezz,",4,9,5,0.2538333333333333,MEDIUM,1,0,0.47000000000000003,0.9857142857142858,6.307142857142857
2017-02-27 14:51:55.970,"236 km SE of Hihifo, Tonga",4.6,22.11,-171.9857,-17.1842,earthquake,,0,reviewed,",us100087i2,",14,2,0,1.4581722222222222,MEDIUM,1,1,0.45999999999999996,0.9684142857142857,6.205242857142856
2022-09-30 03:43:08.787,"52 km NE of Angoram, Papua New Guinea",4.9,10.0,144.4065,-3.7326,earthquake,,0,reviewed,",us6000ipic,",3,9,4,0.34765388888888893,MEDIUM,1,0,0.49000000000000005,0.9857142857142858,6.407142857142857
2022-07-04 22:21:28.888,"20 km WNW of Ust’-Kamchatsk Staryy, Russia",4.6,10.0,162.1506,56.2734,earthquake,,0,reviewed,",us6000hzvj,",22,7,0,0.17999333333333334,MEDIUM,1,0,0.45999999999999996,0.9857142857142858,6.257142857142856
2023-10-23 20:35:22.084,southeast of the Loyalty Islands,4.6,10.0,170.8182,-23.2966,earthquake,,0,reviewed,",us7000l5un,",20,10,0,3.806093888888889,MEDIUM,1,0,0.45999999999999996,0.9857142857142858,6.257142857142856
2022-08-10 05:36:52.771,"223 km SW of Merizo Village, Guam",4.9,43.421,143.0062,12.0713,earthquake,,0,reviewed,",us6000i9ml,",5,8,2,1.5184080555555557,MEDIUM,1,0,0.49000000000000005,0.93797,6.26391
2023-01-16 04:47:12.256,"6 km ESE of Comapa, Guatemala",5.0,7.997,-89.8596,14.0805,earthquake,,0,reviewed,",us7000j4mi,",4,1,0,2.3725258333333334,MEDIUM,1,0,0.5,0.9885757142857143,6.465727142857142
2021-11-30 12:14:34.031,"108 km NW of Rabaul, Papua New Guinea",5.8,10.0,151.4221,-3.5578,earthquake,green,0,reviewed,",us6000g7w4,usauto6000g7w4,pt21334001,at00r3dwoe,",12,11,1,1.0073077777777777,MEDIUM,1,0,0.58,0.9857142857142858,6.857142857142856
2018-10-08 15:45:15.350,"Bonin Islands, Japan region",4.6,37.76,141.6854,28.4707,earthquake,,0,reviewed,",us1000hb5z,",15,10,0,0.3629527777777778,MEDIUM,1,0,0.45999999999999996,0.9460571428571428,6.138171428571427
2015-03-08 10:35:25.990,"124 km ENE of Miyako, Japan",4.6,22.25,143.3597,39.8947,earthquake,,0,reviewed,",usc000twit,",10,3,6,2.644511111111111,MEDIUM,1,0,0.45999999999999996,0.9682142857142857,6.204642857142856
2024-05-26 04:13:40.619,"54 km WSW of San Juan, Peru",4.5,10.0,-75.6114,-15.5954,earthquake,,0,reviewed,",us6000n11h,",4,5,6,0.23942888888888889,MEDIUM,1,0,0.45,0.9857142857142858,6.207142857142856
2024-09-06 14:24:59.611,"Auckland Islands, New Zealand region",5.2,32.055,164.5975,-49.0629,earthquake,,0,reviewed,",usauto6000nq21,us6000nq21,",14,9,4,3.0293636111111115,MEDIUM,1,0,0.52,0.9542071428571428,6.462621428571428
2017-02-27 09:29:12.060,"181 km SW of Merizo Village, Guam",4.6,10.0,143.3576,12.2466,earthquake,,0,reviewed,",us20008mn7,",9,2,0,0.3092916666666667,MEDIUM,1,0,0.45999999999999996,0.9857142857142858,6.257142857142856
2020-01-10 20:15:28.589,"81 km SE of Lakatoro, Vanuatu",4.9,10.0,167.934,-16.646,earthquake,,0,reviewed,",us60007dqn,",20,1,4,0.14648222222222224,MEDIUM,1,0,0.49000000000000005,0.9857142857142858,6.407142857142857
2019-05-15 10:54:42.944,"2 km SW of Gastoúni, Greece",4.6,10.0,21.2285,37.8314,earthquake,,0,reviewed,",us70003lge,",10,5,2,2.0007816666666667,MEDIUM,1,0,0.45999999999999996,0.9857142857142858,6.257142857142856
2019-12-15 07:56:50.014,"1 km NNW of Bansalan, Philippines",4.9,15.45,125.2055,6.7988,earthquake,,0,reviewed,",us60006rq6,",7,12,6,0.05166111111111111,MEDIUM,1,0,0.49000000000000005,0.9779285714285715,6.383785714285715
2019-02-21 06:57:12.320,"173 km NNW of Sola, Vanuatu",4.7,111.17,166.8291,-12.4765,earthquake,,0,reviewed,",us1000j9fm,",6,2,3,0.15079444444444445,MEDIUM,1,0,0.47000000000000003,0.8411857142857143,5.873557142857143
2023-01-26 04:23:51.212,"167 km NW of Tobelo, Indonesia",5.7,35.0,126.9856,2.8391,earthquake,green,0,reviewed,",usauto6000jjbj,us6000jjbj,",4,1,3,0.12938777777777777,MEDIUM,1,0,0.5700000000000001,0.95,6.7
2016-09-23 01:57:42.090,"195 km SE of Hasaki, Japan",4.5,10.0,142.3192,34.4626,earthquake,,0,reviewed,",us10006rtv,",1,9,4,0.09154166666666667,MEDIUM,1,0,0.45,0.9857142857142858,6.207142857142856
2019-07-02 14:53:12.336,"79 km SW of Mendi, Papua New Guinea",5.1,10.0,143.0896,-6.5836,earthquake,,0,reviewed,",us700048mu,",14,7,1,0.026516944444444444,MEDIUM,1,0,0.51,0.9857142857142858,6.507142857142857
2022-07-06 22:09:12.433,Mariana Islands region,4.8,35.0,145.8136,21.3257,earthquake,,0,reviewed,",us6000i0dw,",22,7,2,2.2892686111111114,MEDIUM,1,0,0.48,0.95,6.249999999999999
2021-07-10 18:45:19.834,"7 km S of Sangay, Philippines",4.9,77.49,124.0361,6.3799,earthquake,,0,reviewed,",us6000eu6g,",18,7,5,1.9464525000000001,MEDIUM,1,0,0.49000000000000005,0.8893,6.1179
2022-03-14 15:00:58.348,"Kermadec Islands, New Zealand",4.6,10.0,-177.6833,-30.1262,earthquake,,0,reviewed,",us6000h4g1,",15,3,0,0.17171722222222222,MEDIUM,1,1,0.45999999999999996,0.9857142857142858,6.257142857142856
2019-07-26 21:00:04.207,"148 km NNE of Nurota, Uzbekistan",4.6,10.0,66.0419,41.8721,earthquake,,0,reviewed,",us60004w5t,",21,7,4,0.7186988888888889,MEDIUM,1,0,0.45999999999999996,0.9857142857142858,6.257142857142856
2015-08-26 20:17:06.660,"55 km NNW of Hihifo, Tonga",4.8,78.45,-173.9724,-15.4786,earthquake,,0,reviewed,",us20003hjs,",20,8,2,4.446933333333333,MEDIUM,1,1,0.48,0.8879285714285714,6.0637857142857134
2022-03-31 07:49:16.221,"207 km WSW of Merizo Village, Guam",4.5,19.16,143.0748,12.2365,earthquake,,0,reviewed,",us7000gzvd,",7,3,3,0.1272536111111111,MEDIUM,1,0,0.45,0.9726285714285714,6.167885714285713
2024-10-01 21:19:49.760,"62 km NE of Gigmoto, Philippines",5.9,10.0,124.8171,14.1621,earthquake,green,0,reviewed,",us7000nhk8,usauto7000nhk8,pt24275002,at00skp4l7,",21,10,1,0.3481238888888889,MEDIUM,1,0,0.5900000000000001,0.9857142857142858,6.9071428571428575
2020-02-04 15:47:12.160,"155 km SE of Gizo, Solomon Islands",5.1,10.0,157.9045,-9.0299,earthquake,,0,reviewed,",us60007pgq,",15,2,1,0.01058611111111111,MEDIUM,1,0,0.51,0.9857142857142858,6.507142857142857
2015-02-03 17:41:14.070,"66 km W of Bulolo, Papua New Guinea",4.6,157.77,146.0417,-7.1299,earthquake,,0,reviewed,",usc000tlbi,",17,2,1,0.8485444444444445,MEDIUM,1,0,0.45999999999999996,0.7746142857142857,5.623842857142857
2015-02-22 22:17:07.600,Fiji region,4.7,576.39,-177.4639,-19.2428,earthquake,,0,reviewed,",usc000tsck,",22,2,6,1.0426666666666666,MEDIUM,1,1,0.47000000000000003,0.17658571428571435,3.879757142857143
2019-10-03 04:54:56.369,"9 km SW of Tingloy, Philippines",4.6,137.86,120.7991,13.6052,earthquake,,0,reviewed,",us70005q4r,",4,10,3,0.16661638888888888,MEDIUM,1,0,0.45999999999999996,0.8030571428571428,5.709171428571428
2023-02-18 19:55:20.601,South Sandwich Islands region,4.7,35.0,-28.166,-55.6068,earthquake,,0,reviewed,",us6000jpyx,",19,2,5,0.39690527777777773,MEDIUM,1,0,0.47000000000000003,0.95,6.2
2019-03-16 15:46:28.385,"65 km W of Poso, Indonesia",4.5,10.0,120.1654,-1.4616,earthquake,,0,reviewed,",us1000jh2x,",15,3,5,0.8022855555555556,MEDIUM,1,0,0.45,0.9857142857142858,6.207142857142856
2019-06-14 01:12:10.835,"170 km SE of Kokopo, Papua New Guinea",4.8,46.57,153.5211,-5.2433,earthquake,,0,reviewed,",us600040jn,",1,6,4,0.08605777777777777,MEDIUM,1,0,0.48,0.9334714285714286,6.200414285714285
2017-09-17 14:23:04.020,"118 km WNW of Höfn, Iceland",4.6,8.23,-17.6137,64.4904,earthquake,,0,reviewed,",us2000at6b,",14,9,6,0.8760305555555555,MEDIUM,1,0,0.45999999999999996,0.9882428571428571,6.26472857142857
2018-02-05 15:58:41.310,"20 km NE of Hualien City, Taiwan",4.8,8.42,121.7522,24.1071,earthquake,,0,reviewed,",us1000cg32,",15,2,0,0.9691944444444445,MEDIUM,1,0,0.48,0.9879714285714286,6.363914285714286
2024-01-20 06:03:04.554,"103 km WSW of Ternate, Indonesia",4.5,54.254,126.5094,0.4868,earthquake,,0,reviewed,",us6000m4xs,",6,1,5,0.7138919444444445,MEDIUM,1,0,0.45,0.9224942857142857,6.017482857142857
2022-02-22 11:05:21.870,south of the Fiji Islands,4.5,500.33,-179.4899,-23.8078,earthquake,,0,reviewed,",us7000gmxi,",11,2,1,0.3533516666666667,MEDIUM,1,1,0.45,0.28524285714285713,4.105728571428572
2018-02-08 01:54:59.140,"21 km WSW of Madang, Papua New Guinea",4.5,35.0,145.6279,-5.3276,earthquake,,0,reviewed,",us2000cylz,",1,2,3,0.3519166666666667,MEDIUM,1,0,0.45,0.95,6.1
2017-10-04 07:34:12.090,"106 km SSW of Manuel Ávila Camacho (Ponte Duro), Mexico",4.8,36.93,-94.1416,15.0051,earthquake,,0,reviewed,",us2000b0vg,",7,10,2,0.12016111111111111,MEDIUM,1,0,0.48,0.9472428571428572,6.24172857142857
2016-12-17 14:05:30.250,"131 km W of Panguna, Papua New Guinea",4.7,10.0,154.3101,-6.1198,earthquake,,0,reviewed,",us10007psg,",14,12,5,0.17767777777777777,MEDIUM,1,0,0.47000000000000003,0.9857142857142858,6.307142857142857
2018-08-01 02:50:15.610,northern Mid-Atlantic Ridge,4.5,10.0,-27.4525,47.3107,earthquake,,0,reviewed,",us1000g46z,",2,8,2,4.8517527777777785,MEDIUM,1,0,0.45,0.9857142857142858,6.207142857142856
2016-10-28 01:31:28.960,"73 km SE of Atka, Alaska",5.0,38.83,-173.5248,51.6823,earthquake,,0,reviewed,",ak14279470,ak016dvh2y13,us100072iu,iscgem609622314,",1,10,4,0.8251944444444443,MEDIUM,1,0,0.5,0.9445285714285714,6.3335857142857135
2019-09-25 15:21:50.033,"160 km S of Pýrgos, Greece",4.5,4.77,25.3872,33.5716,earthquake,,0,reviewed,",us70005l68,",15,9,2,0.7060522222222222,MEDIUM,1,0,0.45,0.9931857142857143,6.229557142857143
2024-01-11 09:50:08.339,"104 km SSW of Alo, Wallis and Futuna",4.7,10.0,-178.427,-15.2008,earthquake,,0,reviewed,",us6000m4h8,",9,1,3,0.15554194444444444,MEDIUM,1,1,0.47000000000000003,0.9857142857142858,6.307142857142857
2020-01-05 17:23:59.932,"290 km SSW of Severo-Kuril’sk, Russia",4.5,10.0,155.2073,48.1341,earthquake,,0,reviewed,",us70006v11,",17,1,6,0.3822855555555556,MEDIUM,1,0,0.45,0.9857142857142858,6.207142857142856
2015-10-16 04:43:55.760,"151 km E of Iquique, Chile",4.7,107.79,-68.7246,-19.9738,earthquake,,0,reviewed,",us10003p1x,",4,10,4,0.5059138888888889,MEDIUM,1,0,0.47000000000000003,0.8460142857142857,5.888042857142857
2017-01-23 04:33:05.930,"104 km ESE of Kimbe, Papua New Guinea",4.5,10.0,150.9461,-6.0458,earthquake,,0,reviewed,",us20008i6u,",4,1,0,2.870538888888889,MEDIUM,1,0,0.45,0.9857142857142858,6.207142857142856
2024-08-21 13:38:16.240,"242 km NNE of Lospalos, Timor Leste",4.6,312.228,128.0544,-6.6006,earthquake,,0,reviewed,",us7000n8gq,",13,8,2,0.17738527777777777,MEDIUM,1,0,0.45999999999999996,0.55396,4.96188
2015-07-27 05:17:15.130,"71 km SSW of Nikolski, Alaska",4.7,36.32,-169.301,52.3582,earthquake,,0,reviewed,",ak11657480,ak0159k2v0xg,us200030ax,",5,7,0,0.08243611111111111,MEDIUM,1,0,0.47000000000000003,0.9481142857142857,6.194342857142857
2016-12-05 07:33:19.170,"207 km W of Cochrane, Chile",5.2,35.0,-75.3081,-47.1545,earthquake,,0,reviewed,",us10007exm,",7,12,0,6.337302777777778,MEDIUM,1,0,0.52,0.95,6.449999999999999
2016-06-11 18:12:23.380,"66 km SE of Tuensang, India",4.5,83.12,95.2245,25.7858,earthquake,,0,reviewed,",us200063uf,",18,6,5,0.9363083333333333,MEDIUM,1,0,0.45,0.8812571428571429,5.893771428571428
2023-02-02 21:20:42.988,south of the Fiji Islands,4.6,639.011,178.3907,-25.8931,earthquake,,0,reviewed,",us6000jl1t,",21,2,3,3.6400116666666666,MEDIUM,1,0,0.45999999999999996,0.08712714285714296,3.5613814285714285
2022-03-02 01:53:47.030,South Sandwich Islands region,4.8,10.0,-23.7865,-57.9483,earthquake,,0,reviewed,",us6000h2ss,",1,3,2,0.8422255555555556,MEDIUM,1,0,0.48,0.9857142857142858,6.357142857142857
2017-11-16 10:38:09.230,"70 km ENE of Tadine, New Caledonia",4.6,17.41,168.5487,-21.4174,earthquake,,0,reviewed,",us2000bpmt,",10,11,3,0.24568055555555557,MEDIUM,1,0,0.45999999999999996,0.9751285714285715,6.225385714285714
2020-02-22 06:16:03.980,South Sandwich Islands region,4.5,58.85,-27.5202,-56.1342,earthquake,,0,reviewed,",us600085ae,",6,2,5,1.7451997222222222,MEDIUM,1,0,0.45,0.9159285714285714,5.997785714285714
2018-02-18 18:57:21.670,"172 km NNE of Laikit, Laikit II (Dimembe), Indonesia",4.5,10.0,125.6596,2.8852,earthquake,,0,reviewed,",us2000d8s9,",18,2,6,0.42923333333333336,MEDIUM,1,0,0.45,0.9857142857142858,6.207142857142856
2021-05-19 15:24:49.092,"53 km W of Kirakira, Solomon Islands",4.5,64.08,161.4427,-10.3774,earthquake,,0,reviewed,",us7000e4hv,",15,5,2,0.29850861111111116,MEDIUM,1,0,0.45,0.9084571428571429,5.975371428571429
2022-10-26 07:05:07.639,"114 km SSE of Kushiro, Japan",4.6,10.0,144.8843,42.0197,earthquake,,0,reviewed,",us7000ikfl,",7,10,2,0.610551111111111,MEDIUM,1,0,0.45999999999999996,0.9857142857142858,6.257142857142856
2017-03-31 06:59:21.430,"64 km NNE of Hihifo, Tonga",5.0,70.82,-173.6736,-15.38,earthquake,,0,reviewed,",us10008dgc,",6,3,4,2.403722222222222,MEDIUM,1,1,0.5,0.8988285714285714,6.196485714285714
2021-07-19 22:06:46.494,"33 km SSE of Severomuysk, Russia",4.5,10.0,113.5891,55.8613,earthquake,,0,reviewed,",us7000enjm,",22,7,0,1.1614788888888887,MEDIUM,1,0,0.45,0.9857142857142858,6.207142857142856
2023-02-24 17:46:03.132,"143 km SSW of Merizo Village, Guam",4.7,10.0,143.972,12.1631,earthquake,,0,reviewed,",us7000jh2e,",17,2,4,0.29068499999999997,MEDIUM,1,0,0.47000000000000003,0.9857142857142858,6.307142857142857
2020-03-08 23:39:08.332,"11 km ENE of Sulat, Philippines",4.9,35.0,125.5543,11.8517,earthquake,,0,reviewed,",us60008c8m,",23,3,6,0.7139672222222223,MEDIUM,1,0,0.49000000000000005,0.95,6.3
2016-11-13 12:11:59.120,"37 km SE of Blenheim, New Zealand",4.9,10.0,174.2325,-41.7797,earthquake,,0,reviewed,",us10007dcq,",12,11,6,0.03403333333333333,MEDIUM,1,0,0.49000000000000005,0.9857142857142858,6.407142857142857
2018-01-13 11:24:34.730,"144 km ESE of Kirakira, Solomon Islands",5.8,11.0,163.0324,-11.1579,earthquake,green,0,reviewed,",us2000cj9r,iscgem611835733,",11,1,5,0.2809,MEDIUM,1,0,0.58,0.9842857142857143,6.852857142857141
2016-01-19 02:13:27.240,"92 km ESE of Yujing, Taiwan",5.6,27.1,121.3206,22.8626,earthquake,green,0,reviewed,",us10004fhj,gcmt20160119021328,iscgem612141345,",2,1,1,0.1492388888888889,MEDIUM,1,0,0.5599999999999999,0.9612857142857143,6.683857142857143
2015-03-16 22:54:50.620,"154 km WNW of Cabra, Philippines",4.6,39.55,118.6554,14.1846,earthquake,,0,reviewed,",us10001nsw,",22,3,0,0.4337583333333333,MEDIUM,1,0,0.45999999999999996,0.9435,6.1305
2023-09-25 04:12:20.503,South Sandwich Islands region,4.9,156.202,-28.3764,-55.9123,earthquake,,0,reviewed,",us7000kxxd,",4,9,0,2.723976388888889,MEDIUM,1,0,0.49000000000000005,0.7768542857142857,5.780562857142857
2017-11-19 16:07:08.700,"77 km ENE of Tadine, New Caledonia",5.3,10.0,168.6138,-21.4112,earthquake,,0,reviewed,",us2000bvhn,",16,11,6,0.08750833333333333,MEDIUM,1,0,0.53,0.9857142857142858,6.607142857142857
2022-10-19 15:03:02.176,"81 km ENE of Georgetown, Saint Helena",5.8,10.0,-13.6947,-7.7427,earthquake,green,0,reviewed,",us6000iuvx,usauto6000iuvx,at00rk09t8,",15,10,2,0.41122000000000003,MEDIUM,1,0,0.58,0.9857142857142858,6.857142857142856
2018-07-10 01:08:21.242,"54 km N of Petersville, Alaska",5.0,113.4,-150.6358,62.9789,earthquake,green,0,reviewed,",ak19854073,us2000g0ti,ak0188rwahak,",1,7,1,2.6124283333333334,MEDIUM,1,0,0.5,0.838,6.013999999999999
2021-01-29 13:23:25.131,"16 km NW of Limones, Panama",4.7,10.0,-82.9875,8.1871,earthquake,,0,reviewed,",us6000dcxa,",13,1,4,0.14458722222222223,MEDIUM,1,0,0.47000000000000003,0.9857142857142858,6.307142857142857
2023-04-24 10:58:31.943,"Nicobar Islands, India region",5.0,10.0,93.8685,9.3625,earthquake,,0,reviewed,",us6000k6r8,",10,4,0,1.4394066666666665,MEDIUM,1,0,0.5,0.9857142857142858,6.457142857142857
2024-05-19 16:57:28.683,"91 km NE of Tobelo, Indonesia",4.7,38.666,128.5835,2.3173,earthquake,,0,reviewed,",us6000mzpe,",16,5,6,1.4011027777777778,MEDIUM,1,0,0.47000000000000003,0.9447628571428571,6.184288571428571
2019-04-01 11:00:40.793,"201 km WNW of Pangai, Tonga",4.5,289.87,-176.2013,-19.3082,earthquake,,0,reviewed,",us2000k8h0,",11,4,0,0.6809063888888889,MEDIUM,1,1,0.45,0.5859,5.0077
2017-01-29 13:47:41.680,"77 km SE of Inarajan Village, Guam",5.0,10.0,145.154,12.6938,earthquake,,0,reviewed,",us10007w1b,",13,1,6,0.5962527777777779,MEDIUM,1,0,0.5,0.9857142857142858,6.457142857142857
2021-07-18 01:04:46.591,southeast of the Loyalty Islands,5.2,10.0,172.3893,-23.1429,earthquake,,0,reviewed,",usauto7000en1i,us7000en1i,",1,7,6,0.4702266666666667,MEDIUM,1,0,0.52,0.9857142857142858,6.557142857142857
2019-03-04 17:06:09.980,South Sandwich Islands region,4.7,68.38,-27.2928,-55.9475,earthquake,,0,reviewed,",us1000jevl,",17,3,0,0.37044166666666667,MEDIUM,1,0,0.47000000000000003,0.9023142857142857,6.056942857142857
2015-08-30 05:30:57.280,"64 km S of Yudomari, Japan",5.1,29.71,130.3794,29.6583,earthquake,,0,reviewed,",us1000363d,",5,8,6,9.475175,MEDIUM,1,0,0.51,0.9575571428571429,6.422671428571428
2023-02-04 16:40:39.697,"Volcano Islands, Japan region",4.6,35.929,143.9952,22.8725,earthquake,,0,reviewed,",us6000jlf8,",16,2,5,0.08343361111111111,MEDIUM,1,0,0.45999999999999996,0.9486728571428571,6.146018571428571
2024-04-03 00:35:36.982,"21 km NNE of Hualien City, Taiwan",5.6,15.864,121.6993,24.1511,earthquake,green,0,reviewed,",us7000m9gh,",0,4,2,0.07352249999999999,MEDIUM,1,0,0.5599999999999999,0.9773371428571429,6.732011428571428
2023-01-19 11:54:29.352,"197 km NW of Tobelo, Indonesia",4.5,23.649,126.6652,2.8996,earthquake,,0,reviewed,",us6000jjhe,",11,1,3,0.15504527777777777,MEDIUM,1,0,0.45,0.9662157142857143,6.148647142857142
2020-11-21 21:18:33.688,Mid-Indian Ridge,4.6,10.0,78.9572,-36.4702,earthquake,,0,reviewed,",us6000csfa,",21,11,5,3.2941869444444447,MEDIUM,1,0,0.45999999999999996,0.9857142857142858,6.257142857142856
2019-09-05 03:23:27.857,Kuril Islands,5.3,35.0,152.7605,46.5463,earthquake,,0,reviewed,",us70005c6w,",3,9,3,0.04269194444444444,MEDIUM,1,0,0.53,0.95,6.5
2021-03-30 23:58:41.073,Mariana Islands region,4.6,10.0,146.1159,21.3196,earthquake,,0,reviewed,",us6000dzs5,",23,3,1,2.3812158333333335,MEDIUM,1,0,0.45999999999999996,0.9857142857142858,6.257142857142856
2021-03-07 08:19:26.970,off the east coast of the North Island of New Zealand,5.2,10.0,179.752,-37.4193,earthquake,,0,reviewed,",us7000dgtk,",8,3,6,0.18590027777777776,MEDIUM,1,0,0.52,0.9857142857142858,6.557142857142857
2023-01-24 02:25:23.625,Molucca Sea,4.6,35.0,126.8379,2.7746,earthquake,,0,reviewed,",us6000jitw,",2,1,1,0.11519694444444445,MEDIUM,1,0,0.45999999999999996,0.95,6.149999999999999
2022-06-05 10:46:19.800,Kermadec Islands region,4.9,10.0,-176.6185,-28.3197,earthquake,,0,reviewed,",us7000hf4w,",10,6,6,0.21590166666666666,MEDIUM,1,1,0.49000000000000005,0.9857142857142858,6.407142857142857
2016-07-04 09:38:36.760,south of Panama,4.8,10.0,-82.872,3.4182,earthquake,,0,reviewed,",us10005zss,",9,7,0,0.07408055555555555,MEDIUM,1,0,0.48,0.9857142857142858,6.357142857142857
2022-05-24 19:19:40.297,southern East Pacific Rise,4.5,10.0,-115.3625,-24.2752,earthquake,,0,reviewed,",us7000hd45,",19,5,1,0.2544788888888889,MEDIUM,1,0,0.45,0.9857142857142858,6.207142857142856
2024-01-07 06:58:16.209,"211 km SW of Merizo Village, Guam",5.0,10.0,143.2291,11.9785,earthquake,,0,reviewed,",us6000m2b9,",6,1,6,0.5222461111111111,MEDIUM,1,0,0.5,0.9857142857142858,6.457142857142857
2015-10-21 05:29:23.530,"93 km ESE of Nago, Japan",4.6,14.7,128.8939,26.3911,earthquake,,0,reviewed,",us10003rx6,",5,10,2,0.6437611111111111,MEDIUM,1,0,0.45999999999999996,0.979,6.236999999999999
2021-11-01 18:38:08.475,"253 km S of Sinabang, Indonesia",4.7,10.0,96.7256,0.2161,earthquake,,0,reviewed,",us7000frrc,",18,11,0,0.002373611111111111,MEDIUM,1,0,0.47000000000000003,0.9857142857142858,6.307142857142857
2019-11-05 16:10:40.340,south of the Fiji Islands,4.5,502.67,179.7758,-24.9948,earthquake,,0,reviewed,",us60006b5m,",16,11,1,0.1837788888888889,MEDIUM,1,0,0.45,0.28189999999999993,4.0957
2024-01-03 01:11:31.461,"22 km E of Hinatuan, Philippines",5.0,76.597,126.5376,8.3515,earthquake,,0,reviewed,",us6000m1b7,",1,1,2,0.29508666666666666,MEDIUM,1,0,0.5,0.8905757142857142,6.171727142857143
2016-09-17 21:47:48.660,"62 km N of Jayapura, Indonesia",4.6,10.0,140.6905,-1.9714,earthquake,,0,reviewed,",us10006qhs,",21,9,5,1.2246444444444444,MEDIUM,1,0,0.45999999999999996,0.9857142857142858,6.257142857142856
2019-07-17 01:57:24.945,"137 km WSW of Ternate, Indonesia",4.7,27.12,126.2266,0.3524,earthquake,,0,reviewed,",us70004lz9,",1,7,2,0.4593741666666667,MEDIUM,1,0,0.47000000000000003,0.9612571428571428,6.233771428571428
2020-10-21 15:19:58.702,"Volcano Islands, Japan region",4.9,95.3,141.5184,25.6547,earthquake,,0,reviewed,",us6000caq8,",15,10,2,0.03478111111111111,MEDIUM,1,0,0.49000000000000005,0.8638571428571429,6.041571428571428
2021-09-13 10:41:28.284,"19 km NNE of Puli, Taiwan",4.9,51.81,121.0521,24.1212,earthquake,,0,reviewed,",us7000faqu,",10,9,0,0.5294972222222223,MEDIUM,1,0,0.49000000000000005,0.9259857142857143,6.227957142857142
2017-06-21 20:09:06.470,"16 km SSE of Naalehu, Hawaii",4.51,37.56,-155.538,18.9255,earthquake,,0,reviewed,",at00orwyn4,hv61807446,us20009nxd,",20,6,2,0.4659638888888889,MEDIUM,1,2,0.45099999999999996,0.9463428571428572,6.09402857142857
2020-06-07 20:06:38.760,"133 km SW of Kokopo, Papua New Guinea",5.9,47.78,151.5995,-5.3441,earthquake,green,0,reviewed,",us6000a7kv,at00qbknv7,pt20159001,",20,6,6,0.4318886111111111,MEDIUM,1,0,0.5900000000000001,0.9317428571428571,6.745228571428571
2021-03-07 16:40:41.872,Kermadec Islands region,5.0,10.0,-176.4416,-28.4982,earthquake,,0,reviewed,",us7000dgwu,",16,3,6,0.5800277777777777,MEDIUM,1,1,0.5,0.9857142857142858,6.457142857142857
2016-02-01 17:52:06.350,south of the Fiji Islands,4.9,216.59,-177.6888,-23.6892,earthquake,,0,reviewed,",us20004way,gcmt20160201175206,",17,2,0,0.8450944444444445,MEDIUM,1,1,0.49000000000000005,0.6905857142857144,5.521757142857143
2016-03-28 01:07:22.220,"184 km E of Tadine, New Caledonia",4.5,18.56,169.653,-21.6674,earthquake,,0,reviewed,",us20005dxe,",1,3,0,0.6568027777777777,MEDIUM,1,0,0.45,0.9734857142857143,6.170457142857143
2017-03-06 16:17:25.830,"109 km ENE of Miyako, Japan",4.6,31.77,143.1824,39.8672,earthquake,,0,reviewed,",us100087ap,",16,3,0,2.842086111111111,MEDIUM,1,0,0.45999999999999996,0.9546142857142857,6.163842857142857
2022-12-12 11:56:50.076,"25 km E of Mugur-Aksy, Russia",4.7,10.0,90.7918,50.3569,earthquake,,0,reviewed,",us6000j8rb,",11,12,0,2.3546680555555555,MEDIUM,1,0,0.47000000000000003,0.9857142857142858,6.307142857142857
2020-10-26 11:00:59.137,"25 km WNW of Agat Village, Guam",4.6,137.0,144.4299,13.4368,earthquake,,0,reviewed,",us6000cd9h,",11,10,0,1.5964747222222222,MEDIUM,1,0,0.45999999999999996,0.8042857142857143,5.712857142857143
2022-08-11 22:44:41.832,"Kermadec Islands, New Zealand",4.8,32.844,-177.6443,-30.4982,earthquake,green,0,reviewed,",us6000ic5w,",22,8,3,3.9728469444444445,MEDIUM,1,1,0.48,0.95308,6.25924
2018-01-12 09:19:23.620,"Bonin Islands, Japan region",4.5,10.0,142.8973,27.7481,earthquake,,0,reviewed,",us2000cprj,",9,1,4,2.8786583333333335,MEDIUM,1,0,0.45,0.9857142857142858,6.207142857142856
2024-07-01 17:11:01.854,"209 km N of Kilmia, Yemen",4.6,10.0,51.9559,14.0614,earthquake,,0,reviewed,",us6000n9m4,",17,7,0,3.849395,MEDIUM,1,0,0.45999999999999996,0.9857142857142858,6.257142857142856
2015-08-08 08:49:39.130,"46 km SSW of Andalgalá, Argentina",4.5,163.19,-66.4681,-27.9834,earthquake,,0,reviewed,",us100030eb,",8,8,5,0.15882777777777776,MEDIUM,1,0,0.45,0.7668714285714285,5.5506142857142855
2018-02-25 20:09:28.920,"47 km S of Tari, Papua New Guinea",4.8,10.0,142.8695,-6.2672,earthquake,,0,reviewed,",us2000dcxg,",20,2,6,0.029208333333333336,MEDIUM,1,0,0.48,0.9857142857142858,6.357142857142857
2016-10-30 20:13:50.010,"137 km WSW of Ternate, Indonesia",4.7,10.0,126.3431,0.117,earthquake,,0,reviewed,",us1000734c,",20,10,6,0.6741555555555556,MEDIUM,1,0,0.47000000000000003,0.9857142857142858,6.307142857142857
2023-07-19 00:48:53.598,south of the Fiji Islands,4.7,522.971,-179.9646,-24.3651,earthquake,,0,reviewed,",us6000kvws,",0,7,2,0.446095,MEDIUM,1,1,0.47000000000000003,0.2528985714285714,4.108695714285714
2017-08-07 12:02:50.860,"155 km SSW of Lorengau, Papua New Guinea",5.5,10.0,146.8642,-3.3805,earthquake,green,0,reviewed,",us2000a5hd,",12,8,0,0.9234916666666667,MEDIUM,1,0,0.55,0.9857142857142858,6.707142857142857
2019-01-09 00:18:22.980,"129 km SSW of Merizo Village, Guam",4.7,10.0,144.0206,12.2861,earthquake,,0,reviewed,",us2000j1kb,",0,1,2,0.6720472222222222,MEDIUM,1,0,0.47000000000000003,0.9857142857142858,6.307142857142857
2023-09-05 07:22:06.736,"147 km SSE of Ishigaki, Japan",4.8,10.0,124.4637,23.0443,earthquake,,0,reviewed,",us7000ktcf,",7,9,1,2.8172669444444445,MEDIUM,1,0,0.48,0.9857142857142858,6.357142857142857
2016-12-28 13:46:14.450,"Volcano Islands, Japan region",4.8,203.51,141.1017,25.2398,earthquake,,0,reviewed,",us10007nb4,",13,12,2,0.8839,MEDIUM,1,0,0.48,0.7092714285714286,5.527814285714285
2021-08-25 18:08:21.674,South Sandwich Islands region,4.5,10.0,-23.7753,-59.4686,earthquake,,0,reviewed,",us7000f7gz,",18,8,2,1.633373888888889,MEDIUM,1,0,0.45,0.9857142857142858,6.207142857142856
2019-10-21 15:34:44.362,"42 km E of Santiago, Philippines",4.7,70.37,126.9596,7.2656,earthquake,,0,reviewed,",us70006174,",15,10,0,0.36057249999999996,MEDIUM,1,0,0.47000000000000003,0.8994714285714286,6.048414285714285
2024-02-03 13:26:27.753,"129 km WNW of Aykol, China",4.5,10.0,78.6354,41.223,earthquake,,0,reviewed,",us7000lwqi,",13,2,5,0.3927322222222222,MEDIUM,1,0,0.45,0.9857142857142858,6.207142857142856
2018-10-02 21:06:56.540,"16 km SSE of Palu, Indonesia",4.8,14.62,119.9488,-1.0393,earthquake,,0,reviewed,",us1000h5x5,",21,10,1,1.7382277777777777,MEDIUM,1,0,0.48,0.9791142857142857,6.337342857142857
2020-02-14 16:02:16.346,"38 km NW of Karpathos, Greece",4.9,14.48,26.951,35.7767,earthquake,,0,reviewed,",us70007q3r,",16,2,4,0.36616333333333334,MEDIUM,1,0,0.49000000000000005,0.9793142857142857,6.387942857142857
2018-10-19 15:20:27.690,south of the Fiji Islands,5.3,479.47,-179.9897,-24.7582,earthquake,,0,reviewed,",us1000hehh,",15,10,4,1.6404444444444446,MEDIUM,1,1,0.53,0.31504285714285707,4.595128571428572
2017-04-03 02:45:08.800,"8 km WSW of Hato Mayor del Rey, Dominican Republic",4.6,90.88,-69.3395,18.7451,earthquake,green,1,reviewed,",us10008e09,at00ontbn9,pr17093000,",2,4,0,0.6208527777777778,MEDIUM,1,0,0.45999999999999996,0.8701714285714286,5.910514285714285
2017-02-28 04:56:28.440,"30 km E of San Fernando, Peru",4.6,165.87,-74.2604,-8.3742,earthquake,,0,reviewed,",us20008mvd,",4,2,1,1.1017194444444445,MEDIUM,1,0,0.45999999999999996,0.7630428571428571,5.589128571428571
2019-12-28 22:49:15.959,"Kermadec Islands, New Zealand",5.2,10.0,-177.5618,-30.3893,earthquake,,0,reviewed,",us70006s0k,",22,12,5,0.15368916666666665,MEDIUM,1,1,0.52,0.9857142857142858,6.557142857142857
2021-06-21 01:44:11.545,"Pagan region, Northern Mariana Islands",5.5,223.64,145.4174,18.8865,earthquake,green,0,reviewed,",usauto7000eeu6,us7000eeu6,",1,6,0,0.3044675,MEDIUM,1,0,0.55,0.6805142857142857,5.791542857142858
2018-10-12 13:42:02.920,Vanuatu region,4.5,638.06,170.2426,-14.7887,earthquake,,0,reviewed,",us1000hde2,",13,10,4,0.74615,MEDIUM,1,0,0.45,0.08848571428571439,3.5154571428571435
2024-12-27 15:46:41.235,"100 km SSE of Shikotan, Russia",4.6,10.0,146.9645,42.9153,earthquake,,0,reviewed,",us6000pfxu,",15,12,4,0.33724583333333336,MEDIUM,1,0,0.45999999999999996,0.9857142857142858,6.257142857142856
2020-10-19 13:18:52.351,"37 km ENE of Santa Rosa, Peru",4.6,50.34,-74.5704,-10.7872,earthquake,,0,reviewed,",us6000c9ew,",13,10,0,0.9657483333333333,MEDIUM,1,0,0.45999999999999996,0.9280857142857143,6.084257142857142
2015-11-23 13:55:40.920,south of Africa,4.7,10.0,22.0142,-52.9876,earthquake,,0,reviewed,",us100041j9,",13,11,0,1.025363888888889,MEDIUM,1,0,0.47000000000000003,0.9857142857142858,6.307142857142857
2020-07-13 01:28:01.848,"33 km N of Huocheng, China",4.5,10.0,80.8382,44.3531,earthquake,,0,reviewed,",us7000amis,",1,7,0,0.4876455555555555,MEDIUM,1,0,0.45,0.9857142857142858,6.207142857142856
2018-07-13 17:03:34.110,South Sandwich Islands region,4.9,44.69,-25.6777,-58.6489,earthquake,,0,reviewed,",us2000g4by,",17,7,4,4.348002777777777,MEDIUM,1,0,0.49000000000000005,0.9361571428571429,6.258471428571428
2015-05-04 01:15:07.070,"36 km S of Kod?ri??, Nepal",4.5,10.0,85.9746,27.6326,earthquake,,0,reviewed,",us20002b2y,",1,5,0,0.17147222222222222,MEDIUM,1,0,0.45,0.9857142857142858,6.207142857142856
2022-12-24 17:20:07.349,"Kermadec Islands, New Zealand",4.5,47.9,-177.4192,-30.1552,earthquake,,0,reviewed,",us7000j2bm,",17,12,5,3.9245072222222226,MEDIUM,1,1,0.45,0.9315714285714286,6.044714285714285
2024-11-21 15:31:49.434,"94 km WSW of Jiquilillo, Nicaragua",4.6,54.371,-88.2027,12.3167,earthquake,,0,reviewed,",us7000nwj2,",15,11,3,0.2182786111111111,MEDIUM,1,0,0.45999999999999996,0.9223271428571429,6.066981428571428
2018-05-02 15:45:30.910,"115 km WNW of Kirakira, Solomon Islands",5.3,38.75,160.9327,-10.1018,earthquake,,0,reviewed,",iscgem611923003,us1000dvxz,",15,5,2,3.471905555555556,MEDIUM,1,0,0.53,0.9446428571428571,6.483928571428571
2023-08-10 15:20:43.591,north of Svalbard,4.5,10.0,-2.7418,83.4752,earthquake,,0,reviewed,",us6000kz30,",15,8,3,2.0769647222222223,MEDIUM,1,0,0.45,0.9857142857142858,6.207142857142856
2023-10-05 16:25:57.522,"151 km SE of Lata, Solomon Islands",4.5,238.517,166.7973,-11.6714,earthquake,,0,reviewed,",us6000lejw,",16,10,3,0.014858888888888888,MEDIUM,1,0,0.45,0.6592614285714286,5.227784285714286
2016-11-13 19:28:41.880,"55 km SE of Blenheim, New Zealand",4.5,11.28,174.4654,-41.8382,earthquake,,0,reviewed,",us10007lih,",19,11,6,0.32156666666666667,MEDIUM,1,0,0.45,0.9838857142857143,6.201657142857142
2023-05-22 17:36:59.367,"50 km E of Hashtrūd, Iran",4.5,10.0,47.612,37.5455,earthquake,,0,reviewed,",us7000k30u,",17,5,0,0.3790286111111111,MEDIUM,1,0,0.45,0.9857142857142858,6.207142857142856
2018-07-24 17:22:34.740,"222 km WSW of Pistol River, Oregon",4.9,10.0,-126.9917,41.7482,earthquake,,0,reviewed,",nc73054801,us2000gcvi,",17,7,1,2.5316472222222224,MEDIUM,1,0,0.49000000000000005,0.9857142857142858,6.407142857142857
2015-07-07 20:24:19.660,south of the Fiji Islands,4.5,554.2,-179.1311,-23.0217,earthquake,,0,reviewed,",us200030fr,",20,7,1,0.35015,MEDIUM,1,1,0.45,0.20828571428571419,3.874857142857142
2020-08-25 04:40:08.884,"Bonin Islands, Japan region",4.5,387.67,140.227,27.3008,earthquake,,0,reviewed,",us7000bcfl,",4,8,1,1.0153377777777777,MEDIUM,1,0,0.45,0.4461857142857143,4.588557142857143
2016-04-27 15:32:25.690,"36 km NE of Hualien City, Taiwan",4.5,10.68,121.829,24.2392,earthquake,,0,reviewed,",us10005cwn,",15,4,2,0.0797888888888889,MEDIUM,1,0,0.45,0.9847428571428571,6.204228571428572
2018-04-14 08:17:20.910,Scotia Sea,5.1,10.0,-36.8706,-61.4122,earthquake,green,0,reviewed,",us2000e04n,",8,4,5,2.0644583333333335,MEDIUM,1,0,0.51,0.9857142857142858,6.507142857142857
2022-04-14 18:25:31.174,"17 km NE of Iwaki, Japan",4.5,68.07,141.0048,37.1773,earthquake,,0,reviewed,",us7000h2bg,",18,4,3,0.5645094444444444,MEDIUM,1,0,0.45,0.9027571428571428,5.958271428571428
2021-08-14 00:16:38.817,South Sandwich Islands region,5.1,35.0,-26.4957,-59.7976,earthquake,,0,reviewed,",us6000f5yg,",0,8,5,0.13322111111111112,MEDIUM,1,0,0.51,0.95,6.4
2020-08-03 08:31:10.259,"270 km NE of Saipan, Northern Mariana Islands",5.4,10.0,147.3479,17.1128,earthquake,green,0,reviewed,",pt20216000,us6000b8mj,at00qehbnw,",8,8,0,0.008466388888888888,MEDIUM,1,0,0.54,0.9857142857142858,6.657142857142857
